hour_timestamp,asset_id,minute_readings,avg_temperature_c,max_temperature_c,avg_vibration_mm_s,max_vibration_mm_s,avg_pressure_bar,avg_flow_rate_m3_h,avg_electrical_current_a,avg_ambient_temperature_c,anomaly_minutes,quality_issue_minutes
2026-05-27 18:00:00,A-001,60,52.505,52.625,1.3483,1.3532,8.635,98.611,37.301,28.145,0,0
2026-05-27 19:00:00,A-001,60,52.679,52.783,1.3409,1.3534,8.602,98.705,37.706,28.3,0,0
2026-05-27 20:00:00,A-001,60,52.83,52.929,1.3315,1.3509,8.573,98.795,38.111,28.449,0,0
2026-05-27 21:00:00,A-001,60,53.013,53.144,1.3272,1.3461,8.537,98.883,38.518,28.596,0,0
2026-05-27 22:00:00,A-001,60,53.194,53.296,1.3163,1.3335,8.509,98.973,38.927,28.748,0,0
2026-05-27 23:00:00,A-001,60,53.35,53.437,1.3103,1.3222,8.475,99.068,39.336,28.904,0,0
2026-05-28 00:00:00,A-001,60,53.543,53.68,1.3044,1.3107,8.514,98.465,39.651,28.95,0,0
2026-05-28 01:00:00,A-001,60,53.751,53.866,1.3014,1.3149,8.623,97.125,39.872,28.891,0,0
2026-05-28 02:00:00,A-001,60,53.937,54.039,1.2963,1.3151,8.736,95.78,40.094,28.827,0,0
2026-05-28 03:00:00,A-001,60,54.155,54.303,1.2963,1.3136,8.842,94.432,40.318,28.762,0,0
2026-05-28 04:00:00,A-001,60,54.371,54.489,1.2897,1.3059,8.956,93.088,40.544,28.7,0,0
2026-05-28 05:00:00,A-001,60,54.562,54.666,1.2881,1.2979,9.063,91.748,40.769,28.642,0,0
2026-05-28 06:00:00,A-001,60,54.43,54.67,1.2924,1.3039,9.069,90.984,40.561,28.497,0,0
2026-05-28 07:00:00,A-001,60,53.942,54.216,1.3055,1.3266,8.965,90.803,39.907,28.27,0,0
2026-05-28 08:00:00,A-001,60,53.431,53.651,1.3165,1.3389,8.864,90.616,39.254,28.038,0,0
2026-05-28 09:00:00,A-001,60,52.953,53.15,1.3327,1.3519,8.757,90.427,38.603,27.804,0,0
2026-05-28 10:00:00,A-001,60,52.472,52.756,1.3424,1.3574,8.658,90.24,37.954,27.574,0,0
2026-05-28 11:00:00,A-001,60,51.967,52.232,1.3569,1.3626,8.552,90.059,37.304,27.348,0,0
2026-05-28 12:00:00,A-001,60,51.726,51.767,1.3599,1.3653,8.55,89.852,37.059,27.225,0,0
2026-05-28 13:00:00,A-001,60,51.738,51.798,1.3539,1.3662,8.651,89.603,37.235,27.216,0,0
2026-05-28 14:00:00,A-001,60,51.727,51.818,1.3458,1.3651,8.755,89.35,37.412,27.202,0,0
2026-05-28 15:00:00,A-001,60,51.749,51.826,1.3428,1.3612,8.853,89.094,37.591,27.186,0,0
2026-05-28 16:00:00,A-001,60,51.768,51.821,1.3333,1.3501,8.958,88.841,37.772,27.175,0,0
2026-05-28 17:00:00,A-001,60,51.763,51.782,1.3286,1.3399,9.058,88.593,37.952,27.167,0,0
2026-05-28 18:00:00,A-001,60,52.012,52.289,1.3299,1.3405,9.035,89.372,38.277,27.204,0,0
2026-05-28 19:00:00,A-001,60,52.504,52.716,1.34,1.3597,8.88,91.198,38.753,27.295,0,0
2026-05-28 20:00:00,A-001,60,52.973,53.159,1.3481,1.3697,8.73,93.02,39.229,27.381,0,0
2026-05-28 21:00:00,A-001,60,53.475,53.762,1.3613,1.3793,8.573,94.839,39.709,27.465,0,0
2026-05-28 22:00:00,A-001,60,53.974,54.229,1.3679,1.3824,8.423,96.661,40.189,27.554,0,0
2026-05-28 23:00:00,A-001,60,54.449,54.691,1.3794,1.3839,8.267,98.488,40.669,27.646,0,0
2026-05-29 00:00:00,A-001,60,54.581,54.7,1.3709,1.384,8.241,99.302,40.594,27.693,0,0
2026-05-29 01:00:00,A-001,60,54.34,54.492,1.3443,1.3624,8.343,99.053,39.947,27.701,0,0
2026-05-29 02:00:00,A-001,60,54.076,54.175,1.3157,1.3432,8.449,98.8,39.301,27.704,0,0
2026-05-29 03:00:00,A-001,60,53.844,53.976,1.2922,1.3183,8.549,98.544,38.656,27.704,0,0
2026-05-29 04:00:00,A-001,60,53.61,53.774,1.2622,1.2839,8.656,98.291,38.013,27.709,0,0
2026-05-29 05:00:00,A-001,60,53.351,53.495,1.237,1.258,8.757,98.043,37.371,27.718,0,0
2026-05-29 06:00:00,A-001,60,53.134,53.23,1.2236,1.2313,8.783,97.951,36.9,27.887,0,0
2026-05-29 07:00:00,A-001,60,52.937,53.067,1.2248,1.2404,8.727,98.006,36.609,28.228,0,0
2026-05-29 08:00:00,A-001,60,52.718,52.807,1.224,1.2435,8.675,98.056,36.319,28.564,0,0
2026-05-29 09:00:00,A-001,60,52.531,52.652,1.2284,1.2441,8.616,98.103,36.032,28.898,0,0
2026-05-29 10:00:00,A-001,60,52.342,52.486,1.2262,1.2414,8.565,98.153,35.745,29.237,0,0
2026-05-29 11:00:00,A-001,60,52.128,52.25,1.2289,1.2367,8.507,98.209,35.459,29.579,0,0
2026-05-29 12:00:00,A-001,60,52.123,52.25,1.2588,1.2868,8.448,97.464,35.661,29.639,0,0
2026-05-29 13:00:00,A-001,60,52.312,52.42,1.3196,1.3637,8.382,95.877,36.368,29.415,0,0
2026-05-29 14:00:00,A-001,60,52.477,52.578,1.3783,1.4123,8.32,94.285,37.077,29.186,0,0
2026-05-29 15:00:00,A-001,60,52.676,52.814,1.4422,1.4802,8.251,92.691,37.787,28.955,0,0
2026-05-29 16:00:00,A-001,60,52.871,52.98,1.4995,1.537,8.19,91.1,38.5,28.729,0,0
2026-05-29 17:00:00,A-001,60,53.043,53.136,1.5616,1.5908,8.122,89.513,39.212,28.506,0,0
2026-05-29 18:00:00,A-001,60,53.138,53.171,1.5763,1.592,8.094,88.958,39.295,28.483,0,0
2026-05-29 19:00:00,A-001,60,53.133,53.189,1.5446,1.5643,8.101,89.455,38.731,28.674,0,0
2026-05-29 20:00:00,A-001,60,53.106,53.196,1.5108,1.5409,8.113,89.946,38.168,28.86,0,0
2026-05-29 21:00:00,A-001,60,53.111,53.191,1.4822,1.5103,8.117,90.435,37.607,29.045,0,0
2026-05-29 22:00:00,A-001,60,53.113,53.173,1.447,1.4699,8.129,90.927,37.048,29.233,0,0
2026-05-29 23:00:00,A-001,60,53.091,53.119,1.4167,1.4401,8.135,91.424,36.488,29.425,0,0
2026-05-30 00:00:00,A-001,60,53.218,53.381,1.4209,1.4425,8.166,92.21,36.188,29.354,0,0
2026-05-30 01:00:00,A-001,60,53.478,53.609,1.4635,1.4987,8.216,93.28,36.159,29.019,0,0
2026-05-30 02:00:00,A-001,60,53.716,53.822,1.504,1.5335,8.27,94.345,36.131,28.678,0,0
2026-05-30 03:00:00,A-001,60,53.986,54.159,1.5497,1.5805,8.318,95.407,36.105,28.336,0,0
2026-05-30 04:00:00,A-001,60,54.253,54.394,1.5889,1.6175,8.374,96.472,36.081,27.997,0,0
2026-05-30 05:00:00,A-001,60,54.496,54.625,1.6329,1.6531,8.423,97.543,36.056,27.663,0,0
2026-05-30 06:00:00,A-001,60,54.47,54.63,1.649,1.654,8.409,98.227,36.283,27.458,0,0
2026-05-30 07:00:00,A-001,60,54.146,54.339,1.6389,1.6522,8.325,98.499,36.772,27.394,0,0
2026-05-30 08:00:00,A-001,60,53.798,53.938,1.6268,1.6467,8.244,98.765,37.263,27.325,0,0
2026-05-30 09:00:00,A-001,60,53.483,53.635,1.6199,1.6397,8.157,99.03,37.755,27.254,0,60
2026-05-30 10:00:00,A-001,60,53.165,53.37,1.6063,1.6241,8.077,99.297,38.249,27.188,0,60
2026-05-30 11:00:00,A-001,60,52.824,53.009,1.5976,1.6108,7.992,99.569,38.743,27.125,0,60
2026-05-30 12:00:00,A-001,60,52.606,52.66,1.5669,1.592,8.002,98.829,38.801,27.234,0,60
2026-05-30 13:00:00,A-001,60,52.497,52.584,1.516,1.5416,8.106,97.029,38.41,27.528,0,60
2026-05-30 14:00:00,A-001,60,52.364,52.453,1.4631,1.5026,8.213,95.223,38.02,27.818,0,60
2026-05-30 15:00:00,A-001,60,52.264,52.366,1.4153,1.4509,8.315,93.416,37.632,28.105,0,0
2026-05-30 16:00:00,A-001,60,52.161,52.266,1.3609,1.3885,8.423,91.611,37.246,28.397,0,0
2026-05-30 17:00:00,A-001,60,52.034,52.114,1.3114,1.3441,8.526,89.812,36.86,28.693,0,0
2026-05-30 18:00:00,A-001,60,52.162,52.379,1.3064,1.3283,8.579,89.46,36.603,28.822,0,0
2026-05-30 19:00:00,A-001,60,52.533,52.699,1.35,1.3857,8.577,90.592,36.483,28.786,0,0
2026-05-30 20:00:00,A-001,60,52.88,53.006,1.3915,1.4212,8.578,91.718,36.363,28.746,0,0
2026-05-30 21:00:00,A-001,60,53.26,53.487,1.4382,1.4694,8.572,92.843,36.245,28.703,0,0
2026-05-30 22:00:00,A-001,60,53.637,53.832,1.4784,1.5075,8.574,93.969,36.129,28.665,0,0
2026-05-30 23:00:00,A-001,60,53.99,54.173,1.5234,1.5441,8.57,95.101,36.013,28.63,0,0
2026-05-31 00:00:00,A-001,60,54.038,54.18,1.5459,1.5538,8.555,95.919,36.011,28.696,0,0
2026-05-31 01:00:00,A-001,60,53.748,53.924,1.5478,1.5637,8.524,96.397,36.131,28.872,0,0
2026-05-31 02:00:00,A-001,60,53.436,53.558,1.5477,1.5674,8.497,96.87,36.251,29.043,0,0
2026-05-31 03:00:00,A-001,60,53.155,53.299,1.5528,1.5682,8.463,97.341,36.373,29.212,0,0
2026-05-31 04:00:00,A-001,60,52.873,53.06,1.5512,1.5663,8.437,97.815,36.497,29.386,0,0
2026-05-31 05:00:00,A-001,60,52.566,52.734,1.5545,1.5621,8.405,98.294,36.621,29.563,0,0
2026-05-31 06:00:00,A-001,60,52.415,52.446,1.5508,1.5554,8.435,98.449,36.692,29.509,0,0
2026-05-31 07:00:00,A-001,60,52.406,52.46,1.5424,1.5552,8.526,98.255,36.711,29.223,0,0
2026-05-31 08:00:00,A-001,60,52.373,52.464,1.532,1.5516,8.62,98.057,36.732,28.933,0,0
2026-05-31 09:00:00,A-001,60,52.373,52.455,1.5267,1.5459,8.708,97.856,36.754,28.64,0,0
2026-05-31 10:00:00,A-001,60,52.37,52.433,1.5148,1.5322,8.804,97.658,36.778,28.352,0,0
2026-05-31 11:00:00,A-001,60,52.344,52.374,1.5078,1.5202,8.893,97.465,36.802,28.067,0,0
2026-05-31 12:00:00,A-001,60,52.507,52.708,1.4895,1.503,8.875,96.822,36.815,28.071,0,0
2026-05-31 13:00:00,A-001,60,52.845,53.001,1.4623,1.4806,8.74,95.698,36.819,28.381,0,0
2026-05-31 14:00:00,A-001,60,53.161,53.274,1.433,1.4609,8.61,94.569,36.824,28.685,0,0
2026-05-31 15:00:00,A-001,60,53.509,53.721,1.4089,1.4353,8.472,93.439,36.832,28.988,0,0
2026-05-31 16:00:00,A-001,60,53.855,54.035,1.3782,1.4,8.343,92.311,36.841,29.294,0,0
2026-05-31 17:00:00,A-001,60,54.177,54.344,1.3524,1.3737,8.207,91.188,36.849,29.605,0,0
2026-05-31 18:00:00,A-001,60,54.161,54.35,1.3558,1.3752,8.23,91.189,37.088,29.652,0,0
2026-05-31 19:00:00,A-001,60,53.776,53.999,1.3921,1.4242,8.413,92.339,37.568,29.435,0,0
2026-05-31 20:00:00,A-001,60,53.369,53.538,1.4263,1.4542,8.599,93.484,38.048,29.213,0,0
2026-05-31 21:00:00,A-001,60,52.994,53.162,1.4656,1.4939,8.778,94.627,38.53,28.989,0,0
2026-05-31 22:00:00,A-001,60,52.616,52.85,1.4984,1.524,8.965,95.772,39.014,28.769,0,0
2026-05-31 23:00:00,A-001,60,52.214,52.429,1.5361,1.5532,9.146,96.922,39.498,28.553,0,0
2026-06-01 00:00:00,A-001,60,52.083,52.181,1.556,1.5646,9.223,97.338,39.613,28.545,0,0
2026-06-01 01:00:00,A-001,60,52.212,52.303,1.5601,1.5769,9.187,96.982,39.349,28.762,0,0
2026-06-01 02:00:00,A-001,60,52.318,52.414,1.5621,1.5823,9.155,96.62,39.086,28.973,0,0
2026-06-01 03:00:00,A-001,60,52.456,52.565,1.5693,1.585,9.116,96.256,38.825,29.182,0,0
2026-06-01 04:00:00,A-001,60,52.592,52.675,1.5699,1.5845,9.085,95.894,38.565,29.395,0,0
2026-06-01 05:00:00,A-001,60,52.703,52.767,1.5754,1.582,9.047,95.538,38.306,29.612,0,0
2026-06-01 06:00:00,A-001,60,52.751,52.77,1.5589,1.577,8.971,95.576,38.094,29.676,0,0
2026-06-01 07:00:00,A-001,60,52.711,52.764,1.5221,1.5434,8.85,96.008,37.935,29.589,0,0
2026-06-01 08:00:00,A-001,60,52.649,52.738,1.4834,1.5159,8.733,96.434,37.777,29.497,0,0
2026-06-01 09:00:00,A-001,60,52.618,52.706,1.4497,1.4798,8.609,96.858,37.621,29.403,0,0
2026-06-01 10:00:00,A-001,60,52.585,52.661,1.4095,1.4337,8.493,97.285,37.467,29.313,0,0
2026-06-01 11:00:00,A-001,60,52.529,52.574,1.3742,1.4,8.37,97.717,37.312,29.227,0,0
2026-06-01 12:00:00,A-001,60,52.665,52.855,1.3503,1.355,8.365,97.907,37.068,29.096,0,0
2026-06-01 13:00:00,A-001,60,52.981,53.129,1.3409,1.354,8.476,97.832,36.732,28.927,0,0
2026-06-01 14:00:00,A-001,60,53.273,53.384,1.3295,1.3492,8.59,97.752,36.397,28.753,0,0
2026-06-01 15:00:00,A-001,60,53.598,53.798,1.3232,1.3428,8.698,97.669,36.064,28.578,0,0
2026-06-01 16:00:00,A-001,60,53.92,54.088,1.3103,1.3279,8.813,97.59,35.733,28.406,0,0
2026-06-01 17:00:00,A-001,60,54.218,54.374,1.3023,1.3151,8.923,97.515,35.402,28.238,0,0
2026-06-01 18:00:00,A-001,60,54.4,54.454,1.325,1.3517,8.915,97.138,35.526,28.249,0,0
2026-06-01 19:00:00,A-001,60,54.44,54.507,1.3821,1.4244,8.78,96.435,36.122,28.452,0,0
2026-06-01 20:00:00,A-001,60,54.458,54.55,1.4372,1.4702,8.65,95.726,36.718,28.649,0,0
2026-06-01 21:00:00,A-001,60,54.508,54.58,1.4974,1.5339,8.512,95.015,37.318,28.845,0,0
2026-06-01 22:00:00,A-001,60,54.555,54.603,1.551,1.5868,8.383,94.307,37.918,29.045,0,0
2026-06-01 23:00:00,A-001,60,54.578,54.602,1.6095,1.6369,8.247,93.604,38.518,29.249,0,0
2026-06-02 00:00:00,A-001,60,54.491,54.6,1.6252,1.638,8.165,93.391,38.628,29.441,0,0
2026-06-02 01:00:00,A-001,60,54.27,54.412,1.5993,1.6172,8.132,93.669,38.232,29.627,0,0
2026-06-02 02:00:00,A-001,60,54.026,54.115,1.5714,1.5986,8.103,93.942,37.838,29.808,0,0
2026-06-02 03:00:00,A-001,60,53.814,53.941,1.5486,1.5744,8.067,94.213,37.445,29.987,0,0
2026-06-02 04:00:00,A-001,60,53.599,53.755,1.5192,1.5407,8.04,94.487,37.054,30.17,0,0
2026-06-02 05:00:00,A-001,60,53.361,53.495,1.4947,1.5154,8.005,94.765,36.663,30.358,0,0
2026-06-02 06:00:00,A-001,60,53.367,53.519,1.4721,1.481,8.022,94.809,36.716,30.25,0,0
2026-06-02 07:00:00,A-001,60,53.606,53.73,1.4542,1.4698,8.086,94.595,37.232,29.844,0,0
2026-06-02 08:00:00,A-001,60,53.822,53.926,1.4343,1.4576,8.154,94.377,37.749,29.434,0,0
2026-06-02 09:00:00,A-001,60,54.07,54.233,1.4195,1.4423,8.215,94.156,38.268,29.021,0,0
2026-06-02 10:00:00,A-001,60,54.316,54.447,1.3981,1.4177,8.284,93.938,38.789,28.613,0,0
2026-06-02 11:00:00,A-001,60,54.537,54.655,1.3816,1.3985,8.346,93.725,39.309,28.208,0,0
2026-06-02 12:00:00,A-001,60,54.458,54.66,1.3599,1.372,8.447,94.041,39.245,28.136,0,0
2026-06-02 13:00:00,A-001,60,54.047,54.282,1.3353,1.3528,8.583,94.889,38.577,28.414,0,0
2026-06-02 14:00:00,A-001,60,53.612,53.795,1.3087,1.3352,8.722,95.732,37.911,28.686,0,0
2026-06-02 15:00:00,A-001,60,53.211,53.386,1.2872,1.3125,8.855,96.573,37.246,28.957,0,0
2026-06-02 16:00:00,A-001,60,52.806,53.053,1.2592,1.2804,8.996,97.417,36.584,29.232,0,0
2026-06-02 17:00:00,A-001,60,52.378,52.605,1.236,1.2561,9.13,98.266,35.921,29.511,0,0
2026-06-02 18:00:00,A-001,60,52.167,52.199,1.261,1.295,9.203,98.187,35.622,29.705,0,0
2026-06-02 19:00:00,A-001,60,52.161,52.216,1.3385,1.3908,9.209,97.135,35.701,29.82,0,0
2026-06-02 20:00:00,A-001,60,52.132,52.222,1.4138,1.4521,9.218,96.078,35.781,29.929,0,0
2026-06-02 21:00:00,A-001,60,52.135,52.216,1.4944,1.5392,9.221,95.019,35.863,30.037,0,0
2026-06-02 22:00:00,A-001,60,52.135,52.197,1.5683,1.6141,9.232,93.963,35.947,30.148,0,0
2026-06-02 23:00:00,A-001,60,52.112,52.14,1.6472,1.6846,9.236,92.911,36.031,30.264,0,0
2026-06-03 00:00:00,A-001,60,52.166,52.256,1.668,1.686,9.228,92.558,36.213,30.243,0,0
2026-06-03 01:00:00,A-001,60,52.28,52.366,1.6317,1.6528,9.202,92.911,36.499,30.087,0,0
2026-06-03 02:00:00,A-001,60,52.371,52.466,1.5932,1.6256,9.18,93.259,36.786,29.927,0,0
2026-06-03 03:00:00,A-001,60,52.494,52.595,1.5599,1.5899,9.151,93.605,37.075,29.764,0,0
2026-06-03 04:00:00,A-001,60,52.614,52.691,1.52,1.5441,9.129,93.953,37.366,29.606,0,0
2026-06-03 05:00:00,A-001,60,52.711,52.768,1.485,1.5107,9.102,94.307,37.656,29.451,0,0
2026-06-03 06:00:00,A-001,60,52.809,52.882,1.4609,1.466,9.058,94.92,38.056,29.425,0,0
2026-06-03 07:00:00,A-001,60,52.887,52.965,1.4507,1.464,8.992,95.786,38.572,29.537,0,0
2026-06-03 08:00:00,A-001,60,52.943,53.037,1.4384,1.4583,8.93,96.648,39.089,29.645,0,0
2026-06-03 09:00:00,A-001,60,53.032,53.115,1.4313,1.4512,8.861,97.507,39.608,29.751,0,60
2026-06-03 10:00:00,A-001,60,53.117,53.18,1.4176,1.4354,8.8,98.369,40.129,29.861,0,60
2026-06-03 11:00:00,A-001,60,53.179,53.218,1.4087,1.422,8.732,99.236,40.649,29.975,0,60
2026-06-03 12:00:00,A-001,60,53.183,53.22,1.4098,1.4216,8.666,98.968,40.751,30.117,0,60
2026-06-03 13:00:00,A-001,60,53.109,53.179,1.4237,1.4453,8.595,97.511,40.422,30.294,0,60
2026-06-03 14:00:00,A-001,60,53.011,53.1,1.4356,1.4582,8.527,96.049,40.094,30.467,0,60
2026-06-03 15:00:00,A-001,60,52.946,53.041,1.4527,1.4722,8.453,94.585,39.768,30.638,0,0
2026-06-03 16:00:00,A-001,60,52.878,52.968,1.4631,1.4782,8.387,93.123,39.443,30.813,0,0
2026-06-03 17:00:00,A-001,60,52.787,52.849,1.4784,1.4846,8.315,91.667,39.119,30.992,0,0
2026-06-03 18:00:00,A-001,60,52.885,53.055,1.4864,1.4946,8.363,91.394,38.68,31.075,0,0
2026-06-03 19:00:00,A-001,60,53.161,53.296,1.4893,1.5057,8.53,92.331,38.126,31.066,0,0
2026-06-03 20:00:00,A-001,60,53.413,53.52,1.4902,1.5101,8.701,93.262,37.573,31.052,0,0
2026-06-03 21:00:00,A-001,60,53.698,53.879,1.4963,1.5117,8.866,94.192,37.022,31.036,0,0
2026-06-03 22:00:00,A-001,60,53.98,54.129,1.4957,1.5105,9.038,95.124,36.473,31.025,0,0
2026-06-03 23:00:00,A-001,60,54.239,54.375,1.5,1.5071,9.204,96.061,35.923,31.017,0,0
2026-06-04 00:00:00,A-001,60,54.397,54.448,1.5021,1.5102,9.202,95.914,35.686,30.994,0,0
2026-06-04 01:00:00,A-001,60,54.43,54.496,1.5046,1.5207,9.02,94.632,35.773,30.964,0,0
2026-06-04 02:00:00,A-001,60,54.441,54.533,1.505,1.5247,8.843,93.345,35.862,30.928,0,0
2026-06-04 03:00:00,A-001,60,54.484,54.558,1.5105,1.5259,8.659,92.056,35.953,30.891,0,0
2026-06-04 04:00:00,A-001,60,54.525,54.571,1.5094,1.5244,8.483,90.77,36.045,30.857,0,0
2026-06-04 05:00:00,A-001,60,54.542,54.564,1.5133,1.5206,8.301,89.488,36.137,30.828,0,0
2026-06-04 06:00:00,A-001,60,54.409,54.56,1.5133,1.5202,8.27,89.131,36.504,30.757,0,0
2026-06-04 07:00:00,A-001,60,54.101,54.286,1.5121,1.5265,8.391,89.716,37.159,30.652,0,0
2026-06-04 08:00:00,A-001,60,53.77,53.901,1.5088,1.5277,8.515,90.296,37.814,30.541,0,0
2026-06-04 09:00:00,A-001,60,53.471,53.619,1.5107,1.5273,8.633,90.874,38.471,30.429,0,0
2026-06-04 10:00:00,A-001,60,53.17,53.366,1.506,1.5218,8.758,91.454,39.13,30.32,0,0
2026-06-04 11:00:00,A-001,60,52.845,53.022,1.5062,1.5152,8.877,92.039,39.789,30.216,0,0
2026-06-04 12:00:00,A-001,60,52.86,53.064,1.4956,1.505,8.907,92.41,39.996,30.056,0,0
2026-06-04 13:00:00,A-001,60,53.205,53.364,1.4765,1.4924,8.837,92.545,39.739,29.845,0,0
2026-06-04 14:00:00,A-001,60,53.528,53.642,1.4554,1.4792,8.771,92.675,39.482,29.63,0,0
2026-06-04 15:00:00,A-001,60,53.883,54.098,1.4394,1.4627,8.699,92.802,39.228,29.412,0,0
2026-06-04 16:00:00,A-001,60,54.235,54.418,1.4169,1.4368,8.635,92.933,38.975,29.199,0,0
2026-06-04 17:00:00,A-001,60,54.563,54.734,1.3992,1.4167,8.564,93.068,38.722,28.989,0,0
2026-06-04 18:00:00,A-001,60,54.725,54.745,1.3891,1.3966,8.479,93.61,38.615,28.871,0,0
2026-06-04 19:00:00,A-001,60,54.693,54.742,1.3896,1.4047,8.375,94.558,38.661,28.854,0,0
2026-06-04 20:00:00,A-001,60,54.639,54.729,1.388,1.4073,8.274,95.501,38.708,28.831,0,0
2026-06-04 21:00:00,A-001,60,54.617,54.703,1.3915,1.4075,8.167,96.442,38.757,28.807,0,0
2026-06-04 22:00:00,A-001,60,54.593,54.665,1.3885,1.4039,8.068,97.386,38.808,28.787,0,0
2026-06-04 23:00:00,A-001,60,54.544,54.585,1.3903,1.3986,7.962,98.335,38.858,28.771,0,0
2026-06-05 00:00:00,A-001,60,54.434,54.53,1.4007,1.4153,7.922,98.353,39.033,28.951,0,0
2026-06-05 01:00:00,A-001,60,54.237,54.367,1.4227,1.448,7.944,97.397,39.339,29.343,0,0
2026-06-05 02:00:00,A-001,60,54.018,54.107,1.4425,1.467,7.97,96.435,39.646,29.729,0,0
2026-06-05 03:00:00,A-001,60,53.831,53.952,1.4676,1.4902,7.989,95.471,39.955,30.113,0,0
2026-06-05 04:00:00,A-001,60,53.642,53.786,1.486,1.5045,8.016,94.509,40.266,30.501,0,0
2026-06-05 05:00:00,A-001,60,53.428,53.55,1.5094,1.5195,8.037,93.553,40.576,30.893,0,0
2026-06-05 06:00:00,A-001,60,53.225,53.33,1.5191,1.5258,8.107,93.079,40.4,31.082,0,0
2026-06-05 07:00:00,A-001,60,53.01,53.149,1.5174,1.5315,8.223,93.089,39.722,31.068,0,0
2026-06-05 08:00:00,A-001,60,52.773,52.861,1.5136,1.5323,8.343,93.093,39.046,31.05,0,0
2026-06-05 09:00:00,A-001,60,52.567,52.692,1.5149,1.5317,8.455,93.096,38.371,31.029,0,0
2026-06-05 10:00:00,A-001,60,52.359,52.512,1.5097,1.5256,8.576,93.101,37.699,31.012,0,0
2026-06-05 11:00:00,A-001,60,52.128,52.259,1.5094,1.5186,8.69,93.112,37.026,30.999,0,0
2026-06-05 12:00:00,A-001,60,52.063,52.14,1.4931,1.508,8.794,93.136,36.985,30.905,0,0
2026-06-05 13:00:00,A-001,60,52.15,52.229,1.4629,1.4821,8.881,93.161,37.599,30.732,0,0
2026-06-05 14:00:00,A-001,60,52.214,52.308,1.4306,1.4599,8.972,93.181,38.214,30.555,0,0
2026-06-05 15:00:00,A-001,60,52.311,52.399,1.4034,1.431,9.056,93.198,38.832,30.376,0,0
2026-06-05 16:00:00,A-001,60,52.404,52.471,1.3697,1.3923,9.149,93.219,39.45,30.201,0,0
2026-06-05 17:00:00,A-001,60,52.474,52.518,1.3409,1.3636,9.234,93.244,40.069,30.03,0,0
2026-06-05 18:00:00,A-001,60,52.504,52.523,1.3347,1.3485,9.241,93.608,40.132,30.08,0,0
2026-06-05 19:00:00,A-001,60,52.471,52.521,1.3544,1.3788,9.16,94.308,39.623,30.366,0,0
2026-06-05 20:00:00,A-001,60,52.415,52.505,1.3721,1.3961,9.082,95.003,39.115,30.647,0,0
2026-06-05 21:00:00,A-001,60,52.392,52.478,1.395,1.4168,8.999,95.695,38.609,30.926,0,0
2026-06-05 22:00:00,A-001,60,52.365,52.438,1.4113,1.4287,8.922,96.391,38.105,31.21,0,0
2026-06-05 23:00:00,A-001,60,52.315,52.357,1.4325,1.4415,8.84,97.091,37.6,31.497,0,0
2026-06-06 00:00:00,A-001,60,52.399,52.532,1.4393,1.4448,8.812,96.954,37.157,31.643,0,0
2026-06-06 01:00:00,A-001,60,52.599,52.711,1.4339,1.4463,8.836,95.937,36.78,31.651,0,0
2026-06-06 02:00:00,A-001,60,52.777,52.878,1.4264,1.4456,8.864,94.915,36.403,31.654,0,0
2026-06-06 03:00:00,A-001,60,52.986,53.13,1.4241,1.4423,8.885,93.891,36.029,31.654,0,0
2026-06-06 04:00:00,A-001,60,53.193,53.307,1.4153,1.432,8.914,92.87,35.656,31.659,0,0
2026-06-06 05:00:00,A-001,60,53.377,53.476,1.4113,1.4222,8.937,91.854,35.283,31.668,0,0
2026-06-06 06:00:00,A-001,60,53.525,53.604,1.4098,1.4183,8.961,91.856,35.321,31.567,0,0
2026-06-06 07:00:00,A-001,60,53.615,53.695,1.4136,1.4303,8.981,92.898,35.785,31.358,0,0
2026-06-06 08:00:00,A-001,60,53.682,53.777,1.4153,1.4354,9.006,93.934,36.25,31.144,0,0
2026-06-06 09:00:00,A-001,60,53.782,53.872,1.4222,1.4377,9.024,94.968,36.718,30.928,0,0
2026-06-06 10:00:00,A-001,60,53.879,53.947,1.4224,1.4371,9.049,96.005,37.187,30.716,0,0
2026-06-06 11:00:00,A-001,60,53.953,53.998,1.4276,1.4343,9.068,97.047,37.655,30.508,0,0
2026-06-06 12:00:00,A-001,60,54.031,54.097,1.4301,1.4382,9.074,97.476,37.772,30.505,0,0
2026-06-06 13:00:00,A-001,60,54.095,54.168,1.4326,1.4487,9.062,97.256,37.526,30.722,0,0
2026-06-06 14:00:00,A-001,60,54.136,54.229,1.433,1.4527,9.053,97.03,37.281,30.933,0,0
2026-06-06 15:00:00,A-001,60,54.209,54.286,1.4385,1.4539,9.037,96.803,37.039,31.142,0,0
2026-06-06 16:00:00,A-001,60,54.28,54.337,1.4374,1.4524,9.029,96.578,36.798,31.355,0,0
2026-06-06 17:00:00,A-001,60,54.326,54.358,1.4413,1.4486,9.015,96.359,36.556,31.572,0,0
2026-06-06 18:00:00,A-001,60,54.169,54.36,1.4283,1.442,9.02,95.919,36.464,31.599,0,0
2026-06-06 19:00:00,A-001,60,53.781,54.006,1.4006,1.4191,9.039,95.239,36.529,31.437,0,0
2026-06-06 20:00:00,A-001,60,53.371,53.541,1.3708,1.3989,9.062,94.554,36.594,31.27,0,0
2026-06-06 21:00:00,A-001,60,52.992,53.161,1.3462,1.3727,9.078,93.867,36.661,31.101,0,0
2026-06-06 22:00:00,A-001,60,52.611,52.846,1.3149,1.3369,9.101,93.182,36.73,30.936,0,0
2026-06-06 23:00:00,A-001,60,52.206,52.422,1.2886,1.3102,9.119,92.502,36.799,30.775,0,0
2026-06-07 00:00:00,A-001,60,52.041,52.106,1.2905,1.3091,9.133,92.283,36.962,30.706,0,0
2026-06-07 01:00:00,A-001,60,52.103,52.175,1.3243,1.3553,9.136,92.527,37.224,30.741,0,0
2026-06-07 02:00:00,A-001,60,52.142,52.235,1.356,1.3834,9.144,92.765,37.488,30.77,0,0
2026-06-07 03:00:00,A-001,60,52.213,52.289,1.3929,1.4202,9.145,93.001,37.754,30.797,0,0
2026-06-07 04:00:00,A-001,60,52.282,52.339,1.4232,1.4475,9.154,93.239,38.021,30.829,0,0
2026-06-07 05:00:00,A-001,60,52.327,52.358,1.4584,1.4743,9.157,93.483,38.288,30.865,0,0
2026-06-07 06:00:00,A-001,60,52.537,52.749,1.4586,1.475,9.094,93.738,38.469,30.957,0,0
2026-06-07 07:00:00,A-001,60,52.898,53.061,1.4254,1.4455,8.958,93.991,38.563,31.115,0,0
2026-06-07 08:00:00,A-001,60,53.235,53.357,1.3901,1.4209,8.825,94.24,38.658,31.267,0,0
2026-06-07 09:00:00,A-001,60,53.605,53.827,1.36,1.3887,8.687,94.486,38.756,31.418,0,0
2026-06-07 10:00:00,A-001,60,53.972,54.163,1.3232,1.3465,8.555,94.734,38.855,31.573,0,0
2026-06-07 11:00:00,A-001,60,54.315,54.493,1.2914,1.3156,8.418,94.988,38.954,31.732,0,0
2026-06-07 12:00:00,A-001,60,54.508,54.551,1.2928,1.3129,8.344,94.875,39.143,31.729,0,0
2026-06-07 13:00:00,A-001,60,54.525,54.586,1.331,1.3641,8.332,94.368,39.429,31.567,0,0
2026-06-07 14:00:00,A-001,60,54.52,54.611,1.3672,1.3957,8.323,93.856,39.716,31.4,0,0
2026-06-07 15:00:00,A-001,60,54.546,54.623,1.4086,1.4377,8.307,93.342,40.005,31.231,0,0
2026-06-07 16:00:00,A-001,60,54.57,54.622,1.4434,1.4699,8.299,92.831,40.296,31.066,0,0
2026-06-07 17:00:00,A-001,60,54.57,54.59,1.4831,1.5012,8.285,92.324,40.586,30.905,0,0
2026-06-07 18:00:00,A-001,60,54.548,54.58,1.5049,1.5142,8.277,92.204,40.559,30.803,0,0
2026-06-07 19:00:00,A-001,60,54.484,54.549,1.511,1.5289,8.269,92.469,40.205,30.769,0,0
2026-06-07 20:00:00,A-001,60,54.396,54.485,1.5151,1.5357,8.265,92.729,39.851,30.73,0,0
2026-06-07 21:00:00,A-001,60,54.341,54.434,1.5243,1.5407,8.255,92.986,39.5,30.689,0,0
2026-06-07 22:00:00,A-001,60,54.283,54.369,1.5269,1.5411,8.252,93.247,39.151,30.652,0,0
2026-06-07 23:00:00,A-001,60,54.201,54.259,1.5344,1.5401,8.243,93.512,38.801,30.619,0,0
2026-06-08 00:00:00,A-001,60,54.231,54.326,1.5317,1.537,8.25,93.377,38.603,30.603,0,0
2026-06-08 01:00:00,A-001,60,54.355,54.444,1.5212,1.5346,8.269,92.813,38.564,30.611,0,0
2026-06-08 02:00:00,A-001,60,54.456,54.552,1.5086,1.5285,8.292,92.245,38.526,30.614,0,0
2026-06-08 03:00:00,A-001,60,54.589,54.695,1.5011,1.5212,8.308,91.674,38.49,30.614,0,0
2026-06-08 04:00:00,A-001,60,54.719,54.8,1.4871,1.5049,8.331,91.106,38.456,30.619,0,0
2026-06-08 05:00:00,A-001,60,54.826,54.887,1.4779,1.4913,8.349,90.543,38.421,30.628,0,0
2026-06-08 06:00:00,A-001,60,54.699,54.89,1.4689,1.4741,8.389,90.844,38.175,30.659,0,0
2026-06-08 07:00:00,A-001,60,54.309,54.534,1.4627,1.475,8.446,92.024,37.713,30.72,0,0
2026-06-08 08:00:00,A-001,60,53.896,54.068,1.4544,1.4737,8.507,93.199,37.252,30.776,0,0
2026-06-08 09:00:00,A-001,60,53.516,53.685,1.4512,1.4697,8.562,94.371,36.792,30.831,0,0
2026-06-08 10:00:00,A-001,60,53.133,53.37,1.4415,1.4584,8.624,95.546,36.335,30.889,0,0
2026-06-08 11:00:00,A-001,60,52.727,52.944,1.4367,1.448,8.68,96.727,35.877,30.951,0,0
2026-06-08 12:00:00,A-001,60,52.588,52.68,1.4544,1.4763,8.752,97.432,35.605,30.881,0,0
2026-06-08 13:00:00,A-001,60,52.705,52.792,1.498,1.5337,8.836,97.632,35.53,30.683,0,0
2026-06-08 14:00:00,A-001,60,52.799,52.895,1.5395,1.5692,8.924,97.827,35.455,30.479,0,0
2026-06-08 15:00:00,A-001,60,52.925,53.028,1.5862,1.6174,9.005,98.019,35.382,30.273,0,0
2026-06-08 16:00:00,A-001,60,53.049,53.128,1.6264,1.6555,9.094,98.215,35.311,30.071,0,0
2026-06-08 17:00:00,A-001,60,53.149,53.207,1.6714,1.6921,9.176,98.415,35.24,29.873,0,0
2026-06-08 18:00:00,A-001,60,53.187,53.21,1.6863,1.693,9.161,98.539,35.397,29.881,0,0
2026-06-08 19:00:00,A-001,60,53.141,53.197,1.673,1.6872,9.04,98.571,35.791,30.109,0,0
2026-06-08 20:00:00,A-001,60,53.072,53.162,1.6575,1.6786,8.923,98.597,36.186,30.332,0,0
2026-06-08 21:00:00,A-001,60,53.035,53.124,1.6472,1.6684,8.799,98.622,36.583,30.553,0,0
2026-06-08 22:00:00,A-001,60,52.996,53.074,1.6303,1.6489,8.683,98.649,36.982,30.778,0,0
2026-06-08 23:00:00,A-001,60,52.932,52.98,1.6183,1.6331,8.56,98.681,37.381,31.006,0,0
2026-06-09 00:00:00,A-001,60,53.059,53.242,1.6073,1.6122,8.535,97.834,37.477,31.089,0,0
2026-06-09 01:00:00,A-001,60,53.361,53.504,1.5999,1.6124,8.603,96.066,37.263,31.029,0,0
2026-06-09 02:00:00,A-001,60,53.64,53.749,1.5905,1.6099,8.676,94.292,37.05,30.963,0,0
2026-06-09 03:00:00,A-001,60,53.951,54.145,1.5862,1.6051,8.742,92.517,36.839,30.896,0,60
2026-06-09 04:00:00,A-001,60,54.26,54.422,1.5753,1.5925,8.816,90.744,36.63,30.832,0,60
2026-06-09 05:00:00,A-001,60,54.545,54.694,1.5693,1.5812,8.884,88.976,36.42,30.773,0,60
2026-06-09 06:00:00,A-001,60,54.663,54.7,1.549,1.565,8.877,88.15,36.65,30.72,0,60
2026-06-09 07:00:00,A-001,60,54.589,54.659,1.5166,1.5365,8.787,88.285,37.336,30.681,0,60
2026-06-09 08:00:00,A-001,60,54.491,54.58,1.4822,1.5126,8.702,88.415,38.023,30.637,0,60
2026-06-09 09:00:00,A-001,60,54.426,54.521,1.4529,1.4813,8.609,88.542,38.712,30.591,0,60
2026-06-09 10:00:00,A-001,60,54.358,54.448,1.417,1.4401,8.525,88.673,39.402,30.55,0,60
2026-06-09 11:00:00,A-001,60,54.267,54.329,1.386,1.4098,8.434,88.808,40.093,30.512,0,60
2026-06-09 12:00:00,A-001,60,54.269,54.342,1.3739,1.3845,8.409,89.321,40.104,30.553,0,60
2026-06-09 13:00:00,A-001,60,54.347,54.425,1.384,1.4037,8.446,90.211,39.415,30.682,0,60
2026-06-09 14:00:00,A-001,60,54.403,54.497,1.3921,1.4137,8.487,91.096,38.727,30.807,0,60
2026-06-09 15:00:00,A-001,60,54.492,54.575,1.4053,1.4233,8.522,91.979,38.041,30.929,0,0
2026-06-09 16:00:00,A-001,60,54.577,54.64,1.4119,1.4264,8.564,92.864,37.356,31.056,0,0
2026-06-09 17:00:00,A-001,60,54.639,54.678,1.4234,1.4279,8.6,93.754,36.672,31.186,0,0
2026-06-09 18:00:00,A-001,60,54.517,54.68,1.4463,1.466,8.578,93.742,36.649,31.293,0,0
2026-06-09 19:00:00,A-001,60,54.186,54.382,1.4835,1.5162,8.492,92.782,37.314,31.383,0,0
2026-06-09 20:00:00,A-001,60,53.832,53.975,1.5188,1.5469,8.41,91.816,37.979,31.467,0,0
2026-06-09 21:00:00,A-001,60,53.51,53.664,1.5591,1.5878,8.321,90.849,38.646,31.55,0,60
2026-06-09 22:00:00,A-001,60,53.185,53.393,1.5929,1.6189,8.24,89.884,39.315,31.636,0,60
2026-06-09 23:00:00,A-001,60,52.837,53.025,1.6316,1.6492,8.153,88.925,39.984,31.727,0,60
2026-06-10 00:00:00,A-001,60,52.783,52.93,1.6452,1.65,8.144,88.971,39.957,31.754,0,60
2026-06-10 01:00:00,A-001,60,53.011,53.132,1.6354,1.6486,8.211,90.042,39.213,31.724,0,60
2026-06-10 02:00:00,A-001,60,53.217,53.32,1.6236,1.6434,8.282,91.109,38.47,31.688,0,60
2026-06-10 03:00:00,A-001,60,53.455,53.613,1.617,1.6368,8.346,92.173,37.729,31.651,0,0
2026-06-10 04:00:00,A-001,60,53.691,53.817,1.6038,1.6215,8.419,93.24,36.989,31.617,0,0
2026-06-10 05:00:00,A-001,60,53.902,54.016,1.5955,1.6085,8.485,94.312,36.25,31.588,0,0
2026-06-10 06:00:00,A-001,60,53.992,54.02,1.5974,1.6096,8.501,94.588,35.861,31.649,0,0
2026-06-10 07:00:00,A-001,60,53.936,53.997,1.6125,1.6346,8.462,94.026,35.837,31.812,0,0
2026-06-10 08:00:00,A-001,60,53.857,53.946,1.6255,1.6483,8.426,93.459,35.814,31.97,0,0
2026-06-10 09:00:00,A-001,60,53.81,53.901,1.6437,1.6637,8.384,92.89,35.793,32.126,0,0
2026-06-10 10:00:00,A-001,60,53.761,53.843,1.6553,1.6707,8.349,92.324,35.773,32.286,0,0
2026-06-10 11:00:00,A-001,60,53.687,53.74,1.6719,1.6786,8.309,91.762,35.754,32.45,0,0
2026-06-10 12:00:00,A-001,60,53.641,53.66,1.6782,1.6851,8.283,91.533,36.085,32.531,0,0
2026-06-10 13:00:00,A-001,60,53.603,53.656,1.6769,1.6911,8.267,91.633,36.781,32.533,0,0
2026-06-10 14:00:00,A-001,60,53.543,53.633,1.6734,1.6922,8.254,91.728,37.478,32.531,0,0
2026-06-10 15:00:00,A-001,60,53.514,53.601,1.6751,1.6918,8.236,91.82,38.177,32.527,0,0
2026-06-10 16:00:00,A-001,60,53.483,53.557,1.6702,1.6861,8.224,91.916,38.877,32.527,0,0
2026-06-10 17:00:00,A-001,60,53.428,53.472,1.6702,1.6793,8.207,92.016,39.578,32.531,0,0
2026-06-10 18:00:00,A-001,60,53.473,53.571,1.6448,1.669,8.183,92.174,39.914,32.566,0,0
2026-06-10 19:00:00,A-001,60,53.602,53.693,1.5958,1.6208,8.147,92.377,39.877,32.64,0,0
2026-06-10 20:00:00,A-001,60,53.708,53.804,1.5446,1.5832,8.115,92.575,39.841,32.71,0,0
2026-06-10 21:00:00,A-001,60,53.846,53.955,1.4987,1.5336,8.076,92.771,39.806,32.777,0,0
2026-06-10 22:00:00,A-001,60,53.982,54.065,1.4461,1.4733,8.045,92.97,39.773,32.849,0,0
2026-06-10 23:00:00,A-001,60,54.093,54.157,1.3985,1.4302,8.007,93.173,39.74,32.924,0,0
2026-06-11 00:00:00,A-001,60,54.182,54.239,1.3925,1.4131,8.021,93.718,39.539,32.824,0,0
2026-06-11 01:00:00,A-001,60,54.228,54.296,1.4323,1.4661,8.084,94.601,39.165,32.548,0,0
2026-06-11 02:00:00,A-001,60,54.25,54.343,1.47,1.4988,8.15,95.479,38.792,32.268,0,0
2026-06-11 03:00:00,A-001,60,54.305,54.377,1.5129,1.5425,8.209,96.355,38.421,31.985,0,0
2026-06-11 04:00:00,A-001,60,54.357,54.407,1.5491,1.5764,8.276,97.234,38.051,31.707,0,0
2026-06-11 05:00:00,A-001,60,54.386,54.41,1.5903,1.6092,8.337,98.118,37.682,31.432,0,0
2026-06-11 06:00:00,A-001,60,54.459,54.542,1.6121,1.6209,8.43,98.053,37.636,31.36,0,0
2026-06-11 07:00:00,A-001,60,54.557,54.64,1.6166,1.6336,8.551,96.993,37.927,31.505,0,0
2026-06-11 08:00:00,A-001,60,54.633,54.728,1.6189,1.6392,8.675,95.927,38.218,31.644,0,0
2026-06-11 09:00:00,A-001,60,54.741,54.835,1.6265,1.6423,8.793,94.86,38.513,31.782,0,0
2026-06-11 10:00:00,A-001,60,54.847,54.918,1.6274,1.6419,8.918,93.795,38.808,31.923,0,0
2026-06-11 11:00:00,A-001,60,54.928,54.978,1.6333,1.6397,9.037,92.736,39.104,32.069,0,0
2026-06-11 12:00:00,A-001,60,54.81,54.98,1.6238,1.635,9.076,91.893,39.364,32.116,0,0
2026-06-11 13:00:00,A-001,60,54.464,54.667,1.601,1.618,9.027,91.261,39.59,32.069,0,0
2026-06-11 14:00:00,A-001,60,54.094,54.245,1.5763,1.6019,8.981,90.625,39.817,32.017,0,0
2026-06-11 15:00:00,A-001,60,53.758,53.915,1.5566,1.5813,8.929,89.986,40.046,31.962,0,0
2026-06-11 16:00:00,A-001,60,53.418,53.633,1.5304,1.5512,8.885,89.349,40.276,31.912,0,0
2026-06-11 17:00:00,A-001,60,53.055,53.25,1.5091,1.5283,8.834,88.718,40.507,31.866,0,0
2026-06-11 18:00:00,A-001,60,52.974,53.102,1.4926,1.4971,8.749,88.611,40.392,31.918,0,0
2026-06-11 19:00:00,A-001,60,53.164,53.273,1.4839,1.4968,8.623,89.033,39.923,32.08,0,0
2026-06-11 20:00:00,A-001,60,53.332,53.432,1.4731,1.4928,8.5,89.449,39.455,32.236,0,0
2026-06-11 21:00:00,A-001,60,53.531,53.67,1.4675,1.4869,8.371,89.863,38.989,32.39,0,0
2026-06-11 22:00:00,A-001,60,53.729,53.838,1.4553,1.4728,8.25,90.28,38.525,32.548,0,0
2026-06-11 23:00:00,A-001,60,53.902,53.996,1.448,1.4605,8.123,90.702,38.06,32.71,0,0
2026-06-12 00:00:00,A-001,60,54.031,54.097,1.4363,1.443,8.143,91.365,37.787,32.794,0,0
2026-06-12 01:00:00,A-001,60,54.095,54.168,1.4227,1.437,8.31,92.261,37.715,32.803,0,0
2026-06-12 02:00:00,A-001,60,54.136,54.229,1.4071,1.4282,8.481,93.153,37.643,32.808,0,0
2026-06-12 03:00:00,A-001,60,54.209,54.286,1.3966,1.4178,8.646,94.042,37.574,32.81,0,0
2026-06-12 04:00:00,A-001,60,54.28,54.337,1.3796,1.3981,8.818,94.934,37.506,32.817,0,0
2026-06-12 05:00:00,A-001,60,54.326,54.358,1.3674,1.3822,8.984,95.831,37.438,32.827,0,0
2026-06-12 06:00:00,A-001,60,54.232,54.36,1.3611,1.3691,9.038,96.224,37.641,32.836,0,0
2026-06-12 07:00:00,A-001,60,53.97,54.132,1.3633,1.3793,8.972,96.082,38.125,32.851,0,0
2026-06-12 08:00:00,A-001,60,53.686,53.795,1.3635,1.3833,8.91,95.936,38.61,32.86,0,0
2026-06-12 09:00:00,A-001,60,53.434,53.571,1.3689,1.3844,8.841,95.786,39.098,32.868,0,0
2026-06-12 10:00:00,A-001,60,53.18,53.354,1.3677,1.3827,8.78,95.64,39.587,32.879,0,0
2026-06-12 11:00:00,A-001,60,52.902,53.055,1.3714,1.3788,8.712,95.499,40.075,32.895,0,0
2026-06-12 12:00:00,A-001,60,52.938,53.141,1.3966,1.4208,8.73,95.791,40.262,32.746,0,0
2026-06-12 13:00:00,A-001,60,53.28,53.437,1.4467,1.4855,8.831,96.518,40.138,32.436,0,0
2026-06-12 14:00:00,A-001,60,53.599,53.713,1.4947,1.526,8.935,97.239,40.014,32.12,0,0
2026-06-12 15:00:00,A-001,60,53.951,54.164,1.5479,1.5816,9.033,97.958,39.894,31.803,0,0
2026-06-12 16:00:00,A-001,60,54.3,54.481,1.5946,1.6269,9.138,98.68,39.774,31.49,0,0
2026-06-12 17:00:00,A-001,60,54.625,54.794,1.6461,1.67,9.238,99.407,39.654,31.18,0,0
2026-06-12 18:00:00,A-001,60,54.73,54.8,1.6525,1.671,9.242,99.444,39.257,31.22,0,0
2026-06-12 19:00:00,A-001,60,54.587,54.691,1.6152,1.6366,9.142,98.752,38.575,31.628,0,0
2026-06-12 20:00:00,A-001,60,54.421,54.51,1.5757,1.6086,9.047,98.055,37.893,32.03,0,0
2026-06-12 21:00:00,A-001,60,54.288,54.397,1.5414,1.5718,8.945,97.356,37.214,32.431,0,0
2026-06-12 22:00:00,A-001,60,54.151,54.271,1.5005,1.5248,8.85,96.66,36.536,32.836,0,0
2026-06-12 23:00:00,A-001,60,53.991,54.087,1.4645,1.4907,8.749,95.968,35.858,33.245,0,0
2026-06-13 00:00:00,A-001,60,53.787,53.92,1.4372,1.445,8.723,95.966,35.701,33.267,0,0
2026-06-13 01:00:00,A-001,60,53.515,53.682,1.4215,1.4364,8.769,96.663,36.083,32.896,0,0
2026-06-13 02:00:00,A-001,60,53.221,53.335,1.4037,1.4259,8.818,97.354,36.467,32.521,0,0
2026-06-13 03:00:00,A-001,60,52.959,53.098,1.3911,1.4131,8.861,98.044,36.853,32.143,0,0
2026-06-13 04:00:00,A-001,60,52.695,52.873,1.3718,1.3909,8.911,98.736,37.24,31.77,0,0
2026-06-13 05:00:00,A-001,60,52.406,52.565,1.3575,1.3734,8.956,99.433,37.627,31.401,0,0
2026-06-13 06:00:00,A-001,60,52.294,52.353,1.3514,1.3604,8.993,99.202,38.003,31.301,0,0
2026-06-13 07:00:00,A-001,60,52.343,52.412,1.3566,1.3739,9.019,97.999,38.371,31.487,0,0
2026-06-13 08:00:00,A-001,60,52.369,52.461,1.3596,1.38,9.048,96.79,38.74,31.668,0,0
2026-06-13 09:00:00,A-001,60,52.427,52.498,1.3678,1.3839,9.071,95.58,39.11,31.847,0,0
2026-06-13 10:00:00,A-001,60,52.482,52.534,1.3694,1.3838,9.101,94.371,39.483,32.03,0,0
2026-06-13 11:00:00,A-001,60,52.514,52.539,1.3759,1.382,9.126,93.168,39.855,32.218,0,0
2026-06-13 12:00:00,A-001,60,52.681,52.857,1.3826,1.3929,9.095,93.062,39.939,32.207,0,0
2026-06-13 13:00:00,A-001,60,52.968,53.107,1.392,1.4114,9.002,94.075,39.728,32.0,0,0
2026-06-13 14:00:00,A-001,60,53.232,53.34,1.3994,1.4209,8.913,95.083,39.519,31.788,0,0
2026-06-13 15:00:00,A-001,60,53.529,53.715,1.4119,1.4297,8.818,96.089,39.311,31.574,0,0
2026-06-13 16:00:00,A-001,60,53.823,53.977,1.4179,1.4323,8.73,97.098,39.105,31.364,0,0
2026-06-13 17:00:00,A-001,60,54.093,54.235,1.4287,1.4331,8.636,98.112,38.899,31.158,0,0
2026-06-13 18:00:00,A-001,60,54.22,54.24,1.4349,1.4435,8.609,97.986,38.837,31.183,0,0
2026-06-13 19:00:00,A-001,60,54.178,54.232,1.4388,1.4556,8.646,96.67,38.926,31.454,0,0
2026-06-13 20:00:00,A-001,60,54.114,54.204,1.4407,1.4608,8.687,95.348,39.016,31.72,0,0
2026-06-13 21:00:00,A-001,60,54.083,54.17,1.4477,1.4633,8.722,94.024,39.108,31.984,0,0
2026-06-13 22:00:00,A-001,60,54.048,54.124,1.4482,1.4628,8.764,92.702,39.202,32.252,0,0
2026-06-13 23:00:00,A-001,60,53.99,54.035,1.4535,1.4602,8.8,91.386,39.296,32.524,0,0
2026-06-14 00:00:00,A-001,60,54.051,54.167,1.4416,1.455,8.751,90.977,39.086,32.697,0,0
2026-06-14 01:00:00,A-001,60,54.217,54.318,1.4146,1.4328,8.608,91.492,38.563,32.773,0,0
2026-06-14 02:00:00,A-001,60,54.359,54.458,1.3855,1.4132,8.469,92.002,38.042,32.844,0,0
2026-06-14 03:00:00,A-001,60,54.534,54.661,1.3615,1.3878,8.323,92.509,37.523,32.913,0,0
2026-06-14 04:00:00,A-001,60,54.706,54.805,1.3309,1.3528,8.185,93.02,37.005,32.986,0,0
2026-06-14 05:00:00,A-001,60,54.855,54.937,1.3053,1.3265,8.041,93.535,36.487,33.064,0,0
2026-06-14 06:00:00,A-001,60,54.826,54.94,1.2969,1.3081,7.968,93.75,36.473,32.941,0,0
2026-06-14 07:00:00,A-001,60,54.595,54.742,1.309,1.3297,7.962,93.64,36.982,32.619,0,0
2026-06-14 08:00:00,A-001,60,54.341,54.435,1.319,1.3411,7.959,93.524,37.493,32.291,0,0
2026-06-14 09:00:00,A-001,60,54.119,54.248,1.3343,1.353,7.95,93.407,38.005,31.962,0,0
2026-06-14 10:00:00,A-001,60,53.895,54.054,1.3429,1.3577,7.949,93.292,38.519,31.637,0,0
2026-06-14 11:00:00,A-001,60,53.646,53.785,1.3564,1.3616,7.942,93.183,39.033,31.316,0,0
2026-06-14 12:00:00,A-001,60,53.492,53.53,1.3611,1.3678,8.017,93.218,39.223,31.21,0,0
2026-06-14 13:00:00,A-001,60,53.414,53.486,1.3594,1.3735,8.173,93.39,39.083,31.335,0,0
2026-06-14 14:00:00,A-001,60,53.313,53.402,1.3556,1.3743,8.332,93.556,38.943,31.454,0,0
2026-06-14 15:00:00,A-001,60,53.245,53.34,1.3569,1.3737,8.485,93.721,38.805,31.572,0,0
2026-06-14 16:00:00,A-001,60,53.173,53.265,1.3517,1.3676,8.645,93.887,38.669,31.693,0,0
2026-06-14 17:00:00,A-001,60,53.078,53.142,1.3514,1.3606,8.8,94.059,38.533,31.819,0,0
2026-06-14 18:00:00,A-001,60,53.0,53.04,1.3537,1.3634,8.805,94.122,38.602,32.062,0,0
2026-06-14 19:00:00,A-001,60,52.919,52.992,1.3613,1.3798,8.65,94.057,38.884,32.433,0,0
2026-06-14 20:00:00,A-001,60,52.815,52.904,1.3668,1.3878,8.5,93.987,39.168,32.799,0,0
2026-06-14 21:00:00,A-001,60,52.743,52.839,1.3775,1.3946,8.343,93.914,39.453,33.163,0,0
2026-06-14 22:00:00,A-001,60,52.668,52.761,1.3817,1.3958,8.193,93.844,39.741,33.531,0,0
2026-06-14 23:00:00,A-001,60,52.57,52.635,1.3907,1.3956,8.037,93.78,40.028,33.904,0,0
2026-06-15 00:00:00,A-001,60,52.575,52.654,1.417,1.4401,8.052,94.246,39.79,33.87,0,0
2026-06-15 01:00:00,A-001,60,52.665,52.745,1.464,1.5013,8.238,95.248,39.013,33.425,0,0
2026-06-15 02:00:00,A-001,60,52.732,52.827,1.5088,1.5394,8.427,96.244,38.237,32.974,0,0
2026-06-15 03:00:00,A-001,60,52.832,52.922,1.5589,1.5913,8.61,97.239,37.462,32.521,0,0
2026-06-15 04:00:00,A-001,60,52.929,52.997,1.6023,1.6331,8.8,98.236,36.69,32.073,0,0
2026-06-15 05:00:00,A-001,60,53.003,53.048,1.6507,1.6731,8.984,99.238,35.917,31.629,0,0
2026-06-15 06:00:00,A-001,60,53.082,53.149,1.6714,1.6771,8.993,99.073,35.959,31.516,0,0
2026-06-15 07:00:00,A-001,60,53.148,53.221,1.6664,1.6789,8.816,97.688,36.847,31.754,0,0
2026-06-15 08:00:00,A-001,60,53.19,53.283,1.6593,1.6784,8.642,96.298,37.735,31.987,0,0
2026-06-15 09:00:00,A-001,60,53.265,53.342,1.6573,1.6753,8.461,94.905,38.626,32.217,0,0
2026-06-15 10:00:00,A-001,60,53.337,53.395,1.6488,1.6654,8.288,93.515,39.518,32.453,0,0
2026-06-15 11:00:00,A-001,60,53.385,53.418,1.6451,1.6559,8.109,92.131,40.41,32.691,0,0
2026-06-15 12:00:00,A-001,60,53.324,53.42,1.6264,1.642,8.101,91.788,40.83,32.764,0,0
2026-06-15 13:00:00,A-001,60,53.127,53.257,1.5949,1.6145,8.263,92.508,40.765,32.672,0,0
2026-06-15 14:00:00,A-001,60,52.908,52.997,1.5612,1.5912,8.429,93.222,40.7,32.574,0,0
2026-06-15 15:00:00,A-001,60,52.721,52.842,1.5328,1.5608,8.588,93.935,40.637,32.475,0,0
2026-06-15 16:00:00,A-001,60,52.532,52.676,1.4977,1.5206,8.755,94.65,40.576,32.38,0,0
2026-06-15 17:00:00,A-001,60,52.318,52.44,1.4676,1.4909,8.916,95.371,40.515,32.289,0,0
2026-06-15 18:00:00,A-001,60,52.436,52.686,1.4408,1.451,9.019,95.214,40.364,32.375,0,0
2026-06-15 19:00:00,A-001,60,52.874,53.066,1.4203,1.4366,9.056,94.138,40.124,32.651,0,0
2026-06-15 20:00:00,A-001,60,53.29,53.45,1.3977,1.4222,9.097,93.056,39.884,32.922,0,0
2026-06-15 21:00:00,A-001,60,53.739,53.999,1.3802,1.404,9.132,91.972,39.646,33.191,0,0
2026-06-15 22:00:00,A-001,60,54.184,54.413,1.3561,1.3764,9.174,90.89,39.41,33.465,0,0
2026-06-15 23:00:00,A-001,60,54.606,54.822,1.337,1.3551,9.21,89.814,39.174,33.742,0,0
2026-06-16 00:00:00,A-001,60,54.671,54.83,1.3343,1.3471,9.151,89.531,39.195,33.825,0,0
2026-06-16 01:00:00,A-001,60,54.348,54.541,1.3512,1.3742,8.988,90.054,39.484,33.714,0,0
2026-06-16 02:00:00,A-001,60,54.003,54.141,1.3661,1.3894,8.829,90.572,39.774,33.599,0,0
2026-06-16 03:00:00,A-001,60,53.689,53.841,1.3861,1.4068,8.663,91.088,40.067,33.481,0,0
2026-06-16 04:00:00,A-001,60,53.373,53.576,1.3996,1.4156,8.506,91.607,40.361,33.368,0,0
2026-06-16 05:00:00,A-001,60,53.033,53.217,1.4179,1.4256,8.342,92.131,40.654,33.258,0,0
2026-06-16 06:00:00,A-001,60,52.916,52.997,1.432,1.4434,8.345,92.095,40.792,33.119,0,0
2026-06-16 07:00:00,A-001,60,53.01,53.091,1.4445,1.4653,8.515,91.466,40.769,32.955,0,0
2026-06-16 08:00:00,A-001,60,53.081,53.175,1.4549,1.4771,8.689,90.833,40.748,32.786,0,0
2026-06-16 09:00:00,A-001,60,53.184,53.275,1.4704,1.4893,8.857,90.197,40.729,32.615,0,0
2026-06-16 10:00:00,A-001,60,53.284,53.353,1.4794,1.4943,9.033,89.564,40.711,32.448,0,0
2026-06-16 11:00:00,A-001,60,53.361,53.408,1.4932,1.4986,9.202,88.936,40.693,32.286,0,0
2026-06-16 12:00:00,A-001,60,53.413,53.45,1.4955,1.5006,9.208,88.943,40.35,32.247,0,0
2026-06-16 13:00:00,A-001,60,53.418,53.476,1.4887,1.501,9.041,89.591,39.675,32.345,0,0
2026-06-16 14:00:00,A-001,60,53.401,53.492,1.4797,1.4991,8.877,90.234,39.0,32.438,0,0
2026-06-16 15:00:00,A-001,60,53.415,53.494,1.4759,1.4946,8.706,90.875,38.327,32.529,0,0
2026-06-16 16:00:00,A-001,60,53.428,53.484,1.4655,1.4826,8.543,91.518,37.656,32.624,0,0
2026-06-16 17:00:00,A-001,60,53.416,53.439,1.46,1.4717,8.374,92.167,36.985,32.723,0,0
2026-06-16 18:00:00,A-001,60,53.396,53.42,1.4482,1.456,8.361,93.042,36.804,32.737,0,0
2026-06-16 19:00:00,A-001,60,53.349,53.406,1.4325,1.4474,8.505,94.137,37.131,32.671,0,0
2026-06-16 20:00:00,A-001,60,53.278,53.367,1.4147,1.4369,8.653,95.227,37.46,32.601,0,0
2026-06-16 21:00:00,A-001,60,53.239,53.328,1.4021,1.4241,8.794,96.314,37.791,32.528,0,0
2026-06-16 22:00:00,A-001,60,53.198,53.277,1.3828,1.4019,8.943,97.405,38.123,32.46,0,0
2026-06-16 23:00:00,A-001,60,53.133,53.182,1.3685,1.3844,9.086,98.5,38.455,32.396,0,0
2026-06-17 00:00:00,A-001,60,53.178,53.281,1.386,1.4113,9.133,98.959,38.354,32.401,0,0
2026-06-17 01:00:00,A-001,60,53.317,53.411,1.4392,1.4795,9.077,98.745,37.806,32.485,0,0
2026-06-17 02:00:00,A-001,60,53.433,53.53,1.4902,1.5222,9.025,98.527,37.26,32.565,0,0
2026-06-17 03:00:00,A-001,60,53.581,53.694,1.5464,1.5813,8.966,98.306,36.715,32.642,0,0
2026-06-17 04:00:00,A-001,60,53.727,53.814,1.596,1.6298,8.915,98.088,36.173,32.724,0,0
2026-06-17 05:00:00,A-001,60,53.848,53.917,1.6505,1.676,8.857,97.875,35.63,32.809,0,0
2026-06-17 06:00:00,A-001,60,53.895,53.92,1.6511,1.677,8.786,97.725,35.678,32.899,0,0
2026-06-17 07:00:00,A-001,60,53.844,53.902,1.5985,1.6247,8.695,97.627,36.341,33.0,0,0
2026-06-17 08:00:00,A-001,60,53.769,53.859,1.5439,1.5842,8.607,97.523,37.005,33.096,0,0
2026-06-17 09:00:00,A-001,60,53.728,53.817,1.4945,1.5307,8.514,97.418,37.67,33.19,0,0
2026-06-17 10:00:00,A-001,60,53.683,53.763,1.4384,1.4664,8.427,97.315,38.338,33.289,0,0
2026-06-17 11:00:00,A-001,60,53.615,53.665,1.3872,1.4207,8.335,97.217,39.005,33.391,0,0
2026-06-17 12:00:00,A-001,60,53.542,53.59,1.3704,1.3847,8.361,96.576,39.344,33.385,0,0
2026-06-17 13:00:00,A-001,60,53.444,53.526,1.3917,1.4167,8.503,95.359,39.346,33.274,0,0
2026-06-17 14:00:00,A-001,60,53.323,53.412,1.4109,1.4352,8.649,94.137,39.35,33.159,0,0
2026-06-17 15:00:00,A-001,60,53.235,53.334,1.4353,1.4576,8.788,92.913,39.356,33.041,0,0
2026-06-17 16:00:00,A-001,60,53.144,53.243,1.453,1.4712,8.935,91.691,39.363,32.928,0,0
2026-06-17 17:00:00,A-001,60,53.029,53.102,1.4757,1.4855,9.077,90.475,39.37,32.818,0,0
2026-06-17 18:00:00,A-001,60,53.062,53.179,1.4945,1.5075,9.053,90.487,39.039,32.74,0,0
2026-06-17 19:00:00,A-001,60,53.229,53.331,1.512,1.5352,8.853,91.753,38.36,32.701,0,0
2026-06-17 20:00:00,A-001,60,53.373,53.472,1.5273,1.5507,8.658,93.015,37.682,32.657,0,0
2026-06-17 21:00:00,A-001,60,53.55,53.677,1.5479,1.5688,8.455,94.274,37.006,32.611,0,0
2026-06-17 22:00:00,A-001,60,53.724,53.823,1.5618,1.5781,8.261,95.536,36.331,32.57,0,0
2026-06-17 23:00:00,A-001,60,53.874,53.957,1.5807,1.5886,8.06,96.803,35.657,32.532,0,0
2026-06-18 00:00:00,A-001,60,53.828,53.96,1.5819,1.589,8.009,97.214,35.581,32.599,0,0
2026-06-18 01:00:00,A-001,60,53.558,53.724,1.5677,1.5822,8.106,96.725,36.127,32.782,0,0
2026-06-18 02:00:00,A-001,60,53.265,53.378,1.5514,1.5729,8.207,96.232,36.674,32.96,0,0
2026-06-18 03:00:00,A-001,60,53.005,53.144,1.5403,1.5618,8.301,95.736,37.223,33.135,0,0
2026-06-18 04:00:00,A-001,60,52.742,52.92,1.5226,1.5413,8.403,95.243,37.774,33.315,0,0
2026-06-18 05:00:00,A-001,60,52.456,52.614,1.5098,1.5249,8.499,94.755,38.324,33.499,0,0
2026-06-18 06:00:00,A-001,60,52.425,52.565,1.5034,1.5116,8.606,94.159,38.629,33.554,0,0
2026-06-18 07:00:00,A-001,60,52.639,52.755,1.5063,1.5227,8.718,93.437,38.681,33.484,0,0
2026-06-18 08:00:00,A-001,60,52.83,52.932,1.5072,1.5271,8.834,92.71,38.735,33.408,0,0
2026-06-18 09:00:00,A-001,60,53.053,53.203,1.5132,1.5287,8.944,91.981,38.79,33.331,0,0
2026-06-18 10:00:00,A-001,60,53.273,53.393,1.5127,1.5275,9.061,91.255,38.848,33.258,0,0
2026-06-18 11:00:00,A-001,60,53.47,53.576,1.517,1.5241,9.172,90.534,38.905,33.188,0,0
2026-06-18 12:00:00,A-001,60,53.679,53.812,1.4939,1.518,9.131,90.451,38.769,33.101,0,0
2026-06-18 13:00:00,A-001,60,53.879,53.991,1.445,1.47,8.928,91.014,38.437,33.004,0,0
2026-06-18 14:00:00,A-001,60,54.057,54.158,1.3941,1.4326,8.729,91.572,38.105,32.902,0,0
2026-06-18 15:00:00,A-001,60,54.266,54.41,1.3483,1.3831,8.524,92.128,37.776,32.798,0,0
2026-06-18 16:00:00,A-001,60,54.473,54.587,1.2959,1.323,8.326,92.687,37.448,32.698,0,0
2026-06-18 17:00:00,A-001,60,54.657,54.756,1.2484,1.2801,8.122,93.25,37.12,32.602,0,0
2026-06-18 18:00:00,A-001,60,54.569,54.76,1.2531,1.2814,8.035,93.646,36.977,32.734,0,0
2026-06-18 19:00:00,A-001,60,54.181,54.406,1.3146,1.359,8.064,93.854,37.026,33.11,0,0
2026-06-18 20:00:00,A-001,60,53.771,53.941,1.374,1.4081,8.096,94.058,37.076,33.481,0,0
2026-06-18 21:00:00,A-001,60,53.392,53.561,1.4385,1.4768,8.123,94.259,37.129,33.85,0,0
2026-06-18 22:00:00,A-001,60,53.011,53.246,1.4965,1.5344,8.156,94.462,37.183,34.224,0,0
2026-06-18 23:00:00,A-001,60,52.606,52.822,1.5593,1.5888,8.184,94.671,37.236,34.601,0,0
2026-06-19 00:00:00,A-001,60,52.391,52.41,1.5902,1.5977,8.262,94.317,37.325,34.608,0,0
2026-06-19 01:00:00,A-001,60,52.353,52.406,1.5908,1.6061,8.388,93.369,37.453,34.239,0,0
2026-06-19 02:00:00,A-001,60,52.293,52.383,1.5894,1.6087,8.517,92.416,37.582,33.865,0,0
2026-06-19 03:00:00,A-001,60,52.264,52.351,1.5931,1.609,8.64,91.46,37.712,33.489,0,0
2026-06-19 04:00:00,A-001,60,52.233,52.307,1.5902,1.6056,8.771,90.507,37.845,33.118,0,0
2026-06-19 05:00:00,A-001,60,52.178,52.222,1.5922,1.6004,8.895,89.559,37.977,32.75,0,0
2026-06-19 06:00:00,A-001,60,52.332,52.539,1.5776,1.592,8.953,89.201,37.987,32.593,0,0
2026-06-19 07:00:00,A-001,60,52.683,52.843,1.5486,1.5675,8.937,89.439,37.873,32.663,0,0
2026-06-19 08:00:00,A-001,60,53.01,53.127,1.5175,1.5462,8.924,89.672,37.759,32.727,0,0
2026-06-19 09:00:00,A-001,60,53.37,53.588,1.4915,1.5186,8.906,89.903,37.648,32.79,0,0
2026-06-19 10:00:00,A-001,60,53.727,53.913,1.459,1.4813,8.894,90.137,37.539,32.856,0,0
2026-06-19 11:00:00,A-001,60,54.061,54.234,1.4313,1.4535,8.877,90.376,37.429,32.927,0,0
2026-06-19 12:00:00,A-001,60,54.272,54.339,1.4059,1.416,8.864,91.222,37.265,33.105,0,0
2026-06-19 13:00:00,A-001,60,54.338,54.411,1.3855,1.4018,8.849,92.684,37.046,33.401,0,0
2026-06-19 14:00:00,A-001,60,54.38,54.473,1.3631,1.3876,8.839,94.14,36.828,33.692,0,0
2026-06-19 15:00:00,A-001,60,54.455,54.532,1.3458,1.3695,8.821,95.595,36.612,33.981,0,0
2026-06-19 16:00:00,A-001,60,54.527,54.585,1.3219,1.3421,8.812,97.052,36.397,34.274,0,0
2026-06-19 17:00:00,A-001,60,54.575,54.608,1.3029,1.321,8.796,98.514,36.183,34.572,0,0
2026-06-19 18:00:00,A-001,60,54.482,54.61,1.297,1.3076,8.75,98.458,36.364,34.705,0,0
2026-06-19 19:00:00,A-001,60,54.22,54.382,1.3073,1.3271,8.667,96.82,36.957,34.676,0,0
2026-06-19 20:00:00,A-001,60,53.936,54.045,1.3155,1.3371,8.588,95.176,37.55,34.642,0,0
2026-06-19 21:00:00,A-001,60,53.684,53.821,1.3288,1.3469,8.503,93.531,38.146,34.606,0,0
2026-06-19 22:00:00,A-001,60,53.43,53.604,1.3356,1.3502,8.425,91.888,38.743,34.575,0,0
2026-06-19 23:00:00,A-001,60,53.152,53.305,1.3473,1.3519,8.341,90.25,39.34,34.547,0,0
2026-06-20 00:00:00,A-001,60,53.045,53.104,1.3506,1.357,8.349,89.58,39.451,34.395,0,0
2026-06-20 01:00:00,A-001,60,53.095,53.165,1.3479,1.3615,8.446,89.899,39.06,34.123,0,0
2026-06-20 02:00:00,A-001,60,53.123,53.215,1.3431,1.3619,8.547,90.212,38.67,33.846,0,0
2026-06-20 03:00:00,A-001,60,53.183,53.253,1.3435,1.3606,8.641,90.523,38.282,33.567,0,0
2026-06-20 04:00:00,A-001,60,53.24,53.292,1.3372,1.3534,8.743,90.836,37.896,33.292,0,0
2026-06-20 05:00:00,A-001,60,53.273,53.299,1.3359,1.3456,8.839,91.155,37.51,33.021,0,0
2026-06-20 06:00:00,A-001,60,53.373,53.481,1.3372,1.3466,8.848,91.852,37.198,33.043,0,0
2026-06-20 07:00:00,A-001,60,53.522,53.619,1.3438,1.3619,8.76,92.925,36.964,33.376,0,0
2026-06-20 08:00:00,A-001,60,53.648,53.745,1.3483,1.3691,8.676,93.993,36.73,33.703,0,0
2026-06-20 09:00:00,A-001,60,53.806,53.924,1.358,1.3747,8.585,95.059,36.499,34.029,0,0
2026-06-20 10:00:00,A-001,60,53.961,54.053,1.3612,1.3752,8.502,96.127,36.27,34.359,0,0
2026-06-20 11:00:00,A-001,60,54.093,54.167,1.3692,1.3746,8.413,97.201,36.04,34.693,0,0
2026-06-20 12:00:00,A-001,60,54.13,54.17,1.3757,1.3854,8.346,97.561,35.994,34.828,0,0
2026-06-20 13:00:00,A-001,60,54.049,54.122,1.3833,1.4018,8.294,97.169,36.138,34.764,0,0
2026-06-20 14:00:00,A-001,60,53.945,54.034,1.3888,1.4098,8.247,96.773,36.283,34.695,0,0
2026-06-20 15:00:00,A-001,60,53.873,53.969,1.3995,1.4166,8.193,96.374,36.43,34.624,0,0
2026-06-20 16:00:00,A-001,60,53.798,53.891,1.4037,1.4178,8.147,95.977,36.579,34.557,0,0
2026-06-20 17:00:00,A-001,60,53.7,53.765,1.4127,1.4176,8.095,95.586,36.728,34.495,0,0
2026-06-20 18:00:00,A-001,60,53.76,53.895,1.4155,1.4225,8.103,95.243,36.953,34.523,0,0
2026-06-20 19:00:00,A-001,60,53.964,54.077,1.4146,1.4291,8.168,94.936,37.259,34.652,0,0
2026-06-20 20:00:00,A-001,60,54.145,54.246,1.4117,1.4306,8.238,94.624,37.566,34.777,0,0
2026-06-20 21:00:00,A-001,60,54.358,54.503,1.4139,1.4303,8.301,94.31,37.875,34.899,0,0
2026-06-20 22:00:00,A-001,60,54.569,54.684,1.4095,1.4252,8.371,93.999,38.186,35.026,0,0
2026-06-20 23:00:00,A-001,60,54.755,54.856,1.41,1.4188,8.435,93.693,38.496,35.156,0,0
2026-06-21 00:00:00,A-001,60,54.75,54.86,1.4295,1.4508,8.45,93.182,38.535,35.018,0,0
2026-06-21 01:00:00,A-001,60,54.527,54.671,1.4713,1.506,8.409,92.445,38.296,34.609,0,0
2026-06-21 02:00:00,A-001,60,54.282,54.371,1.511,1.5402,8.372,91.703,38.058,34.195,0,0
2026-06-21 03:00:00,A-001,60,54.068,54.195,1.5558,1.5862,8.328,90.959,37.822,33.779,0,0
2026-06-21 04:00:00,A-001,60,53.852,54.008,1.5941,1.6224,8.292,90.217,37.588,33.368,0,0
2026-06-21 05:00:00,A-001,60,53.612,53.747,1.6373,1.6572,8.25,89.481,37.353,32.96,0,0
2026-06-21 06:00:00,A-001,60,53.53,53.594,1.6352,1.658,8.301,89.077,37.534,32.968,0,0
2026-06-21 07:00:00,A-001,60,53.59,53.662,1.589,1.6132,8.443,89.002,38.146,33.412,0,0
2026-06-21 08:00:00,A-001,60,53.628,53.721,1.5407,1.5779,8.589,88.922,38.76,33.852,0,0
2026-06-21 09:00:00,A-001,60,53.697,53.772,1.4976,1.5314,8.728,88.839,39.376,34.289,0,0
2026-06-21 10:00:00,A-001,60,53.765,53.821,1.4479,1.4743,8.875,88.759,39.993,34.731,0,0
2026-06-21 11:00:00,A-001,60,53.808,53.838,1.403,1.4334,9.017,88.685,40.61,35.176,0,0
2026-06-21 12:00:00,A-001,60,53.841,53.877,1.3998,1.4214,9.007,88.664,40.502,35.31,0,0
2026-06-21 13:00:00,A-001,60,53.843,53.9,1.4422,1.4773,8.838,88.684,39.646,35.127,0,0
2026-06-21 14:00:00,A-001,60,53.822,53.913,1.4826,1.5121,8.672,88.698,38.791,34.94,0,0
2026-06-21 15:00:00,A-001,60,53.834,53.913,1.5282,1.5588,8.5,88.711,37.939,34.751,0,0
2026-06-21 16:00:00,A-001,60,53.843,53.901,1.5671,1.5957,8.336,88.726,37.088,34.566,0,0
2026-06-21 17:00:00,A-001,60,53.828,53.852,1.611,1.6311,8.165,88.747,36.236,34.385,0,0
2026-06-21 18:00:00,A-001,60,53.754,53.83,1.625,1.632,8.103,89.658,36.126,34.182,0,0
2026-06-21 19:00:00,A-001,60,53.599,53.709,1.611,1.6254,8.149,91.476,36.784,33.965,0,0
2026-06-21 20:00:00,A-001,60,53.422,53.51,1.5948,1.6162,8.198,93.289,37.442,33.743,0,0
2026-06-21 21:00:00,A-001,60,53.277,53.388,1.5839,1.6053,8.241,95.1,38.103,33.519,0,0
2026-06-21 22:00:00,A-001,60,53.129,53.254,1.5663,1.585,8.291,96.914,38.765,33.299,0,0
2026-06-21 23:00:00,A-001,60,52.957,53.059,1.5537,1.5687,8.336,98.732,39.427,33.083,0,0
2026-06-22 00:00:00,A-001,60,52.908,52.971,1.5184,1.546,8.378,99.162,39.657,32.957,0,0
2026-06-22 01:00:00,A-001,60,52.965,53.036,1.4623,1.4895,8.414,98.142,39.441,32.931,0,0
2026-06-22 02:00:00,A-001,60,52.999,53.092,1.4042,1.4462,8.453,97.117,39.226,32.901,0,0
2026-06-22 03:00:00,A-001,60,53.066,53.139,1.3512,1.3889,8.486,96.09,39.013,32.868,0,0
2026-06-22 04:00:00,A-001,60,53.13,53.184,1.2917,1.3205,8.526,95.065,38.802,32.84,0,0
2026-06-22 05:00:00,A-001,60,53.17,53.198,1.237,1.2722,8.561,94.045,38.591,32.815,0,0
2026-06-22 06:00:00,A-001,60,53.302,53.438,1.2115,1.2212,8.572,93.903,38.638,33.029,0,0
2026-06-22 07:00:00,A-001,60,53.509,53.623,1.2188,1.2372,8.554,94.652,38.954,33.497,0,0
2026-06-22 08:00:00,A-001,60,53.693,53.795,1.224,1.2449,8.54,95.397,39.271,33.96,0,0
2026-06-22 09:00:00,A-001,60,53.91,54.057,1.2344,1.2513,8.52,96.14,39.59,34.421,0,0
2026-06-22 10:00:00,A-001,60,54.123,54.24,1.2382,1.2522,8.507,96.885,39.91,34.886,0,0
2026-06-22 11:00:00,A-001,60,54.313,54.416,1.2468,1.2519,8.488,97.636,40.231,35.354,0,0
2026-06-22 12:00:00,A-001,60,54.373,54.42,1.2587,1.2718,8.495,97.587,40.349,35.387,0,0
2026-06-22 13:00:00,A-001,60,54.276,54.357,1.2765,1.2998,8.524,96.699,40.26,34.974,0,0
2026-06-22 14:00:00,A-001,60,54.157,54.246,1.2922,1.3156,8.556,95.805,40.172,34.557,0,0
2026-06-22 15:00:00,A-001,60,54.07,54.17,1.313,1.334,8.583,94.909,40.086,34.138,0,0
2026-06-22 16:00:00,A-001,60,53.981,54.08,1.3273,1.3438,8.616,94.016,40.001,33.723,0,0
2026-06-22 17:00:00,A-001,60,53.868,53.94,1.3465,1.3546,8.644,93.128,39.917,33.312,0,0
2026-06-22 18:00:00,A-001,60,53.751,53.82,1.374,1.3943,8.652,92.317,39.828,33.31,0,0
2026-06-22 19:00:00,A-001,60,53.612,53.714,1.4128,1.4461,8.634,91.57,39.737,33.74,0,0
2026-06-22 20:00:00,A-001,60,53.449,53.538,1.4495,1.478,8.62,90.818,39.648,34.164,0,0
2026-06-22 21:00:00,A-001,60,53.319,53.427,1.4914,1.5206,8.6,90.064,39.56,34.587,0,0
2026-06-22 22:00:00,A-001,60,53.186,53.305,1.5266,1.5534,8.587,89.313,39.474,35.013,0,0
2026-06-22 23:00:00,A-001,60,53.03,53.124,1.5668,1.5852,8.568,88.566,39.388,35.444,0,0
2026-06-23 00:00:00,A-001,60,53.002,53.079,1.5559,1.586,8.609,88.744,39.462,35.575,0,0
2026-06-23 01:00:00,A-001,60,53.087,53.166,1.4949,1.5236,8.708,89.862,39.705,35.405,0,0
2026-06-23 02:00:00,A-001,60,53.15,53.244,1.4317,1.4762,8.811,90.975,39.948,35.229,0,0
2026-06-23 03:00:00,A-001,60,53.245,53.332,1.3738,1.4134,8.907,92.086,40.194,35.052,0,0
2026-06-23 04:00:00,A-001,60,53.337,53.403,1.3092,1.3393,9.011,93.2,40.441,34.878,0,0
2026-06-23 05:00:00,A-001,60,53.405,53.448,1.2496,1.2872,9.109,94.318,40.688,34.709,0,0
2026-06-23 06:00:00,A-001,60,53.367,53.45,1.2487,1.2774,9.103,94.818,40.591,34.71,0,0
2026-06-23 07:00:00,A-001,60,53.2,53.316,1.3113,1.3563,8.985,94.662,40.14,34.894,0,0
2026-06-23 08:00:00,A-001,60,53.009,53.097,1.3719,1.4063,8.871,94.502,39.691,35.074,0,0
2026-06-23 09:00:00,A-001,60,52.85,52.965,1.4376,1.4763,8.751,94.34,39.243,35.251,0,0
2026-06-23 10:00:00,A-001,60,52.689,52.82,1.4967,1.5352,8.638,94.18,38.797,35.433,0,0
2026-06-23 11:00:00,A-001,60,52.504,52.612,1.5607,1.5908,8.519,94.026,38.351,35.618,0,0
2026-06-23 12:00:00,A-001,60,52.462,52.539,1.5741,1.592,8.486,94.406,37.986,35.482,0,0
2026-06-23 13:00:00,A-001,60,52.547,52.626,1.5379,1.559,8.536,95.326,37.709,35.02,0,0
2026-06-23 14:00:00,A-001,60,52.61,52.704,1.4996,1.5319,8.59,96.241,37.433,34.552,0,0
2026-06-23 15:00:00,A-001,60,52.705,52.792,1.4665,1.4964,8.638,97.153,37.158,34.083,0,60
2026-06-23 16:00:00,A-001,60,52.797,52.863,1.4268,1.4508,8.694,98.069,36.885,33.618,0,60
2026-06-23 17:00:00,A-001,60,52.865,52.908,1.3919,1.4175,8.743,98.989,36.612,33.157,0,60
2026-06-23 18:00:00,A-001,60,53.027,53.178,1.3984,1.4232,8.725,99.388,36.689,33.0,0,60
2026-06-23 19:00:00,A-001,60,53.264,53.387,1.4502,1.4899,8.632,99.232,37.128,33.164,0,60
2026-06-23 20:00:00,A-001,60,53.478,53.582,1.4999,1.5316,8.543,99.072,37.568,33.324,0,60
2026-06-23 21:00:00,A-001,60,53.724,53.886,1.5548,1.5891,8.448,98.91,38.01,33.481,0,0
2026-06-23 22:00:00,A-001,60,53.968,54.099,1.603,1.6362,8.36,98.75,38.454,33.643,0,0
2026-06-23 23:00:00,A-001,60,54.188,54.305,1.6562,1.681,8.266,98.596,38.898,33.809,0,0
2026-06-24 00:00:00,A-001,60,54.218,54.31,1.6433,1.682,8.265,97.799,38.919,33.95,0,0
2026-06-24 01:00:00,A-001,60,54.03,54.156,1.5648,1.5991,8.356,96.323,38.505,34.075,0,0
2026-06-24 02:00:00,A-001,60,53.819,53.908,1.4841,1.5372,8.45,94.843,38.092,34.194,0,0
2026-06-24 03:00:00,A-001,60,53.64,53.76,1.4087,1.4551,8.538,93.361,37.681,34.312,0,0
2026-06-24 04:00:00,A-001,60,53.459,53.599,1.3266,1.3609,8.633,91.881,37.272,34.433,0,0
2026-06-24 05:00:00,A-001,60,53.254,53.372,1.2495,1.2957,8.723,90.407,36.862,34.559,0,0
2026-06-24 06:00:00,A-001,60,53.318,53.51,1.2312,1.2537,8.756,89.998,36.529,34.58,0,0
2026-06-24 07:00:00,A-001,60,53.638,53.788,1.2765,1.313,8.727,90.678,36.279,34.499,0,0
2026-06-24 08:00:00,A-001,60,53.936,54.047,1.3197,1.3498,8.701,91.353,36.029,34.413,0,0
2026-06-24 09:00:00,A-001,60,54.265,54.468,1.3681,1.3998,8.669,92.025,35.781,34.326,0,0
2026-06-24 10:00:00,A-001,60,54.592,54.763,1.4098,1.4398,8.644,92.701,35.535,34.243,0,0
2026-06-24 11:00:00,A-001,60,54.896,55.054,1.4565,1.4781,8.614,93.381,35.289,34.163,0,0
2026-06-24 12:00:00,A-001,60,55.039,55.06,1.492,1.5082,8.623,93.266,35.312,34.135,0,0
2026-06-24 13:00:00,A-001,60,54.996,55.051,1.5186,1.5462,8.669,92.314,35.617,34.166,0,0
2026-06-24 14:00:00,A-001,60,54.93,55.02,1.5432,1.5688,8.718,91.357,35.922,34.192,0,0
2026-06-24 15:00:00,A-001,60,54.897,54.985,1.5729,1.5974,8.761,90.398,36.229,34.216,0,0
2026-06-24 16:00:00,A-001,60,54.861,54.937,1.596,1.6168,8.811,89.442,36.538,34.244,0,0
2026-06-24 17:00:00,A-001,60,54.8,54.847,1.624,1.6364,8.856,88.491,36.847,34.276,0,0
2026-06-24 18:00:00,A-001,60,54.82,54.894,1.6167,1.637,8.831,88.687,36.887,34.423,0,0
2026-06-24 19:00:00,A-001,60,54.9,54.978,1.5754,1.5981,8.73,90.055,36.651,34.696,0,0
2026-06-24 20:00:00,A-001,60,54.958,55.051,1.5322,1.5669,8.633,91.418,36.416,34.964,0,0
2026-06-24 21:00:00,A-001,60,55.047,55.132,1.494,1.5259,8.529,92.779,36.184,35.23,0,0
2026-06-24 22:00:00,A-001,60,55.134,55.198,1.4493,1.4745,8.432,94.142,35.953,35.5,0,0
2026-06-24 23:00:00,A-001,60,55.198,55.238,1.4095,1.4374,8.33,95.511,35.721,35.774,0,0
2026-06-25 00:00:00,A-001,60,55.127,55.24,1.3752,1.388,8.352,96.283,35.715,35.694,0,0
2026-06-25 01:00:00,A-001,60,54.898,55.044,1.3493,1.3672,8.498,96.425,35.942,35.257,0,0
2026-06-25 02:00:00,A-001,60,54.645,54.738,1.3214,1.3486,8.647,96.561,36.171,34.815,0,0
2026-06-25 03:00:00,A-001,60,54.425,54.554,1.2986,1.3244,8.79,96.696,36.401,34.371,0,0
2026-06-25 04:00:00,A-001,60,54.202,54.361,1.2692,1.2907,8.94,96.833,36.634,33.931,0,0
2026-06-25 05:00:00,A-001,60,53.955,54.094,1.2447,1.2654,9.085,96.975,36.866,33.495,0,0
2026-06-25 06:00:00,A-001,60,53.751,53.84,1.2675,1.3003,9.104,97.236,36.889,33.375,0,0
2026-06-25 07:00:00,A-001,60,53.57,53.692,1.3417,1.3925,8.99,97.608,36.698,33.592,0,0
2026-06-25 08:00:00,A-001,60,53.365,53.454,1.4139,1.4514,8.879,97.975,36.508,33.803,0,0
2026-06-25 09:00:00,A-001,60,53.194,53.311,1.4913,1.5348,8.762,98.339,36.321,34.012,0,0
2026-06-25 10:00:00,A-001,60,53.019,53.156,1.5621,1.6063,8.653,98.706,36.135,34.225,0,0
2026-06-25 11:00:00,A-001,60,52.821,52.935,1.6378,1.6736,8.537,99.078,35.948,34.442,0,0
2026-06-25 12:00:00,A-001,60,52.931,53.167,1.6713,1.6762,8.433,98.908,35.881,34.645,0,0
2026-06-25 13:00:00,A-001,60,53.34,53.52,1.6639,1.6764,8.337,98.165,35.939,34.839,0,0
2026-06-25 14:00:00,A-001,60,53.726,53.871,1.6545,1.6739,8.245,97.416,35.997,35.029,0,0
2026-06-25 15:00:00,A-001,60,54.144,54.39,1.6502,1.6691,8.146,96.666,36.058,35.216,0,0
2026-06-25 16:00:00,A-001,60,54.559,54.773,1.6393,1.6565,8.055,95.918,36.12,35.408,0,0
2026-06-25 17:00:00,A-001,60,54.951,55.153,1.6333,1.6452,7.958,95.175,36.182,35.603,0,0
2026-06-25 18:00:00,A-001,60,54.964,55.16,1.6216,1.629,7.937,94.942,36.413,35.589,0,0
2026-06-25 19:00:00,A-001,60,54.564,54.794,1.6067,1.6214,7.991,95.224,36.821,35.365,0,0
2026-06-25 20:00:00,A-001,60,54.142,54.318,1.5898,1.6116,8.049,95.5,37.229,35.136,0,0
2026-06-25 21:00:00,A-001,60,53.751,53.923,1.578,1.5997,8.1,95.775,37.64,34.905,0,0
2026-06-25 22:00:00,A-001,60,53.358,53.6,1.5596,1.5785,8.159,96.052,38.052,34.679,0,0
2026-06-25 23:00:00,A-001,60,52.942,53.164,1.5461,1.5616,8.211,96.334,38.464,34.456,0,0
2026-06-26 00:00:00,A-001,60,52.857,53.008,1.5349,1.5403,8.314,96.391,38.729,34.45,0,0
2026-06-26 01:00:00,A-001,60,53.094,53.217,1.5289,1.5412,8.463,96.203,38.843,34.677,0,0
2026-06-26 02:00:00,A-001,60,53.308,53.412,1.5208,1.5401,8.615,96.009,38.958,34.898,0,0
2026-06-26 03:00:00,A-001,60,53.554,53.716,1.5178,1.5362,8.762,95.814,39.076,35.117,0,0
2026-06-26 04:00:00,A-001,60,53.798,53.929,1.5083,1.5251,8.915,95.62,39.195,35.34,0,0
2026-06-26 05:00:00,A-001,60,54.018,54.135,1.5036,1.5149,9.063,95.432,39.313,35.567,0,0
2026-06-26 06:00:00,A-001,60,54.147,54.188,1.5003,1.5079,9.098,95.568,39.12,35.58,0,0
2026-06-26 07:00:00,A-001,60,54.161,54.221,1.5011,1.5164,9.012,96.025,38.606,35.378,0,0
2026-06-26 08:00:00,A-001,60,54.151,54.243,1.4998,1.5192,8.93,96.476,38.093,35.17,0,0
2026-06-26 09:00:00,A-001,60,54.175,54.252,1.5037,1.5195,8.841,96.926,37.582,34.961,0,0
2026-06-26 10:00:00,A-001,60,54.195,54.248,1.501,1.5163,8.76,97.378,37.072,34.756,0,0
2026-06-26 11:00:00,A-001,60,54.192,54.211,1.5031,1.5112,8.673,97.835,36.563,34.555,0,0
2026-06-26 12:00:00,A-001,60,54.048,54.2,1.4897,1.503,8.673,98.014,36.359,34.365,0,0
2026-06-26 13:00:00,A-001,60,53.738,53.924,1.4628,1.481,8.758,97.892,36.473,34.192,0,0
2026-06-26 14:00:00,A-001,60,53.406,53.538,1.4339,1.4616,8.848,97.765,36.588,34.015,0,0
2026-06-26 15:00:00,A-001,60,53.106,53.254,1.4101,1.4363,8.931,97.636,36.706,33.836,0,0
2026-06-26 16:00:00,A-001,60,52.803,53.0,1.3797,1.4015,9.021,97.51,36.825,33.661,0,0
2026-06-26 17:00:00,A-001,60,52.476,52.654,1.3542,1.3754,9.105,97.389,36.943,33.49,0,0
2026-06-26 18:00:00,A-001,60,52.538,52.791,1.3521,1.3676,9.144,96.79,36.97,33.472,0,0
2026-06-26 19:00:00,A-001,60,52.982,53.175,1.3769,1.4036,9.129,95.683,36.905,33.62,0,0
2026-06-26 20:00:00,A-001,60,53.403,53.565,1.3996,1.4248,9.119,94.571,36.84,33.762,0,0
2026-06-26 21:00:00,A-001,60,53.856,54.119,1.4275,1.4512,9.101,93.457,36.777,33.903,0,0
2026-06-26 22:00:00,A-001,60,54.307,54.538,1.4488,1.4686,9.092,92.346,36.716,34.048,0,0
2026-06-26 23:00:00,A-001,60,54.733,54.952,1.4749,1.4864,9.076,91.239,36.655,34.197,0,0
2026-06-27 00:00:00,A-001,60,54.789,54.96,1.4696,1.487,9.075,91.355,36.917,34.388,0,0
2026-06-27 01:00:00,A-001,60,54.441,54.646,1.4344,1.4552,9.084,92.72,37.517,34.629,0,0
2026-06-27 02:00:00,A-001,60,54.07,54.221,1.3971,1.4289,9.097,94.08,38.117,34.865,0,0
2026-06-27 03:00:00,A-001,60,53.732,53.89,1.365,1.3945,9.103,95.437,38.719,35.099,0,0
2026-06-27 04:00:00,A-001,60,53.391,53.606,1.3263,1.35,9.117,96.797,39.323,35.337,0,0
2026-06-27 05:00:00,A-001,60,53.026,53.222,1.2924,1.3175,9.124,98.163,39.927,35.58,0,0
2026-06-27 06:00:00,A-001,60,52.836,52.858,1.2788,1.2894,9.106,98.378,40.227,35.619,0,0
2026-06-27 07:00:00,A-001,60,52.808,52.858,1.2888,1.3084,9.057,97.389,40.214,35.455,0,0
2026-06-27 08:00:00,A-001,60,52.758,52.848,1.2966,1.3182,9.011,96.396,40.203,35.286,0,0
2026-06-27 09:00:00,A-001,60,52.739,52.824,1.3097,1.3276,8.959,95.4,40.193,35.115,0,0
2026-06-27 10:00:00,A-001,60,52.718,52.788,1.3161,1.3306,8.915,94.407,40.186,34.948,0,0
2026-06-27 11:00:00,A-001,60,52.673,52.712,1.3275,1.3319,8.864,93.419,40.178,34.786,0,0
2026-06-27 12:00:00,A-001,60,52.735,52.844,1.3295,1.3352,8.866,92.644,39.976,34.71,0,0
2026-06-27 13:00:00,A-001,60,52.887,52.985,1.3246,1.3372,8.916,92.073,39.577,34.733,0,0
2026-06-27 14:00:00,A-001,60,53.016,53.114,1.3177,1.3368,8.97,91.498,39.179,34.751,0,0
2026-06-27 15:00:00,A-001,60,53.178,53.298,1.3159,1.3338,9.018,90.921,38.783,34.767,0,0
2026-06-27 16:00:00,A-001,60,53.336,53.429,1.3075,1.3241,9.074,90.346,38.389,34.787,0,0
2026-06-27 17:00:00,A-001,60,53.471,53.547,1.304,1.3147,9.123,89.777,37.994,34.811,0,0
2026-06-27 18:00:00,A-001,60,53.476,53.55,1.2965,1.301,9.11,90.257,37.987,34.919,0,0
2026-06-27 19:00:00,A-001,60,53.324,53.432,1.2874,1.3004,9.027,91.808,38.381,35.122,0,0
2026-06-27 20:00:00,A-001,60,53.15,53.239,1.2763,1.296,8.948,93.355,38.776,35.319,0,0
2026-06-27 21:00:00,A-001,60,53.008,53.119,1.2704,1.2899,8.863,94.899,39.173,35.515,0,0
2026-06-27 22:00:00,A-001,60,52.864,52.987,1.2578,1.2753,8.785,96.446,39.572,35.715,0,0
2026-06-27 23:00:00,A-001,60,52.695,52.795,1.2501,1.2628,8.701,97.998,39.971,35.919,0,0
2026-06-28 00:00:00,A-001,60,52.718,52.85,1.2527,1.2651,8.618,98.083,40.233,35.994,0,0
2026-06-28 01:00:00,A-001,60,52.916,53.028,1.2685,1.2909,8.53,96.636,40.355,35.944,0,0
2026-06-28 02:00:00,A-001,60,53.092,53.193,1.2822,1.3052,8.446,95.184,40.479,35.888,0,0
2026-06-28 03:00:00,A-001,60,53.301,53.443,1.3011,1.3213,8.355,93.73,40.605,35.831,0,0
2026-06-28 04:00:00,A-001,60,53.506,53.619,1.3133,1.3288,8.273,92.278,40.732,35.777,0,0
2026-06-28 05:00:00,A-001,60,53.688,53.786,1.3305,1.3376,8.183,90.832,40.859,35.728,0,0
2026-06-28 06:00:00,A-001,60,53.691,53.79,1.3414,1.351,8.17,90.417,40.718,35.727,0,0
2026-06-28 07:00:00,A-001,60,53.49,53.622,1.3485,1.3668,8.231,91.053,40.303,35.783,0,0
2026-06-28 08:00:00,A-001,60,53.266,53.355,1.3536,1.3745,8.295,91.685,39.888,35.834,0,0
2026-06-28 09:00:00,A-001,60,53.074,53.196,1.3638,1.3806,8.353,92.314,39.475,35.883,0,0
2026-06-28 10:00:00,A-001,60,52.879,53.025,1.3674,1.3815,8.419,92.946,39.064,35.937,0,0
2026-06-28 11:00:00,A-001,60,52.661,52.785,1.3759,1.3811,8.478,93.583,38.653,35.994,0,0
2026-06-28 12:00:00,A-001,60,52.568,52.611,1.3751,1.3799,8.555,93.675,38.634,35.855,0,0
2026-06-28 13:00:00,A-001,60,52.585,52.646,1.3674,1.38,8.646,93.19,39.023,35.521,0,0
2026-06-28 14:00:00,A-001,60,52.58,52.671,1.3576,1.3771,8.74,92.7,39.414,35.182,0,0
2026-06-28 15:00:00,A-001,60,52.606,52.683,1.353,1.372,8.828,92.208,39.806,34.841,0,0
2026-06-28 16:00:00,A-001,60,52.63,52.682,1.3418,1.359,8.923,91.718,40.2,34.505,0,0
2026-06-28 17:00:00,A-001,60,52.63,52.65,1.3355,1.3475,9.013,91.233,40.594,34.172,0,0
2026-06-28 18:00:00,A-001,60,52.861,53.116,1.3378,1.3496,9.008,90.779,40.342,34.154,0,0
2026-06-28 19:00:00,A-001,60,53.309,53.504,1.3517,1.3733,8.9,90.342,39.427,34.468,0,0
2026-06-28 20:00:00,A-001,60,53.735,53.9,1.3636,1.3862,8.796,89.9,38.512,34.778,0,0
2026-06-28 21:00:00,A-001,60,54.193,54.459,1.3807,1.4002,8.685,89.456,37.599,35.085,0,0
2026-06-28 22:00:00,A-001,60,54.649,54.883,1.3911,1.4062,8.583,89.015,36.688,35.397,0,0
2026-06-28 23:00:00,A-001,60,55.08,55.302,1.4064,1.4126,8.473,88.579,35.777,35.712,0,0
2026-06-29 00:00:00,A-001,60,55.221,55.31,1.4204,1.4327,8.43,89.1,35.402,35.767,0,0
2026-06-29 01:00:00,A-001,60,55.04,55.162,1.4357,1.4579,8.449,90.596,35.585,35.56,0,0
2026-06-29 02:00:00,A-001,60,54.836,54.924,1.4489,1.4718,8.472,92.088,35.769,35.348,0,0
2026-06-29 03:00:00,A-001,60,54.664,54.781,1.4673,1.4873,8.488,93.577,35.954,35.134,0,0
2026-06-29 04:00:00,A-001,60,54.489,54.626,1.4791,1.4944,8.511,95.069,36.142,34.924,0,0
2026-06-29 05:00:00,A-001,60,54.291,54.405,1.4958,1.5026,8.529,96.566,36.329,34.718,0,0
2026-06-29 06:00:00,A-001,60,54.166,54.2,1.5188,1.5369,8.592,97.431,36.372,34.659,0,0
2026-06-29 07:00:00,A-001,60,54.096,54.164,1.5511,1.5813,8.696,97.627,36.27,34.76,0,0
2026-06-29 08:00:00,A-001,60,54.004,54.093,1.5813,1.6083,8.803,97.818,36.169,34.856,0,0
2026-06-29 09:00:00,A-001,60,53.944,54.037,1.6167,1.6434,8.905,98.008,36.069,34.95,0,0
2026-06-29 10:00:00,A-001,60,53.881,53.969,1.6454,1.669,9.013,98.2,35.971,35.049,0,0
2026-06-29 11:00:00,A-001,60,53.794,53.854,1.6791,1.6943,9.116,98.397,35.874,35.151,0,0
2026-06-29 12:00:00,A-001,60,53.795,53.866,1.6937,1.7001,9.121,98.106,35.772,35.119,0,0
2026-06-29 13:00:00,A-001,60,53.868,53.943,1.6911,1.7048,9.02,97.298,35.667,34.957,0,0
2026-06-29 14:00:00,A-001,60,53.917,54.01,1.6865,1.7053,8.923,96.484,35.564,34.79,0,0
2026-06-29 15:00:00,A-001,60,53.998,54.079,1.687,1.7041,8.819,95.669,35.463,34.621,0,0
2026-06-29 16:00:00,A-001,60,54.077,54.138,1.681,1.6971,8.722,94.856,35.364,34.456,0,0
2026-06-29 17:00:00,A-001,60,54.132,54.168,1.6798,1.6895,8.62,94.048,35.264,34.295,0,0
2026-06-29 18:00:00,A-001,60,54.09,54.17,1.6744,1.6793,8.575,93.526,35.206,34.341,0,0
2026-06-29 19:00:00,A-001,60,53.927,54.041,1.6672,1.6796,8.584,93.286,35.192,34.609,0,0
2026-06-29 20:00:00,A-001,60,53.741,53.83,1.6579,1.6773,8.597,93.04,35.179,34.871,0,0
2026-06-29 21:00:00,A-001,60,53.588,53.701,1.6538,1.6726,8.603,92.793,35.168,35.132,0,0
2026-06-29 22:00:00,A-001,60,53.432,53.56,1.643,1.6602,8.617,92.548,35.158,35.397,0,0
2026-06-29 23:00:00,A-001,60,53.251,53.357,1.6372,1.649,8.624,92.309,35.149,35.666,0,0
2026-06-30 00:00:00,A-001,60,53.229,53.323,1.625,1.633,8.603,92.707,35.359,35.813,0,0
2026-06-30 01:00:00,A-001,60,53.35,53.438,1.6087,1.6238,8.547,93.752,35.798,35.841,0,0
2026-06-30 02:00:00,A-001,60,53.447,53.543,1.5904,1.6129,8.495,94.792,36.238,35.863,0,0
2026-06-30 03:00:00,A-001,60,53.577,53.681,1.5773,1.5995,8.436,95.83,36.68,35.884,0,0
2026-06-30 04:00:00,A-001,60,53.704,53.784,1.5576,1.5768,8.385,96.87,37.124,35.909,0,0
2026-06-30 05:00:00,A-001,60,53.807,53.867,1.5428,1.5589,8.327,97.916,37.568,35.938,0,0
2026-06-30 06:00:00,A-001,60,53.907,53.979,1.5101,1.534,8.315,98.015,37.822,35.96,0,0
2026-06-30 07:00:00,A-001,60,53.983,54.059,1.4615,1.4864,8.344,97.124,37.881,35.983,0,0
2026-06-30 08:00:00,A-001,60,54.035,54.129,1.4109,1.4492,8.376,96.227,37.941,36.001,0,0
2026-06-30 09:00:00,A-001,60,54.12,54.202,1.3654,1.4001,8.403,95.328,38.004,36.017,0,0
2026-06-30 10:00:00,A-001,60,54.202,54.264,1.3134,1.3404,8.436,94.431,38.068,36.037,0,0
2026-06-30 11:00:00,A-001,60,54.26,54.298,1.2662,1.2977,8.464,93.54,38.131,36.061,0,0
2026-06-30 12:00:00,A-001,60,54.36,54.455,1.2697,1.297,8.495,93.313,38.028,35.963,0,0
2026-06-30 13:00:00,A-001,60,54.482,54.571,1.3284,1.3714,8.524,93.757,37.754,35.748,0,0
2026-06-30 14:00:00,A-001,60,54.581,54.677,1.3849,1.4183,8.556,94.197,37.481,35.527,0,0
2026-06-30 15:00:00,A-001,60,54.713,54.818,1.4466,1.4837,8.583,94.635,37.21,35.305,0,0
2026-06-30 16:00:00,A-001,60,54.842,54.922,1.5017,1.5382,8.616,95.075,36.94,35.086,0,0
2026-06-30 17:00:00,A-001,60,54.947,55.007,1.5617,1.5899,8.644,95.521,36.671,34.872,0,0
2026-06-30 18:00:00,A-001,60,54.927,55.01,1.5743,1.591,8.688,95.191,36.817,34.714,0,0
2026-06-30 19:00:00,A-001,60,54.76,54.876,1.5404,1.5608,8.744,94.046,37.394,34.622,0,0
2026-06-30 20:00:00,A-001,60,54.569,54.657,1.5044,1.5356,8.803,92.896,37.973,34.524,0,0
2026-06-30 21:00:00,A-001,60,54.41,54.525,1.4736,1.5026,8.856,91.743,38.554,34.425,0,0
2026-06-30 22:00:00,A-001,60,54.249,54.38,1.4363,1.4597,8.916,90.593,39.136,34.33,0,0
2026-06-30 23:00:00,A-001,60,54.064,54.172,1.4037,1.4282,8.971,89.449,39.718,34.239,0,0
2026-07-01 00:00:00,A-001,60,54.03,54.115,1.3753,1.386,8.964,89.587,39.622,34.288,0,0
2026-07-01 01:00:00,A-001,60,54.132,54.216,1.3538,1.3704,8.89,91.039,38.828,34.489,0,0
2026-07-01 02:00:00,A-001,60,54.212,54.306,1.3302,1.3552,8.819,92.486,38.035,34.685,0,0
2026-07-01 03:00:00,A-001,60,54.323,54.418,1.3117,1.3359,8.742,93.93,37.244,34.879,0,0
2026-07-01 04:00:00,A-001,60,54.432,54.504,1.2867,1.3071,8.672,95.377,36.455,35.078,0,0
2026-07-01 05:00:00,A-001,60,54.517,54.568,1.2665,1.2851,8.597,96.829,35.665,35.28,0,0
2026-07-01 06:00:00,A-001,60,54.438,54.57,1.2695,1.2867,8.59,97.153,35.644,35.431,0,0
2026-07-01 07:00:00,A-001,60,54.17,54.336,1.2991,1.3281,8.651,96.296,36.42,35.535,0,0
2026-07-01 08:00:00,A-001,60,53.88,53.991,1.3267,1.353,8.715,95.434,37.197,35.634,0,0
2026-07-01 09:00:00,A-001,60,53.621,53.759,1.3594,1.385,8.773,94.57,37.976,35.732,0,0
2026-07-01 10:00:00,A-001,60,53.36,53.537,1.3855,1.4077,8.839,93.708,38.757,35.834,0,0
2026-07-01 11:00:00,A-001,60,53.075,53.232,1.4165,1.4304,8.898,92.852,39.537,35.939,0,0
2026-07-01 12:00:00,A-001,60,53.137,53.368,1.4478,1.4665,8.883,92.902,39.959,35.964,0,0
2026-07-01 13:00:00,A-001,60,53.537,53.715,1.4821,1.5133,8.787,93.875,40.014,35.911,0,0
2026-07-01 14:00:00,A-001,60,53.915,54.056,1.5143,1.5417,8.695,94.844,40.069,35.854,0,0
2026-07-01 15:00:00,A-001,60,54.325,54.567,1.5516,1.5791,8.596,95.81,40.126,35.795,0,0
2026-07-01 16:00:00,A-001,60,54.732,54.942,1.5824,1.607,8.505,96.778,40.185,35.74,0,0
2026-07-01 17:00:00,A-001,60,55.115,55.313,1.6181,1.6343,8.408,97.752,40.244,35.689,0,0
2026-07-01 18:00:00,A-001,60,55.108,55.32,1.6309,1.6355,8.331,98.359,40.301,35.618,0,0
2026-07-01 19:00:00,A-001,60,54.677,54.922,1.6227,1.6354,8.269,98.572,40.359,35.534,0,0
2026-07-01 20:00:00,A-001,60,54.223,54.415,1.6124,1.632,8.212,98.78,40.417,35.445,0,0
2026-07-01 21:00:00,A-001,60,53.801,53.981,1.6073,1.6265,8.148,98.986,40.478,35.354,0,0
2026-07-01 22:00:00,A-001,60,53.376,53.633,1.5955,1.6129,8.092,99.195,40.54,35.268,0,0
2026-07-01 23:00:00,A-001,60,52.928,53.165,1.5887,1.601,8.03,99.408,40.602,35.185,0,0
2026-07-02 00:00:00,A-001,60,52.799,52.922,1.5827,1.5891,8.04,99.539,40.459,35.184,0,0
2026-07-02 01:00:00,A-001,60,52.979,53.085,1.5801,1.5938,8.118,99.571,40.105,35.275,0,0
2026-07-02 02:00:00,A-001,60,53.137,53.236,1.5755,1.5943,8.201,99.597,39.751,35.361,0,0
2026-07-02 03:00:00,A-001,60,53.326,53.46,1.576,1.5931,8.277,99.622,39.4,35.445,0,0
2026-07-02 04:00:00,A-001,60,53.514,53.619,1.57,1.5861,8.361,99.649,39.051,35.534,0,0
2026-07-02 05:00:00,A-001,60,53.677,53.766,1.5688,1.5785,8.439,99.681,38.701,35.626,0,0
2026-07-02 06:00:00,A-001,60,53.661,53.77,1.537,1.567,8.443,99.701,38.444,35.642,0,0
2026-07-02 07:00:00,A-001,60,53.44,53.582,1.4761,1.5048,8.365,99.694,38.285,35.586,0,0
2026-07-02 08:00:00,A-001,60,53.196,53.285,1.4132,1.4576,8.291,99.682,38.127,35.526,0,0
2026-07-02 09:00:00,A-001,60,52.984,53.111,1.3554,1.3949,8.21,99.668,37.971,35.463,0,0
2026-07-02 10:00:00,A-001,60,52.77,52.925,1.291,1.321,8.137,99.656,37.817,35.405,0,0
2026-07-02 11:00:00,A-001,60,52.531,52.665,1.2315,1.2691,8.058,99.65,37.662,35.35,0,0
2026-07-02 12:00:00,A-001,60,52.631,52.876,1.2165,1.235,8.06,99.475,37.753,35.286,0,0
2026-07-02 13:00:00,A-001,60,53.06,53.247,1.2501,1.281,8.141,99.112,38.099,35.219,0,0
2026-07-02 14:00:00,A-001,60,53.465,53.62,1.2816,1.3089,8.225,98.743,38.446,35.147,0,0
2026-07-02 15:00:00,A-001,60,53.904,54.16,1.3183,1.3455,8.303,98.373,38.795,35.072,0,0
2026-07-02 16:00:00,A-001,60,54.339,54.563,1.3484,1.3727,8.389,98.004,39.145,35.003,0,0
2026-07-02 17:00:00,A-001,60,54.751,54.962,1.3834,1.3993,8.468,97.641,39.496,34.936,0,0
2026-07-02 18:00:00,A-001,60,54.87,54.97,1.4151,1.4328,8.465,97.367,39.297,34.993,0,0
2026-07-02 19:00:00,A-001,60,54.667,54.801,1.4461,1.4757,8.372,97.17,38.533,35.184,0,0
2026-07-02 20:00:00,A-001,60,54.442,54.53,1.475,1.5016,8.283,96.968,37.77,35.37,0,0
2026-07-02 21:00:00,A-001,60,54.248,54.371,1.509,1.5352,8.188,96.764,37.009,35.554,0,60
2026-07-02 22:00:00,A-001,60,54.052,54.199,1.5365,1.5594,8.1,96.563,36.249,35.743,0,60
2026-07-02 23:00:00,A-001,60,53.832,53.957,1.5688,1.5833,8.006,96.367,35.49,35.935,0,60
2026-07-03 00:00:00,A-001,60,53.816,53.937,1.5739,1.584,7.99,95.795,35.408,35.953,0,60
2026-07-03 01:00:00,A-001,60,53.992,54.096,1.5535,1.5698,8.048,94.822,36.029,35.797,0,60
2026-07-03 02:00:00,A-001,60,54.144,54.243,1.5311,1.5556,8.111,93.843,36.651,35.637,0,60
2026-07-03 03:00:00,A-001,60,54.329,54.46,1.5138,1.5375,8.167,92.863,37.275,35.474,0,0
2026-07-03 04:00:00,A-001,60,54.511,54.614,1.4899,1.5101,8.231,91.884,37.9,35.316,0,0
2026-07-03 05:00:00,A-001,60,54.669,54.757,1.4709,1.489,8.289,90.912,38.526,35.161,0,0
2026-07-03 06:00:00,A-001,60,54.673,54.76,1.4732,1.4894,8.355,90.503,38.561,35.07,0,0
2026-07-03 07:00:00,A-001,60,54.497,54.617,1.5001,1.5279,8.423,90.665,37.989,35.051,0,0
2026-07-03 08:00:00,A-001,60,54.298,54.387,1.525,1.5507,8.496,90.821,37.417,35.027,0,0
2026-07-03 09:00:00,A-001,60,54.131,54.248,1.5551,1.5796,8.562,90.976,36.848,35.001,0,0
2026-07-03 10:00:00,A-001,60,53.962,54.096,1.5785,1.5994,8.636,91.133,36.28,34.98,0,0
2026-07-03 11:00:00,A-001,60,53.768,53.88,1.6068,1.6194,8.704,91.295,35.712,34.962,0,0
2026-07-03 12:00:00,A-001,60,53.78,53.915,1.6012,1.62,8.714,91.612,35.616,34.957,0,0
2026-07-03 13:00:00,A-001,60,53.984,54.097,1.5632,1.5848,8.66,92.077,36.008,34.973,0,0
2026-07-03 14:00:00,A-001,60,54.165,54.266,1.523,1.5562,8.609,92.537,36.402,34.984,0,0
2026-07-03 15:00:00,A-001,60,54.378,54.523,1.4881,1.5187,8.552,92.995,36.798,34.993,0,0
2026-07-03 16:00:00,A-001,60,54.589,54.704,1.4465,1.471,8.502,93.455,37.195,35.007,0,0
2026-07-03 17:00:00,A-001,60,54.775,54.876,1.4099,1.4363,8.446,93.92,37.592,35.024,0,0
2026-07-03 18:00:00,A-001,60,54.696,54.88,1.4115,1.4335,8.387,94.453,37.586,34.97,0,0
2026-07-03 19:00:00,A-001,60,54.321,54.539,1.4552,1.491,8.32,95.041,37.165,34.849,0,0
2026-07-03 20:00:00,A-001,60,53.924,54.088,1.4969,1.5267,8.256,95.624,36.745,34.724,0,0
2026-07-03 21:00:00,A-001,60,53.559,53.724,1.5438,1.575,8.185,96.205,36.328,34.596,0,0
2026-07-03 22:00:00,A-001,60,53.191,53.42,1.5841,1.6133,8.122,96.789,35.912,34.473,0,0
2026-07-03 23:00:00,A-001,60,52.799,53.009,1.6293,1.6501,8.053,97.378,35.495,34.354,0,0
2026-07-04 00:00:00,A-001,60,52.623,52.671,1.6531,1.6619,8.046,97.454,35.428,34.345,0,0
2026-07-04 01:00:00,A-001,60,52.65,52.714,1.6576,1.6746,8.099,96.987,35.724,34.457,0,0
2026-07-04 02:00:00,A-001,60,52.655,52.746,1.6599,1.6802,8.155,96.516,36.021,34.565,0,0
2026-07-04 03:00:00,A-001,60,52.691,52.766,1.6675,1.6833,8.204,96.042,36.32,34.671,0,0
2026-07-04 04:00:00,A-001,60,52.725,52.773,1.6684,1.6829,8.261,95.57,36.621,34.781,0,0
2026-07-04 05:00:00,A-001,60,52.735,52.756,1.6743,1.6807,8.312,95.104,36.921,34.895,0,0
2026-07-04 06:00:00,A-001,60,52.762,52.808,1.6714,1.676,8.327,94.83,37.047,35.049,0,0
2026-07-04 07:00:00,A-001,60,52.785,52.848,1.6622,1.6752,8.299,94.742,36.995,35.252,0,0
2026-07-04 08:00:00,A-001,60,52.786,52.878,1.6509,1.6706,8.275,94.648,36.943,35.449,0,0
2026-07-04 09:00:00,A-001,60,52.819,52.895,1.6448,1.6643,8.245,94.553,36.894,35.645,0,0
2026-07-04 10:00:00,A-001,60,52.85,52.899,1.632,1.6496,8.222,94.46,36.846,35.845,0,0
2026-07-04 11:00:00,A-001,60,52.857,52.878,1.6242,1.637,8.193,94.372,36.798,36.049,0,0
2026-07-04 12:00:00,A-001,60,52.906,52.977,1.6172,1.6233,8.267,94.592,36.918,36.06,0,0
2026-07-04 13:00:00,A-001,60,52.98,53.056,1.6136,1.6269,8.443,95.117,37.214,35.88,0,0
2026-07-04 14:00:00,A-001,60,53.031,53.125,1.608,1.6269,8.622,95.637,37.511,35.694,0,0
2026-07-04 15:00:00,A-001,60,53.114,53.196,1.6075,1.625,8.795,96.154,37.81,35.507,0,0
2026-07-04 16:00:00,A-001,60,53.195,53.256,1.6005,1.6168,8.975,96.675,38.111,35.323,0,0
2026-07-04 17:00:00,A-001,60,53.251,53.288,1.5983,1.6084,9.15,97.2,38.411,35.144,0,0
2026-07-04 18:00:00,A-001,60,53.267,53.29,1.587,1.596,9.192,97.552,38.508,35.173,0,0
2026-07-04 19:00:00,A-001,60,53.221,53.277,1.5688,1.5844,9.092,97.712,38.397,35.424,0,0
2026-07-04 20:00:00,A-001,60,53.152,53.242,1.5485,1.5719,8.997,97.867,38.288,35.67,0,0
2026-07-04 21:00:00,A-001,60,53.115,53.204,1.5333,1.5563,8.895,98.02,38.18,35.914,0,0
2026-07-04 22:00:00,A-001,60,53.076,53.154,1.5116,1.5313,8.8,98.175,38.074,36.162,0,0
2026-07-04 23:00:00,A-001,60,53.012,53.06,1.4948,1.5118,8.699,98.335,37.968,36.415,0,0
2026-07-05 00:00:00,A-001,60,53.021,53.086,1.4968,1.5121,8.695,97.952,37.736,36.402,0,0
2026-07-05 01:00:00,A-001,60,53.083,53.155,1.5209,1.5473,8.786,96.992,37.377,36.123,0,0
2026-07-05 02:00:00,A-001,60,53.122,53.215,1.5429,1.5679,8.88,96.026,37.019,35.839,0,0
2026-07-05 03:00:00,A-001,60,53.193,53.269,1.5702,1.5936,8.968,95.059,36.663,35.553,0,0
2026-07-05 04:00:00,A-001,60,53.262,53.319,1.5908,1.6103,9.063,94.094,36.309,35.272,0,0
2026-07-05 05:00:00,A-001,60,53.307,53.338,1.6163,1.6274,9.153,93.135,35.954,34.994,0,0
2026-07-05 06:00:00,A-001,60,53.27,53.34,1.6296,1.638,9.151,93.159,35.789,34.965,0,0
2026-07-05 07:00:00,A-001,60,53.127,53.231,1.6331,1.6496,9.05,94.188,35.821,35.201,0,0
2026-07-05 08:00:00,A-001,60,52.961,53.05,1.6345,1.6545,8.953,95.211,35.855,35.432,0,0
2026-07-05 09:00:00,A-001,60,52.828,52.937,1.641,1.6564,8.849,96.232,35.891,35.662,0,0
2026-07-05 10:00:00,A-001,60,52.691,52.811,1.6409,1.6557,8.752,97.255,35.928,35.895,0,0
2026-07-05 11:00:00,A-001,60,52.531,52.627,1.6458,1.6527,8.65,98.284,35.965,36.132,0,0
2026-07-05 12:00:00,A-001,60,52.549,52.672,1.6121,1.647,8.56,98.837,36.366,36.319,0,0
2026-07-05 13:00:00,A-001,60,52.729,52.835,1.5412,1.573,8.477,98.883,37.145,36.462,0,0
2026-07-05 14:00:00,A-001,60,52.887,52.986,1.4682,1.5176,8.398,98.925,37.925,36.6,0,0
2026-07-05 15:00:00,A-001,60,53.076,53.21,1.4004,1.4439,8.313,98.964,38.708,36.736,0,0
2026-07-05 16:00:00,A-001,60,53.264,53.369,1.3261,1.3585,8.235,99.006,39.492,36.876,0,0
2026-07-05 17:00:00,A-001,60,53.427,53.516,1.2566,1.2991,8.151,99.053,40.275,37.02,0,0
2026-07-05 18:00:00,A-001,60,53.485,53.52,1.2332,1.2494,8.096,98.786,40.376,36.898,0,0
2026-07-05 19:00:00,A-001,60,53.414,53.482,1.2601,1.2879,8.067,98.181,39.774,36.509,0,0
2026-07-05 20:00:00,A-001,60,53.32,53.409,1.285,1.3107,8.041,97.571,39.173,36.115,0,0
2026-07-05 21:00:00,A-001,60,53.258,53.352,1.3151,1.3396,8.009,96.959,38.573,35.719,0,0
2026-07-05 22:00:00,A-001,60,53.193,53.282,1.3385,1.3594,7.984,96.349,37.976,35.328,0,0
2026-07-05 23:00:00,A-001,60,53.105,53.165,1.3668,1.3794,7.954,95.744,37.378,34.94,0,0
2026-07-06 00:00:00,A-001,60,53.26,53.485,1.3809,1.3888,7.981,95.012,37.28,34.883,0,0
2026-07-06 01:00:00,A-001,60,53.647,53.82,1.3828,1.3987,8.063,94.134,37.701,35.176,0,0
2026-07-06 02:00:00,A-001,60,54.012,54.146,1.3827,1.4024,8.149,93.25,38.122,35.464,0,0
2026-07-06 03:00:00,A-001,60,54.408,54.644,1.3878,1.4032,8.229,92.364,38.546,35.749,0,0
2026-07-06 04:00:00,A-001,60,54.802,55.005,1.3862,1.4013,8.316,91.481,38.972,36.04,0,0
2026-07-06 05:00:00,A-001,60,55.172,55.363,1.3895,1.3971,8.397,90.603,39.397,36.333,0,0
2026-07-06 06:00:00,A-001,60,55.249,55.37,1.4,1.414,8.501,90.733,39.533,36.467,0,0
2026-07-06 07:00:00,A-001,60,55.003,55.157,1.4204,1.4451,8.623,91.892,39.37,36.444,0,0
2026-07-06 08:00:00,A-001,60,54.734,54.835,1.4388,1.4629,8.749,93.045,39.209,36.415,0,0
2026-07-06 09:00:00,A-001,60,54.497,54.629,1.4623,1.4844,8.869,94.196,39.05,36.384,0,0
2026-07-06 10:00:00,A-001,60,54.257,54.424,1.4793,1.4971,8.996,95.349,38.892,36.357,0,0
2026-07-06 11:00:00,A-001,60,53.994,54.14,1.5011,1.5105,9.117,96.508,38.734,36.334,0,0
2026-07-06 12:00:00,A-001,60,53.791,53.87,1.5203,1.5339,9.141,97.145,38.513,36.397,0,0
2026-07-06 13:00:00,A-001,60,53.629,53.742,1.5394,1.5634,9.06,97.23,38.229,36.555,0,0
2026-07-06 14:00:00,A-001,60,53.445,53.534,1.5565,1.5803,8.982,97.31,37.946,36.707,0,0
2026-07-06 15:00:00,A-001,60,53.294,53.407,1.5787,1.6002,8.899,97.388,37.665,36.858,0,0
2026-07-06 16:00:00,A-001,60,53.139,53.267,1.5943,1.6114,8.822,97.468,37.385,37.013,0,0
2026-07-06 17:00:00,A-001,60,52.961,53.065,1.6148,1.6235,8.74,97.554,37.106,37.172,0,0
2026-07-06 18:00:00,A-001,60,52.992,53.138,1.6108,1.624,8.666,96.894,37.288,37.124,0,0
2026-07-06 19:00:00,A-001,60,53.219,53.339,1.5841,1.6022,8.595,95.451,37.951,36.868,0,0
2026-07-06 20:00:00,A-001,60,53.423,53.526,1.5553,1.5829,8.527,94.002,38.615,36.607,0,0
2026-07-06 21:00:00,A-001,60,53.66,53.816,1.5317,1.5578,8.453,92.552,39.28,36.345,0,0
2026-07-06 22:00:00,A-001,60,53.893,54.019,1.5014,1.5232,8.387,91.103,39.948,36.087,0,0
2026-07-06 23:00:00,A-001,60,54.103,54.216,1.4761,1.4972,8.315,89.66,40.615,35.832,0,0
2026-07-07 00:00:00,A-001,60,54.159,54.22,1.4725,1.4869,8.305,89.116,40.601,35.727,0,0
2026-07-07 01:00:00,A-001,60,54.034,54.129,1.4939,1.519,8.354,89.488,39.885,35.783,0,0
2026-07-07 02:00:00,A-001,60,53.887,53.975,1.5133,1.5377,8.406,89.855,39.17,35.834,0,0
2026-07-07 03:00:00,A-001,60,53.772,53.877,1.5378,1.5603,8.452,90.219,38.458,35.883,0,0
2026-07-07 04:00:00,A-001,60,53.654,53.765,1.5558,1.574,8.506,90.586,37.747,35.937,0,0
2026-07-07 05:00:00,A-001,60,53.512,53.599,1.5786,1.5885,8.554,90.958,37.035,35.994,0,0
2026-07-07 06:00:00,A-001,60,53.603,53.79,1.558,1.589,8.607,91.152,36.726,36.018,0,0
2026-07-07 07:00:00,A-001,60,53.913,54.06,1.4951,1.5244,8.661,91.149,36.833,36.016,0,0
2026-07-07 08:00:00,A-001,60,54.201,54.311,1.4302,1.4756,8.719,91.14,36.942,36.009,0,0
2026-07-07 09:00:00,A-001,60,54.52,54.718,1.3704,1.4107,8.77,91.13,37.052,35.999,0,0
2026-07-07 10:00:00,A-001,60,54.838,55.003,1.304,1.3345,8.829,91.121,37.165,35.995,0,0
2026-07-07 11:00:00,A-001,60,55.131,55.284,1.2425,1.2811,8.881,91.118,37.277,35.993,0,0
2026-07-07 12:00:00,A-001,60,55.297,55.338,1.2347,1.2589,8.881,91.383,37.345,36.057,0,0
2026-07-07 13:00:00,A-001,60,55.311,55.371,1.2849,1.3239,8.819,91.909,37.369,36.195,0,0
2026-07-07 14:00:00,A-001,60,55.301,55.393,1.3331,1.3645,8.762,92.431,37.394,36.327,0,0
2026-07-07 15:00:00,A-001,60,55.325,55.402,1.3865,1.4203,8.698,92.95,37.421,36.458,0,0
2026-07-07 16:00:00,A-001,60,55.345,55.398,1.4333,1.4657,8.642,93.472,37.45,36.593,0,0
2026-07-07 17:00:00,A-001,60,55.342,55.361,1.485,1.509,8.58,93.999,37.479,36.732,0,0
2026-07-07 18:00:00,A-001,60,55.128,55.35,1.4982,1.51,8.514,94.633,37.744,36.676,0,0
2026-07-07 19:00:00,A-001,60,54.677,54.932,1.4743,1.4916,8.44,95.363,38.255,36.425,0,0
2026-07-07 20:00:00,A-001,60,54.203,54.405,1.4483,1.4746,8.369,96.087,38.767,36.17,0,0
2026-07-07 21:00:00,A-001,60,53.761,53.947,1.4276,1.4526,8.292,96.81,39.281,35.912,0,0
2026-07-07 22:00:00,A-001,60,53.316,53.583,1.4002,1.4212,8.222,97.535,39.796,35.659,0,0
2026-07-07 23:00:00,A-001,60,52.848,53.095,1.3777,1.3974,8.147,98.266,40.312,35.41,0,0
2026-07-08 00:00:00,A-001,60,52.734,52.883,1.3817,1.4004,8.123,97.96,40.287,35.29,0,0
2026-07-08 01:00:00,A-001,60,52.966,53.088,1.4158,1.4469,8.149,96.568,39.706,35.313,0,0
2026-07-08 02:00:00,A-001,60,53.175,53.279,1.4479,1.4753,8.178,95.171,39.127,35.331,0,0
2026-07-08 03:00:00,A-001,60,53.417,53.576,1.4851,1.5125,8.201,93.772,38.549,35.347,0,60
2026-07-08 04:00:00,A-001,60,53.656,53.784,1.5157,1.5402,8.231,92.375,37.973,35.367,0,60
2026-07-08 05:00:00,A-001,60,53.871,53.986,1.5512,1.5673,8.256,90.984,37.397,35.391,0,60
2026-07-08 06:00:00,A-001,60,53.876,53.99,1.5517,1.568,8.348,90.222,36.932,35.462,0,60
2026-07-08 07:00:00,A-001,60,53.645,53.792,1.5186,1.5387,8.505,90.097,36.584,35.59,0,60
2026-07-08 08:00:00,A-001,60,53.391,53.485,1.4835,1.5142,8.666,89.967,36.238,35.713,0,60
2026-07-08 09:00:00,A-001,60,53.169,53.298,1.4535,1.4822,8.821,89.835,35.894,35.833,0,0
2026-07-08 10:00:00,A-001,60,52.945,53.104,1.417,1.4403,8.983,89.705,35.551,35.958,0,0
2026-07-08 11:00:00,A-001,60,52.696,52.835,1.3853,1.4094,9.139,89.58,35.208,36.087,0,0
2026-07-08 12:00:00,A-001,60,52.674,52.804,1.3824,1.3995,9.159,89.554,35.259,36.251,0,0
2026-07-08 13:00:00,A-001,60,52.867,52.976,1.4119,1.4408,9.033,89.616,35.718,36.459,0,0
2026-07-08 14:00:00,A-001,60,53.036,53.136,1.4392,1.4655,8.91,89.672,36.178,36.662,0,0
2026-07-08 15:00:00,A-001,60,53.237,53.377,1.4718,1.4974,8.781,89.726,36.64,36.863,0,0
2026-07-08 16:00:00,A-001,60,53.436,53.546,1.4977,1.5199,8.66,89.783,37.104,37.068,0,0
2026-07-08 17:00:00,A-001,60,53.611,53.706,1.5286,1.5424,8.533,89.845,37.568,37.277,0,0
2026-07-08 18:00:00,A-001,60,53.804,53.932,1.528,1.543,8.488,89.979,38.028,37.383,0,0
2026-07-08 19:00:00,A-001,60,53.994,54.103,1.4976,1.5169,8.524,90.172,38.485,37.391,0,0
2026-07-08 20:00:00,A-001,60,54.162,54.262,1.4652,1.4946,8.563,90.36,38.944,37.394,0,0
2026-07-08 21:00:00,A-001,60,54.361,54.5,1.4379,1.4655,8.596,90.546,39.405,37.394,0,0
2026-07-08 22:00:00,A-001,60,54.559,54.668,1.404,1.4266,8.636,90.735,39.867,37.399,0,0
2026-07-08 23:00:00,A-001,60,54.732,54.826,1.375,1.3978,8.671,90.928,40.329,37.408,0,0
2026-07-09 00:00:00,A-001,60,54.725,54.83,1.351,1.359,8.719,91.705,40.147,37.306,0,0
2026-07-09 01:00:00,A-001,60,54.51,54.649,1.3347,1.3498,8.776,93.07,39.301,37.098,0,0
2026-07-09 02:00:00,A-001,60,54.273,54.361,1.3164,1.3389,8.837,94.43,38.456,36.884,0,0
2026-07-09 03:00:00,A-001,60,54.067,54.192,1.3033,1.3255,8.892,95.787,37.614,36.668,0,0
2026-07-09 04:00:00,A-001,60,53.859,54.012,1.2836,1.3028,8.954,97.148,36.773,36.456,0,0
2026-07-09 05:00:00,A-001,60,53.628,53.759,1.2688,1.2849,9.01,98.513,35.931,36.248,0,0
2026-07-09 06:00:00,A-001,60,53.439,53.52,1.276,1.2942,9.0,99.126,35.49,36.003,0,0
2026-07-09 07:00:00,A-001,60,53.275,53.389,1.3086,1.339,8.917,98.948,35.464,35.726,0,0
2026-07-09 08:00:00,A-001,60,53.087,53.176,1.3391,1.3662,8.838,98.764,35.439,35.443,0,0
2026-07-09 09:00:00,A-001,60,52.932,53.046,1.3748,1.4017,8.753,98.578,35.417,35.159,0,0
2026-07-09 10:00:00,A-001,60,52.774,52.903,1.4039,1.4277,8.675,98.395,35.396,34.879,0,0
2026-07-09 11:00:00,A-001,60,52.592,52.699,1.438,1.4533,8.591,98.217,35.375,34.603,0,0
2026-07-09 12:00:00,A-001,60,52.599,52.722,1.4373,1.454,8.526,97.812,35.363,34.475,0,0
2026-07-09 13:00:00,A-001,60,52.779,52.885,1.4034,1.4238,8.477,97.157,35.364,34.508,0,0
2026-07-09 14:00:00,A-001,60,52.937,53.036,1.3674,1.3986,8.431,96.496,35.366,34.536,0,0
2026-07-09 15:00:00,A-001,60,53.126,53.26,1.3366,1.3656,8.379,95.834,35.37,34.562,0,0
2026-07-09 16:00:00,A-001,60,53.314,53.419,1.2993,1.3227,8.335,95.174,35.376,34.592,0,0
2026-07-09 17:00:00,A-001,60,53.477,53.566,1.2667,1.2912,8.284,94.52,35.381,34.626,0,0
2026-07-09 18:00:00,A-001,60,53.485,53.57,1.2464,1.252,8.298,94.091,35.521,34.841,0,0
2026-07-09 19:00:00,A-001,60,53.312,53.431,1.2411,1.2536,8.373,93.883,35.802,35.252,0,0
2026-07-09 20:00:00,A-001,60,53.116,53.205,1.2339,1.253,8.453,93.669,36.084,35.659,0,0
2026-07-09 21:00:00,A-001,60,52.953,53.069,1.2317,1.2498,8.526,93.454,36.368,36.063,0,0
2026-07-09 22:00:00,A-001,60,52.787,52.92,1.223,1.2397,8.606,93.241,36.653,36.471,0,0
2026-07-09 23:00:00,A-001,60,52.597,52.707,1.2192,1.23,8.68,93.033,36.939,36.883,0,0
2026-07-10 00:00:00,A-001,60,52.516,52.557,1.231,1.2485,8.716,93.484,37.098,37.004,0,0
2026-07-10 01:00:00,A-001,60,52.528,52.588,1.2616,1.2911,8.707,94.602,37.129,36.83,0,0
2026-07-10 02:00:00,A-001,60,52.517,52.608,1.2901,1.3167,8.701,95.715,37.161,36.651,0,0
2026-07-10 03:00:00,A-001,60,52.539,52.616,1.3238,1.3499,8.689,96.826,37.195,36.47,0,0
2026-07-10 04:00:00,A-001,60,52.558,52.611,1.351,1.3737,8.684,97.94,37.23,36.293,0,0
2026-07-10 05:00:00,A-001,60,52.553,52.572,1.383,1.3973,8.674,99.058,37.266,36.121,0,0
2026-07-10 06:00:00,A-001,60,52.694,52.862,1.3992,1.4074,8.706,99.646,37.166,36.017,0,0
2026-07-10 07:00:00,A-001,60,52.966,53.1,1.4018,1.418,8.779,99.671,36.928,35.991,0,0
2026-07-10 08:00:00,A-001,60,53.215,53.322,1.4024,1.4222,8.855,99.691,36.692,35.961,0,0
2026-07-10 09:00:00,A-001,60,53.497,53.676,1.4081,1.4235,8.924,99.708,36.458,35.928,0,0
2026-07-10 10:00:00,A-001,60,53.775,53.922,1.4072,1.4221,9.001,99.729,36.225,35.9,0,0
2026-07-10 11:00:00,A-001,60,54.03,54.165,1.4112,1.4185,9.072,99.754,35.992,35.875,0,0
2026-07-10 12:00:00,A-001,60,54.244,54.353,1.4257,1.4423,9.046,99.392,36.112,35.785,0,0
2026-07-10 13:00:00,A-001,60,54.394,54.492,1.4536,1.4818,8.915,98.615,36.598,35.635,0,0
2026-07-10 14:00:00,A-001,60,54.522,54.62,1.4795,1.5054,8.788,97.833,37.084,35.479,0,0
2026-07-10 15:00:00,A-001,60,54.682,54.801,1.5105,1.5355,8.654,97.049,37.573,35.322,0,0
2026-07-10 16:00:00,A-001,60,54.839,54.931,1.535,1.5564,8.528,96.268,38.064,35.168,0,0
2026-07-10 17:00:00,A-001,60,54.972,55.047,1.5643,1.5774,8.395,95.492,38.554,35.019,0,0
2026-07-10 18:00:00,A-001,60,54.923,55.05,1.5505,1.578,8.369,94.646,38.978,35.113,0,0
2026-07-10 19:00:00,A-001,60,54.665,54.826,1.4948,1.5219,8.446,93.714,39.336,35.465,0,0
2026-07-10 20:00:00,A-001,60,54.385,54.491,1.437,1.4789,8.527,92.777,39.695,35.813,0,0
2026-07-10 21:00:00,A-001,60,54.136,54.272,1.3844,1.4219,8.601,91.838,40.055,36.159,0,0
2026-07-10 22:00:00,A-001,60,53.885,54.057,1.3252,1.3539,8.684,90.902,40.418,36.509,0,0
2026-07-10 23:00:00,A-001,60,53.61,53.762,1.2709,1.3059,8.76,89.97,40.78,36.863,0,0
2026-07-11 00:00:00,A-001,60,53.431,53.48,1.2733,1.3024,8.817,90.364,40.627,36.841,0,0
2026-07-11 01:00:00,A-001,60,53.331,53.414,1.3371,1.3827,8.851,92.114,39.945,36.437,0,0
2026-07-11 02:00:00,A-001,60,53.209,53.298,1.3988,1.4336,8.889,93.859,39.263,36.028,0,0
2026-07-11 03:00:00,A-001,60,53.119,53.219,1.4657,1.5049,8.92,95.602,38.584,35.617,0,0
2026-07-11 04:00:00,A-001,60,53.026,53.127,1.5259,1.565,8.959,97.347,37.906,35.21,0,0
2026-07-11 05:00:00,A-001,60,52.909,52.984,1.5911,1.6218,8.992,99.097,37.228,34.808,0,0
2026-07-11 06:00:00,A-001,60,52.932,53.038,1.6237,1.6315,9.008,99.791,36.842,34.792,0,0
2026-07-11 07:00:00,A-001,60,53.077,53.173,1.6253,1.641,9.004,99.38,36.76,35.185,0,0
2026-07-11 08:00:00,A-001,60,53.199,53.297,1.6249,1.6444,9.004,98.963,36.678,35.573,0,0
2026-07-11 09:00:00,A-001,60,53.354,53.471,1.6296,1.6451,8.996,98.544,36.599,35.959,0,0
2026-07-11 10:00:00,A-001,60,53.506,53.597,1.6277,1.6429,8.997,98.127,36.521,36.349,0,0
2026-07-11 11:00:00,A-001,60,53.635,53.707,1.6307,1.6384,8.991,97.716,36.443,36.743,0,0
2026-07-11 12:00:00,A-001,60,53.831,53.988,1.6243,1.631,8.993,97.395,36.633,36.773,0,0
2026-07-11 13:00:00,A-001,60,54.079,54.205,1.611,1.6252,8.999,97.153,37.1,36.436,0,0
2026-07-11 14:00:00,A-001,60,54.303,54.407,1.5955,1.6166,9.008,96.906,37.569,36.094,0,0
2026-07-11 15:00:00,A-001,60,54.559,54.726,1.5852,1.6064,9.011,96.657,38.039,35.75,0,0
2026-07-11 16:00:00,A-001,60,54.813,54.948,1.5683,1.5869,9.022,96.411,38.512,35.41,0,0
2026-07-11 17:00:00,A-001,60,55.043,55.165,1.5563,1.5711,9.026,96.17,38.984,35.074,0,0
2026-07-11 18:00:00,A-001,60,55.037,55.17,1.5549,1.5661,8.997,96.26,39.187,34.953,0,0
2026-07-11 19:00:00,A-001,60,54.765,54.932,1.567,1.5877,8.927,96.68,39.115,35.062,0,0
2026-07-11 20:00:00,A-001,60,54.471,54.585,1.577,1.5991,8.861,97.095,39.043,35.167,0,0
2026-07-11 21:00:00,A-001,60,54.209,54.348,1.5923,1.611,8.789,97.508,38.974,35.269,0,0
2026-07-11 22:00:00,A-001,60,53.945,54.123,1.6009,1.6157,8.725,97.923,38.906,35.376,0,0
2026-07-11 23:00:00,A-001,60,53.656,53.815,1.6144,1.6196,8.654,98.343,38.838,35.487,0,0
2026-07-12 00:00:00,A-001,60,53.596,53.706,1.6065,1.62,8.638,98.499,38.626,35.625,0,0
2026-07-12 01:00:00,A-001,60,53.749,53.848,1.5793,1.5976,8.674,98.367,38.267,35.799,0,0
2026-07-12 02:00:00,A-001,60,53.88,53.978,1.55,1.5779,8.713,98.23,37.909,35.969,0,0
2026-07-12 03:00:00,A-001,60,54.043,54.164,1.5259,1.5523,8.746,98.091,37.553,36.136,0,0
2026-07-12 04:00:00,A-001,60,54.204,54.298,1.4952,1.517,8.786,97.955,37.199,36.308,0,0
2026-07-12 05:00:00,A-001,60,54.341,54.417,1.4694,1.4907,8.821,97.824,36.844,36.484,0,0
2026-07-12 06:00:00,A-001,60,54.401,54.42,1.4413,1.455,8.872,97.543,36.731,36.481,0,0
2026-07-12 07:00:00,A-001,60,54.361,54.414,1.4136,1.4321,8.936,97.092,36.87,36.302,0,0
2026-07-12 08:00:00,A-001,60,54.299,54.388,1.3838,1.4119,9.004,96.637,37.011,36.118,0,0
2026-07-12 09:00:00,A-001,60,54.268,54.356,1.3592,1.3857,9.065,96.18,37.153,35.933,0,0
2026-07-12 10:00:00,A-001,60,54.235,54.311,1.3279,1.3499,9.134,95.725,37.297,35.751,0,0
2026-07-12 11:00:00,A-001,60,54.179,54.224,1.3016,1.3232,9.196,95.276,37.441,35.573,0,0
2026-07-12 12:00:00,A-001,60,54.035,54.16,1.2823,1.287,9.168,95.287,37.561,35.415,0,0
2026-07-12 13:00:00,A-001,60,53.78,53.939,1.2729,1.286,9.04,95.76,37.658,35.284,0,0
2026-07-12 14:00:00,A-001,60,53.503,53.608,1.2615,1.2812,8.916,96.228,37.757,35.149,0,0
2026-07-12 15:00:00,A-001,60,53.258,53.392,1.2552,1.2748,8.786,96.694,37.858,35.011,0,0
2026-07-12 16:00:00,A-001,60,53.01,53.18,1.2423,1.2599,8.663,97.162,37.96,34.878,0,0
2026-07-12 17:00:00,A-001,60,52.738,52.889,1.2343,1.2471,8.534,97.636,38.062,34.749,0,0
2026-07-12 18:00:00,A-001,60,52.645,52.716,1.2414,1.257,8.476,97.271,38.013,34.78,0,0
2026-07-12 19:00:00,A-001,60,52.718,52.793,1.2666,1.2936,8.486,96.024,37.811,34.984,0,0
2026-07-12 20:00:00,A-001,60,52.767,52.86,1.2899,1.3151,8.501,94.772,37.609,35.184,0,0
2026-07-12 21:00:00,A-001,60,52.848,52.929,1.3182,1.3422,8.509,93.518,37.41,35.381,0,0
2026-07-12 22:00:00,A-001,60,52.927,52.988,1.34,1.3601,8.524,92.267,37.212,35.583,0,0
2026-07-12 23:00:00,A-001,60,52.982,53.018,1.3667,1.3784,8.533,91.02,37.014,35.788,0,0
2026-07-13 00:00:00,A-001,60,52.98,53.02,1.3925,1.409,8.569,90.722,36.98,36.0,0,0
2026-07-13 01:00:00,A-001,60,52.899,52.972,1.4201,1.4482,8.626,91.391,37.118,36.224,0,0
2026-07-13 02:00:00,A-001,60,52.795,52.884,1.4457,1.4715,8.687,92.054,37.257,36.443,0,0
2026-07-13 03:00:00,A-001,60,52.723,52.819,1.4764,1.5012,8.742,92.715,37.397,36.661,0,0
2026-07-13 04:00:00,A-001,60,52.648,52.741,1.5005,1.5218,8.804,93.378,37.539,36.883,0,0
2026-07-13 05:00:00,A-001,60,52.55,52.615,1.5295,1.5424,8.86,94.047,37.682,37.108,0,0
2026-07-13 06:00:00,A-001,60,52.625,52.774,1.5194,1.543,8.875,94.063,37.91,37.028,0,0
2026-07-13 07:00:00,A-001,60,52.859,52.981,1.4715,1.4962,8.842,93.389,38.229,36.639,0,0
2026-07-13 08:00:00,A-001,60,53.07,53.173,1.4215,1.4596,8.813,92.711,38.549,36.245,0,0
2026-07-13 09:00:00,A-001,60,53.313,53.473,1.3768,1.4112,8.777,92.03,38.871,35.849,0,0
2026-07-13 10:00:00,A-001,60,53.553,53.682,1.3254,1.3522,8.75,91.352,39.195,35.458,0,0
2026-07-13 11:00:00,A-001,60,53.77,53.886,1.2789,1.3101,8.715,90.679,39.519,35.07,0,0
2026-07-13 12:00:00,A-001,60,53.857,53.89,1.2702,1.2886,8.7,90.849,39.408,35.083,0,0
2026-07-13 13:00:00,A-001,60,53.791,53.857,1.3033,1.334,8.699,91.875,38.849,35.517,0,0
2026-07-13 14:00:00,A-001,60,53.702,53.791,1.3344,1.3615,8.702,92.897,38.291,35.947,0,0
2026-07-13 15:00:00,A-001,60,53.645,53.738,1.3706,1.3976,8.698,93.916,37.735,36.374,0,0
2026-07-13 16:00:00,A-001,60,53.586,53.672,1.4002,1.4242,8.702,94.938,37.18,36.806,0,0
2026-07-13 17:00:00,A-001,60,53.502,53.56,1.4347,1.4503,8.699,95.965,36.626,37.241,0,0
2026-07-13 18:00:00,A-001,60,53.598,53.761,1.4656,1.4829,8.696,95.986,36.628,37.415,0,0
2026-07-13 19:00:00,A-001,60,53.858,53.989,1.4956,1.5248,8.687,94.952,37.209,37.327,0,0
2026-07-13 20:00:00,A-001,60,54.096,54.202,1.5235,1.5499,8.681,93.914,37.791,37.233,0,0
2026-07-13 21:00:00,A-001,60,54.366,54.539,1.5565,1.5823,8.669,92.873,38.375,37.137,0,0
2026-07-13 22:00:00,A-001,60,54.633,54.774,1.583,1.6054,8.664,91.835,38.961,37.045,0,0
2026-07-13 23:00:00,A-001,60,54.876,55.005,1.6143,1.6283,8.654,90.802,39.546,36.957,0,0
2026-07-14 00:00:00,A-001,60,54.955,55.01,1.594,1.629,8.649,90.278,39.696,36.824,0,0
2026-07-14 01:00:00,A-001,60,54.844,54.932,1.5229,1.5549,8.647,90.266,39.399,36.65,0,0
2026-07-14 02:00:00,A-001,60,54.71,54.799,1.4498,1.4992,8.648,90.249,39.103,36.471,0,0
2026-07-14 03:00:00,A-001,60,54.608,54.71,1.3819,1.4254,8.642,90.23,38.808,36.29,0,0
2026-07-14 04:00:00,A-001,60,54.504,54.609,1.3073,1.3398,8.644,90.214,38.516,36.113,0,0
2026-07-14 05:00:00,A-001,60,54.375,54.455,1.2376,1.2802,8.64,90.203,38.223,35.941,0,0
2026-07-14 06:00:00,A-001,60,54.258,54.32,1.2249,1.2486,8.668,90.446,38.098,35.837,0,0
2026-07-14 07:00:00,A-001,60,54.132,54.227,1.2737,1.3119,8.724,90.939,38.149,35.811,0,0
2026-07-14 08:00:00,A-001,60,53.983,54.071,1.3204,1.3514,8.783,91.428,38.2,35.781,0,0
2026-07-14 09:00:00,A-001,60,53.866,53.971,1.3723,1.4054,8.836,91.914,38.255,35.748,0,0
2026-07-14 10:00:00,A-001,60,53.746,53.859,1.4176,1.4492,8.896,92.402,38.31,35.72,0,0
2026-07-14 11:00:00,A-001,60,53.603,53.69,1.4677,1.491,8.951,92.896,38.366,35.695,0,0
2026-07-14 12:00:00,A-001,60,53.587,53.668,1.4822,1.492,8.892,93.13,38.4,35.602,0,0
2026-07-14 13:00:00,A-001,60,53.682,53.764,1.4625,1.4786,8.71,93.082,38.414,35.445,0,0
2026-07-14 14:00:00,A-001,60,53.755,53.849,1.4407,1.4649,8.533,93.028,38.429,35.282,0,0
2026-07-14 15:00:00,A-001,60,53.86,53.952,1.4241,1.4476,8.349,92.972,38.447,35.118,0,0
2026-07-14 16:00:00,A-001,60,53.962,54.032,1.4009,1.4209,8.173,92.919,38.465,34.958,0,0
2026-07-14 17:00:00,A-001,60,54.04,54.088,1.3826,1.4003,7.991,92.871,38.484,34.802,0,0
2026-07-14 18:00:00,A-001,60,53.98,54.09,1.3625,1.372,7.93,93.395,38.344,34.76,0,0
2026-07-14 19:00:00,A-001,60,53.755,53.899,1.3433,1.3592,7.988,94.495,38.042,34.843,0,0
2026-07-14 20:00:00,A-001,60,53.507,53.598,1.322,1.3459,8.051,95.589,37.74,34.92,0,0
2026-07-14 21:00:00,A-001,60,53.292,53.42,1.3059,1.3292,8.107,96.682,37.441,34.996,0,0
2026-07-14 22:00:00,A-001,60,53.074,53.231,1.2831,1.303,8.171,97.777,37.143,35.076,0,0
2026-07-14 23:00:00,A-001,60,52.833,52.969,1.2653,1.2828,8.229,98.878,36.845,35.16,0,0
2026-07-15 00:00:00,A-001,60,52.806,52.927,1.2622,1.2743,8.306,99.156,36.613,35.361,0,0
2026-07-15 01:00:00,A-001,60,52.982,53.086,1.277,1.2989,8.398,98.571,36.45,35.691,0,0
2026-07-15 02:00:00,A-001,60,53.134,53.233,1.2897,1.3124,8.494,97.981,36.289,36.015,0,0
2026-07-15 03:00:00,A-001,60,53.319,53.45,1.3076,1.3274,8.584,97.388,36.13,36.338,0,0
2026-07-15 04:00:00,A-001,60,53.501,53.604,1.3188,1.3341,8.681,96.799,35.972,36.664,0,0
2026-07-15 05:00:00,A-001,60,53.659,53.747,1.335,1.3416,8.772,96.214,35.814,36.995,0,0
2026-07-15 06:00:00,A-001,60,53.847,53.978,1.363,1.3848,8.754,95.493,36.07,36.99,0,0
2026-07-15 07:00:00,A-001,60,54.044,54.155,1.406,1.4413,8.618,94.618,36.756,36.646,0,0
2026-07-15 08:00:00,A-001,60,54.218,54.319,1.4469,1.4764,8.485,93.738,37.443,36.297,0,0
2026-07-15 09:00:00,A-001,60,54.425,54.567,1.4929,1.5238,8.347,92.856,38.132,35.946,0,0
2026-07-15 10:00:00,A-001,60,54.629,54.741,1.5324,1.5612,8.215,91.976,38.822,35.6,0,0
2026-07-15 11:00:00,A-001,60,54.808,54.906,1.5767,1.5971,8.078,91.102,39.513,35.257,0,0
2026-07-15 12:00:00,A-001,60,54.725,54.91,1.5744,1.598,8.094,91.321,39.917,35.212,0,0
2026-07-15 13:00:00,A-001,60,54.349,54.567,1.5265,1.5512,8.263,92.658,40.028,35.481,0,0
2026-07-15 14:00:00,A-001,60,53.95,54.115,1.4765,1.5146,8.435,93.989,40.14,35.746,0,0
2026-07-15 15:00:00,A-001,60,53.583,53.748,1.4318,1.4662,8.601,95.318,40.254,36.008,0,0
2026-07-15 16:00:00,A-001,60,53.213,53.443,1.3804,1.4072,8.775,96.65,40.37,36.275,0,0
2026-07-15 17:00:00,A-001,60,52.82,53.03,1.3339,1.3651,8.943,97.987,40.485,36.545,0,0
2026-07-15 18:00:00,A-001,60,52.702,52.808,1.3251,1.3434,8.962,97.953,40.404,36.656,0,0
2026-07-15 19:00:00,A-001,60,52.847,52.943,1.3581,1.3887,8.823,96.486,40.121,36.609,0,0
2026-07-15 20:00:00,A-001,60,52.97,53.067,1.389,1.4161,8.687,95.014,39.84,36.557,0,0
2026-07-15 21:00:00,A-001,60,53.124,53.241,1.425,1.4519,8.545,93.54,39.561,36.502,0,0
2026-07-15 22:00:00,A-001,60,53.276,53.367,1.4544,1.4783,8.41,92.069,39.283,36.452,0,0
2026-07-15 23:00:00,A-001,60,53.405,53.477,1.4888,1.5043,8.27,90.602,39.005,36.406,0,0
2026-07-16 00:00:00,A-001,60,53.397,53.48,1.5137,1.5268,8.232,90.305,38.863,36.339,0,0
2026-07-16 01:00:00,A-001,60,53.227,53.344,1.5315,1.5548,8.296,91.201,38.864,36.257,0,0
2026-07-16 02:00:00,A-001,60,53.035,53.123,1.5472,1.5706,8.364,92.093,38.866,36.169,0,0
2026-07-16 03:00:00,A-001,60,52.874,52.989,1.568,1.589,8.425,92.982,38.87,36.08,0,0
2026-07-16 04:00:00,A-001,60,52.712,52.843,1.5823,1.5988,8.494,93.874,38.876,35.995,0,0
2026-07-16 05:00:00,A-001,60,52.525,52.634,1.6015,1.6096,8.556,94.771,38.881,35.914,0,0
2026-07-16 06:00:00,A-001,60,52.562,52.719,1.5804,1.61,8.639,95.17,39.051,35.865,0,0
2026-07-16 07:00:00,A-001,60,52.811,52.938,1.5204,1.5488,8.736,95.04,39.394,35.856,0,0
2026-07-16 08:00:00,A-001,60,53.037,53.142,1.4582,1.5022,8.837,94.905,39.737,35.842,0,0
2026-07-16 09:00:00,A-001,60,53.295,53.463,1.4013,1.4405,8.931,94.767,40.083,35.826,0,0
2026-07-16 10:00:00,A-001,60,53.551,53.686,1.3377,1.3675,9.033,94.632,40.43,35.815,0,0
2026-07-16 11:00:00,A-001,60,53.782,53.905,1.2791,1.3162,9.129,94.503,40.777,35.807,0,0
2026-07-16 12:00:00,A-001,60,53.854,53.91,1.2443,1.2492,9.177,94.1,40.876,35.787,0,0
2026-07-16 13:00:00,A-001,60,53.739,53.829,1.2369,1.2494,9.169,93.402,40.72,35.764,0,0
2026-07-16 14:00:00,A-001,60,53.602,53.69,1.2275,1.2469,9.165,92.698,40.566,35.735,0,0
2026-07-16 15:00:00,A-001,60,53.496,53.599,1.2232,1.2421,9.155,91.993,40.413,35.704,0,0
2026-07-16 16:00:00,A-001,60,53.389,53.496,1.2123,1.2295,9.152,91.29,40.262,35.677,0,0
2026-07-16 17:00:00,A-001,60,53.257,53.339,1.2063,1.2182,9.143,90.592,40.111,35.654,0,0
2026-07-16 18:00:00,A-001,60,53.381,53.597,1.2038,1.2123,9.069,90.998,39.773,35.773,0,0
2026-07-16 19:00:00,A-001,60,53.75,53.916,1.2076,1.2243,8.923,92.533,39.244,36.046,0,0
2026-07-16 20:00:00,A-001,60,54.096,54.221,1.2093,1.2294,8.781,94.063,38.715,36.314,0,0
2026-07-16 21:00:00,A-001,60,54.474,54.701,1.2162,1.2317,8.632,95.591,38.189,36.58,0,60
2026-07-16 22:00:00,A-001,60,54.85,55.044,1.2164,1.2311,8.49,97.121,37.665,36.85,0,60
2026-07-16 23:00:00,A-001,60,55.201,55.383,1.2216,1.2283,8.343,98.656,37.14,37.124,0,60
2026-07-17 00:00:00,A-001,60,55.301,55.39,1.229,1.2404,8.346,99.333,36.855,37.204,0,60
2026-07-17 01:00:00,A-001,60,55.12,55.242,1.2415,1.2623,8.498,99.108,36.819,37.092,0,60
2026-07-17 02:00:00,A-001,60,54.915,55.004,1.2519,1.2741,8.654,98.878,36.785,36.975,0,60
2026-07-17 03:00:00,A-001,60,54.744,54.861,1.2674,1.2863,8.803,98.645,36.752,36.855,0,0
2026-07-17 04:00:00,A-001,60,54.569,54.706,1.2764,1.2913,8.96,98.416,36.721,36.74,0,0
2026-07-17 05:00:00,A-001,60,54.371,54.485,1.2902,1.2956,9.111,98.191,36.69,36.629,0,0
2026-07-17 06:00:00,A-001,60,54.298,54.351,1.2969,1.3048,9.133,97.43,36.761,36.578,0,0
2026-07-17 07:00:00,A-001,60,54.335,54.401,1.2988,1.3147,9.015,96.1,36.94,36.596,0,0
2026-07-17 08:00:00,A-001,60,54.35,54.442,1.2987,1.3184,8.901,94.765,37.12,36.608,0,0
2026-07-17 09:00:00,A-001,60,54.396,54.469,1.3038,1.3192,8.781,93.427,37.303,36.619,0,0
2026-07-17 10:00:00,A-001,60,54.44,54.487,1.3022,1.3173,8.668,92.092,37.487,36.634,0,0
2026-07-17 11:00:00,A-001,60,54.46,54.483,1.3055,1.3131,8.549,90.763,37.67,36.653,0,0
2026-07-17 12:00:00,A-001,60,54.464,54.483,1.3194,1.3359,8.475,90.545,37.543,36.522,0,0
2026-07-17 13:00:00,A-001,60,54.431,54.481,1.3469,1.3748,8.444,91.461,37.095,36.243,0,0
2026-07-17 14:00:00,A-001,60,54.375,54.465,1.3723,1.3981,8.417,92.372,36.649,35.959,0,0
2026-07-17 15:00:00,A-001,60,54.352,54.438,1.4028,1.4276,8.383,93.282,36.205,35.673,0,0
2026-07-17 16:00:00,A-001,60,54.325,54.398,1.4267,1.4479,8.357,94.194,35.762,35.392,0,0
2026-07-17 17:00:00,A-001,60,54.275,54.317,1.4556,1.4684,8.325,95.111,35.319,35.114,0,0
2026-07-17 18:00:00,A-001,60,54.126,54.26,1.472,1.4814,8.341,95.201,35.123,35.103,0,0
2026-07-17 19:00:00,A-001,60,53.853,54.021,1.4783,1.4962,8.404,94.423,35.186,35.376,0,0
2026-07-17 20:00:00,A-001,60,53.557,53.671,1.4825,1.5032,8.47,93.639,35.25,35.644,0,0
2026-07-17 21:00:00,A-001,60,53.294,53.433,1.4919,1.5084,8.529,92.853,35.315,35.91,0,0
2026-07-17 22:00:00,A-001,60,53.027,53.207,1.4947,1.5088,8.596,92.07,35.383,36.18,0,0
2026-07-17 23:00:00,A-001,60,52.737,52.897,1.5023,1.5079,8.657,91.292,35.45,36.454,0,0
2026-07-18 00:00:00,A-001,60,52.687,52.809,1.4885,1.505,8.647,91.173,35.521,36.619,0,0
2026-07-18 01:00:00,A-001,60,52.864,52.969,1.4551,1.4754,8.557,91.722,35.598,36.68,0,0
2026-07-18 02:00:00,A-001,60,53.018,53.118,1.4197,1.4506,8.472,92.265,35.677,36.736,0,0
2026-07-18 03:00:00,A-001,60,53.205,53.337,1.3894,1.4182,8.379,92.806,35.758,36.791,0,0
2026-07-18 04:00:00,A-001,60,53.389,53.492,1.3525,1.3758,8.295,93.349,35.84,36.849,0,0
2026-07-18 05:00:00,A-001,60,53.549,53.636,1.3205,1.3447,8.204,93.898,35.922,36.911,0,0
2026-07-18 06:00:00,A-001,60,53.58,53.64,1.2982,1.303,8.246,94.626,36.102,36.963,0,0
2026-07-18 07:00:00,A-001,60,53.457,53.551,1.2887,1.3018,8.42,95.526,36.384,37.013,0,0
2026-07-18 08:00:00,A-001,60,53.311,53.4,1.2771,1.2968,8.598,96.421,36.668,37.057,0,0
2026-07-18 09:00:00,A-001,60,53.197,53.302,1.2706,1.2903,8.769,97.314,36.953,37.1,0,0
2026-07-18 10:00:00,A-001,60,53.081,53.192,1.2575,1.2752,8.948,98.209,37.241,37.147,0,0
2026-07-18 11:00:00,A-001,60,52.941,53.027,1.2494,1.2623,9.12,99.109,37.528,37.197,0,0
2026-07-18 12:00:00,A-001,60,52.908,52.971,1.2727,1.2999,9.129,98.953,37.927,37.107,0,0
2026-07-18 13:00:00,A-001,60,52.965,53.036,1.3311,1.3741,8.963,97.689,38.445,36.88,0,0
2026-07-18 14:00:00,A-001,60,52.999,53.092,1.3875,1.4209,8.801,96.421,38.963,36.648,0,0
2026-07-18 15:00:00,A-001,60,53.066,53.139,1.449,1.4861,8.632,95.15,39.484,36.414,0,0
2026-07-18 16:00:00,A-001,60,53.13,53.184,1.504,1.5404,8.471,93.882,40.006,36.184,0,0
2026-07-18 17:00:00,A-001,60,53.17,53.198,1.5638,1.5919,8.303,92.619,40.528,35.958,0,0
2026-07-18 18:00:00,A-001,60,53.347,53.528,1.5681,1.593,8.214,91.949,40.554,35.72,0,0
2026-07-18 19:00:00,A-001,60,53.646,53.788,1.5175,1.543,8.199,91.877,40.068,35.478,0,0
2026-07-18 20:00:00,A-001,60,53.922,54.031,1.4649,1.5042,8.189,91.8,39.583,35.231,0,0
2026-07-18 21:00:00,A-001,60,54.23,54.422,1.4174,1.4529,8.171,91.721,39.101,34.981,0,0
2026-07-18 22:00:00,A-001,60,54.535,54.695,1.3634,1.3909,8.162,91.644,38.62,34.737,0,0
2026-07-18 23:00:00,A-001,60,54.817,54.964,1.3142,1.3467,8.146,91.573,38.138,34.495,0,0
2026-07-19 00:00:00,A-001,60,54.861,54.97,1.3074,1.328,8.197,91.459,38.074,34.489,0,0
2026-07-19 01:00:00,A-001,60,54.64,54.782,1.347,1.3808,8.313,91.285,38.443,34.734,0,0
2026-07-19 02:00:00,A-001,60,54.396,54.485,1.3846,1.4133,8.433,91.107,38.814,34.973,0,0
2026-07-19 03:00:00,A-001,60,54.184,54.311,1.4273,1.4568,8.545,90.926,39.186,35.211,0,0
2026-07-19 04:00:00,A-001,60,53.97,54.125,1.4634,1.4906,8.666,90.748,39.56,35.452,0,0
2026-07-19 05:00:00,A-001,60,53.731,53.865,1.5044,1.5232,8.78,90.575,39.934,35.698,0,0
2026-07-19 06:00:00,A-001,60,53.656,53.727,1.5062,1.524,8.875,90.744,39.968,35.911,0,0
2026-07-19 07:00:00,A-001,60,53.73,53.806,1.4702,1.4912,8.943,91.252,39.654,36.097,0,0
2026-07-19 08:00:00,A-001,60,53.781,53.875,1.432,1.4642,9.016,91.755,39.341,36.278,0,0
2026-07-19 09:00:00,A-001,60,53.864,53.946,1.3991,1.4289,9.082,92.256,39.03,36.457,0,0
2026-07-19 10:00:00,A-001,60,53.945,54.006,1.3595,1.3835,9.156,92.76,38.721,36.64,0,0
2026-07-19 11:00:00,A-001,60,54.001,54.038,1.3249,1.3504,9.224,93.268,38.411,36.828,0,0
2026-07-19 12:00:00,A-001,60,54.13,54.254,1.3337,1.3602,9.154,93.721,38.179,36.904,0,0
2026-07-19 13:00:00,A-001,60,54.312,54.418,1.3901,1.4321,8.936,94.103,38.028,36.874,0,0
2026-07-19 14:00:00,A-001,60,54.471,54.57,1.4445,1.4774,8.722,94.479,37.878,36.838,0,0
2026-07-19 15:00:00,A-001,60,54.662,54.797,1.504,1.5403,8.501,94.854,37.73,36.801,0,0
2026-07-19 16:00:00,A-001,60,54.851,54.957,1.557,1.5925,8.288,95.231,37.584,36.767,0,0
2026-07-19 17:00:00,A-001,60,55.016,55.106,1.6148,1.6419,8.069,95.613,37.438,36.738,0,0
2026-07-19 18:00:00,A-001,60,54.905,55.11,1.6456,1.6547,8.031,95.529,37.337,36.679,0,0
2026-07-19 19:00:00,A-001,60,54.489,54.727,1.6511,1.6686,8.175,94.949,37.285,36.597,0,0
2026-07-19 20:00:00,A-001,60,54.05,54.235,1.6544,1.6749,8.323,94.363,37.233,36.509,0,0
2026-07-19 21:00:00,A-001,60,53.643,53.82,1.663,1.6792,8.464,93.776,37.184,36.42,0,60
2026-07-19 22:00:00,A-001,60,53.234,53.483,1.6649,1.6792,8.613,93.191,37.136,36.335,0,60
2026-07-19 23:00:00,A-001,60,52.8,53.03,1.6718,1.6777,8.756,92.612,37.088,36.254,0,60
2026-07-20 00:00:00,A-001,60,52.628,52.7,1.6443,1.674,8.765,91.998,37.277,36.222,0,60
2026-07-20 01:00:00,A-001,60,52.705,52.782,1.5841,1.6126,8.633,91.337,37.713,36.248,0,60
2026-07-20 02:00:00,A-001,60,52.759,52.853,1.5218,1.5659,8.504,90.67,38.15,36.269,0,60
2026-07-20 03:00:00,A-001,60,52.846,52.929,1.4647,1.504,8.368,90.001,38.589,36.288,0,0
2026-07-20 04:00:00,A-001,60,52.93,52.992,1.401,1.4308,8.24,89.334,39.029,36.312,0,0
2026-07-20 05:00:00,A-001,60,52.989,53.028,1.3421,1.3794,8.106,88.673,39.47,36.339,0,0
2026-07-20 06:00:00,A-001,60,52.99,53.03,1.3392,1.366,8.033,89.075,39.752,36.341,0,0
2026-07-20 07:00:00,A-001,60,52.909,52.982,1.3966,1.4391,8.017,90.561,39.873,36.324,0,0
2026-07-20 08:00:00,A-001,60,52.805,52.894,1.452,1.4851,8.004,92.043,39.995,36.301,0,0
2026-07-20 09:00:00,A-001,60,52.733,52.829,1.5125,1.5492,7.986,93.522,40.119,36.277,0,60
2026-07-20 10:00:00,A-001,60,52.658,52.751,1.5665,1.6024,7.974,95.004,40.245,36.257,0,60
2026-07-20 11:00:00,A-001,60,52.56,52.625,1.6253,1.6529,7.957,96.491,40.37,36.241,0,60
2026-07-20 12:00:00,A-001,60,52.582,52.678,1.6564,1.6654,8.039,96.569,40.069,36.26,0,60
2026-07-20 13:00:00,A-001,60,52.707,52.797,1.6616,1.6789,8.22,95.175,39.33,36.323,0,60
2026-07-20 14:00:00,A-001,60,52.81,52.906,1.6646,1.685,8.404,93.777,38.592,36.381,0,60
2026-07-20 15:00:00,A-001,60,52.944,53.051,1.6728,1.6889,8.582,92.376,37.856,36.436,0,0
2026-07-20 16:00:00,A-001,60,53.077,53.159,1.6744,1.6888,8.768,90.978,37.122,36.496,0,0
2026-07-20 17:00:00,A-001,60,53.185,53.247,1.6809,1.687,8.947,89.585,36.387,36.56,0,0
2026-07-20 18:00:00,A-001,60,53.311,53.406,1.6584,1.683,9.017,88.844,36.225,36.509,0,0
2026-07-20 19:00:00,A-001,60,53.435,53.524,1.6085,1.6338,8.97,88.762,36.656,36.345,0,0
2026-07-20 20:00:00,A-001,60,53.536,53.632,1.5566,1.5956,8.926,88.675,37.087,36.176,0,0
2026-07-20 21:00:00,A-001,60,53.669,53.775,1.5098,1.545,8.875,88.586,37.521,36.005,0,0
2026-07-20 22:00:00,A-001,60,53.799,53.88,1.4564,1.4837,8.832,88.5,37.957,35.838,0,0
2026-07-20 23:00:00,A-001,60,53.906,53.967,1.4079,1.4401,8.783,88.418,38.392,35.676,0,0
2026-07-21 00:00:00,A-001,60,53.868,53.97,1.3722,1.382,8.754,88.993,38.614,35.703,0,0
2026-07-21 01:00:00,A-001,60,53.66,53.796,1.3525,1.3686,8.739,90.231,38.616,35.934,0,0
2026-07-21 02:00:00,A-001,60,53.429,53.518,1.3307,1.3549,8.729,91.464,38.62,36.16,0,0
2026-07-21 03:00:00,A-001,60,53.231,53.354,1.3141,1.3376,8.711,92.695,38.626,36.384,0,0
2026-07-21 04:00:00,A-001,60,53.029,53.178,1.2909,1.3109,8.702,93.929,38.633,36.613,0,0
2026-07-21 05:00:00,A-001,60,52.804,52.932,1.2726,1.2903,8.686,95.167,38.64,36.845,0,0
2026-07-21 06:00:00,A-001,60,52.861,53.056,1.2707,1.2838,8.707,96.102,38.623,36.827,0,0
2026-07-21 07:00:00,A-001,60,53.188,53.34,1.2885,1.3118,8.761,96.709,38.582,36.558,0,0
2026-07-21 08:00:00,A-001,60,53.492,53.604,1.3042,1.3276,8.819,97.31,38.542,36.284,0,0
2026-07-21 09:00:00,A-001,60,53.829,54.035,1.325,1.346,8.87,97.909,38.504,36.008,0,0
2026-07-21 10:00:00,A-001,60,54.162,54.336,1.3393,1.3558,8.929,98.511,38.468,35.737,0,0
2026-07-21 11:00:00,A-001,60,54.472,54.634,1.3585,1.3666,8.981,99.118,38.432,35.469,0,0
2026-07-21 12:00:00,A-001,60,54.545,54.64,1.3692,1.378,8.923,98.765,38.41,35.367,0,0
2026-07-21 13:00:00,A-001,60,54.352,54.481,1.3738,1.3909,8.746,97.405,38.404,35.443,0,0
2026-07-21 14:00:00,A-001,60,54.136,54.225,1.3764,1.3966,8.572,96.04,38.399,35.514,0,0
2026-07-21 15:00:00,A-001,60,53.953,54.073,1.3841,1.3999,8.391,94.672,38.397,35.583,0,0
2026-07-21 16:00:00,A-001,60,53.767,53.909,1.3852,1.3997,8.218,93.308,38.396,35.656,0,0
2026-07-21 17:00:00,A-001,60,53.557,53.677,1.3912,1.3975,8.039,91.948,38.394,35.734,0,0
2026-07-21 18:00:00,A-001,60,53.54,53.654,1.3886,1.3931,7.976,91.102,38.547,35.822,0,0
2026-07-21 19:00:00,A-001,60,53.702,53.802,1.3797,1.3926,8.029,90.774,38.861,35.93,0,0
2026-07-21 20:00:00,A-001,60,53.841,53.939,1.3687,1.3884,8.085,90.44,39.177,36.033,0,0
2026-07-21 21:00:00,A-001,60,54.013,54.137,1.3629,1.3824,8.134,90.105,39.494,36.134,0,0
2026-07-21 22:00:00,A-001,60,54.181,54.279,1.3505,1.3681,8.191,89.772,39.813,36.239,0,0
2026-07-21 23:00:00,A-001,60,54.326,54.407,1.3431,1.3557,8.242,89.444,40.132,36.347,0,0
2026-07-22 00:00:00,A-001,60,54.341,54.41,1.3431,1.3539,8.342,89.802,40.355,36.253,0,0
2026-07-22 01:00:00,A-001,60,54.199,54.302,1.3538,1.3737,8.488,90.855,40.481,35.956,0,0
2026-07-22 02:00:00,A-001,60,54.035,54.124,1.3623,1.384,8.637,91.903,40.607,35.654,0,0
2026-07-22 03:00:00,A-001,60,53.903,54.012,1.376,1.3942,8.78,92.949,40.736,35.349,0,0
2026-07-22 04:00:00,A-001,60,53.769,53.888,1.3831,1.3977,8.93,93.998,40.867,35.049,0,0
2026-07-22 05:00:00,A-001,60,53.611,53.705,1.3951,1.3998,9.075,95.051,40.997,34.753,0,0
2026-07-22 06:00:00,A-001,60,53.596,53.686,1.3958,1.4004,9.145,94.98,40.682,34.787,0,0
2026-07-22 07:00:00,A-001,60,53.71,53.796,1.3874,1.4002,9.134,93.732,39.908,35.168,0,0
2026-07-22 08:00:00,A-001,60,53.801,53.896,1.377,1.3966,9.127,92.478,39.135,35.544,0,0
2026-07-22 09:00:00,A-001,60,53.924,54.025,1.3717,1.3909,9.113,91.222,38.364,35.918,0,0
2026-07-22 10:00:00,A-001,60,54.044,54.121,1.3598,1.3772,9.107,89.969,37.595,36.296,0,0
2026-07-22 11:00:00,A-001,60,54.141,54.198,1.3528,1.3652,9.094,88.721,36.825,36.678,0,0
2026-07-22 12:00:00,A-001,60,54.21,54.255,1.3654,1.3847,9.002,88.629,36.646,36.745,0,0
2026-07-22 13:00:00,A-001,60,54.23,54.292,1.4011,1.4329,8.823,89.717,37.08,36.493,0,0
2026-07-22 14:00:00,A-001,60,54.228,54.319,1.4346,1.4624,8.647,90.8,37.516,36.236,0,0
2026-07-22 15:00:00,A-001,60,54.258,54.334,1.4733,1.5013,8.465,91.881,37.953,35.977,0,0
2026-07-22 16:00:00,A-001,60,54.285,54.335,1.5054,1.5306,8.291,92.965,38.392,35.722,0,0
2026-07-22 17:00:00,A-001,60,54.288,54.309,1.5424,1.5593,8.11,94.054,38.831,35.47,0,0
2026-07-22 18:00:00,A-001,60,54.312,54.358,1.5833,1.6067,8.064,94.628,38.776,35.417,0,0
2026-07-22 19:00:00,A-001,60,54.335,54.398,1.6309,1.6686,8.151,94.656,38.214,35.575,0,0
2026-07-22 20:00:00,A-001,60,54.336,54.428,1.6765,1.7072,8.242,94.679,37.652,35.727,0,0
2026-07-22 21:00:00,A-001,60,54.369,54.445,1.7272,1.7599,8.326,94.7,37.093,35.878,0,0
2026-07-22 22:00:00,A-001,60,54.4,54.449,1.7713,1.8024,8.418,94.724,36.535,36.033,0,0
2026-07-22 23:00:00,A-001,60,54.407,54.428,1.8203,1.8431,8.504,94.752,35.977,36.192,0,0
2026-07-23 00:00:00,A-001,60,54.473,54.56,1.8362,1.844,8.598,95.096,36.117,36.253,0,0
2026-07-23 01:00:00,A-001,60,54.58,54.665,1.8205,1.8354,8.693,95.751,36.979,36.219,0,0
2026-07-23 02:00:00,A-001,60,54.664,54.759,1.8027,1.8249,8.793,96.401,37.843,36.18,0,0
2026-07-23 03:00:00,A-001,60,54.78,54.878,1.7901,1.8121,8.885,97.048,38.709,36.139,0,0
2026-07-23 04:00:00,A-001,60,54.894,54.969,1.7708,1.7899,8.986,97.698,39.576,36.102,0,0
2026-07-23 05:00:00,A-001,60,54.984,55.038,1.7565,1.7724,9.08,98.354,40.443,36.069,0,0
2026-07-23 06:00:00,A-001,60,55.01,55.04,1.7597,1.7749,9.139,97.924,40.696,36.001,0,0
2026-07-23 07:00:00,A-001,60,54.949,55.012,1.7837,1.81,9.156,96.357,40.317,35.904,0,0
2026-07-23 08:00:00,A-001,60,54.864,54.954,1.8055,1.8305,9.177,94.785,39.939,35.802,0,0
2026-07-23 09:00:00,A-001,60,54.813,54.905,1.8326,1.856,9.192,93.211,39.563,35.698,0,0
2026-07-23 10:00:00,A-001,60,54.758,54.843,1.853,1.8725,9.214,91.639,39.189,35.598,0,0
2026-07-23 11:00:00,A-001,60,54.68,54.735,1.8784,1.8894,9.23,90.073,38.814,35.502,0,0
2026-07-23 12:00:00,A-001,60,54.709,54.803,1.882,1.89,9.138,90.157,38.461,35.41,0,0
2026-07-23 13:00:00,A-001,60,54.83,54.918,1.866,1.881,8.928,91.931,38.132,35.329,0,0
2026-07-23 14:00:00,A-001,60,54.927,55.023,1.8479,1.8702,8.723,93.701,37.804,35.243,0,0
2026-07-23 15:00:00,A-001,60,55.057,55.161,1.8349,1.857,8.51,95.469,37.478,35.156,0,0
2026-07-23 16:00:00,A-001,60,55.184,55.264,1.8154,1.8345,8.306,97.239,37.153,35.073,0,0
2026-07-23 17:00:00,A-001,60,55.287,55.347,1.8007,1.8167,8.095,99.014,36.829,34.993,0,0
2026-07-23 18:00:00,A-001,60,55.178,55.35,1.7872,1.792,8.035,99.316,36.762,34.955,0,0
2026-07-23 19:00:00,A-001,60,54.829,55.034,1.7774,1.7906,8.126,98.081,36.965,34.968,0,0
2026-07-23 20:00:00,A-001,60,54.456,54.608,1.7656,1.7854,8.22,96.841,37.169,34.976,0,0
2026-07-23 21:00:00,A-001,60,54.116,54.274,1.759,1.7788,8.308,95.599,37.374,34.982,0,0
2026-07-23 22:00:00,A-001,60,53.773,53.99,1.7458,1.7635,8.403,94.359,37.581,34.992,0,0
2026-07-23 23:00:00,A-001,60,53.406,53.604,1.7375,1.7505,8.493,93.125,37.788,35.006,0,0
2026-07-24 00:00:00,A-001,60,53.405,53.614,1.7399,1.7524,8.569,92.554,37.944,34.963,0,0
2026-07-24 01:00:00,A-001,60,53.76,53.922,1.756,1.7785,8.626,92.655,38.048,34.869,0,0
2026-07-24 02:00:00,A-001,60,54.093,54.212,1.77,1.7931,8.687,92.752,38.153,34.77,0,0
2026-07-24 03:00:00,A-001,60,54.458,54.677,1.7892,1.8096,8.742,92.846,38.261,34.669,0,0
2026-07-24 04:00:00,A-001,60,54.82,55.008,1.8018,1.8175,8.804,92.943,38.37,34.573,0,0
2026-07-24 05:00:00,A-001,60,55.158,55.334,1.8193,1.8266,8.86,93.045,38.478,34.48,0,0
2026-07-24 06:00:00,A-001,60,55.31,55.34,1.8403,1.8566,8.912,93.539,38.738,34.488,0,0
2026-07-24 07:00:00,A-001,60,55.249,55.312,1.8674,1.8952,8.956,94.424,39.156,34.607,0,0
2026-07-24 08:00:00,A-001,60,55.164,55.254,1.8924,1.9181,9.004,95.304,39.574,34.722,0,0
2026-07-24 09:00:00,A-001,60,55.113,55.205,1.9226,1.9473,9.045,96.181,39.995,34.834,0,0
2026-07-24 10:00:00,A-001,60,55.058,55.143,1.9462,1.9673,9.094,97.061,40.417,34.951,0,0
2026-07-24 11:00:00,A-001,60,54.98,55.035,1.9748,1.9874,9.137,97.947,40.839,35.072,0,0
2026-07-24 12:00:00,A-001,60,54.97,55.024,1.9931,2.0039,9.163,97.908,40.743,35.043,0,0
2026-07-24 13:00:00,A-001,60,55.01,55.077,2.0038,2.0237,9.166,96.9,40.114,34.867,0,0
2026-07-24 14:00:00,A-001,60,55.028,55.12,2.0123,2.034,9.174,95.886,39.486,34.687,0,0
2026-07-24 15:00:00,A-001,60,55.078,55.15,2.026,2.0442,9.175,94.87,38.86,34.504,0,0
2026-07-24 16:00:00,A-001,60,55.125,55.173,2.0331,2.0477,9.184,93.857,38.236,34.326,0,0
2026-07-24 17:00:00,A-001,60,55.148,55.172,2.0451,2.0498,9.187,92.849,37.611,34.151,0,0
2026-07-24 18:00:00,A-001,60,55.051,55.17,2.03,2.05,9.119,92.691,37.582,34.159,0,0
2026-07-24 19:00:00,A-001,60,54.808,54.961,1.9894,2.0119,8.973,93.398,38.172,34.362,0,0
2026-07-24 20:00:00,A-001,60,54.542,54.641,1.9468,1.9812,8.831,94.099,38.762,34.559,0,0
2026-07-24 21:00:00,A-001,60,54.308,54.44,1.9094,1.9409,8.682,94.799,39.354,34.755,0,0
2026-07-24 22:00:00,A-001,60,54.072,54.237,1.8653,1.8904,8.54,95.5,39.948,34.955,0,0
2026-07-24 23:00:00,A-001,60,53.812,53.957,1.8261,1.8538,8.393,96.208,40.542,35.159,0,0
2026-07-25 00:00:00,A-001,60,53.866,54.077,1.8196,1.8368,8.305,96.071,40.431,35.367,0,0
2026-07-25 01:00:00,A-001,60,54.225,54.388,1.8494,1.8784,8.272,95.047,39.593,35.587,0,0
2026-07-25 02:00:00,A-001,60,54.561,54.682,1.8771,1.9034,8.243,94.019,38.757,35.801,0,0
2026-07-25 03:00:00,A-001,60,54.929,55.151,1.9099,1.9356,8.207,92.988,37.923,36.013,0,0
2026-07-25 04:00:00,A-001,60,55.295,55.484,1.9362,1.9586,8.179,91.96,37.09,36.23,0,0
2026-07-25 05:00:00,A-001,60,55.636,55.813,1.9674,1.9814,8.145,90.937,36.257,36.451,0,0
2026-07-25 06:00:00,A-001,60,55.778,55.82,1.9627,1.982,8.15,90.839,35.868,36.342,0,0
2026-07-25 07:00:00,A-001,60,55.691,55.767,1.9237,1.9456,8.189,91.684,35.941,35.9,0,0
2026-07-25 08:00:00,A-001,60,55.582,55.671,1.8826,1.9162,8.231,92.524,36.015,35.452,0,0
2026-07-25 09:00:00,A-001,60,55.505,55.603,1.8466,1.8776,8.268,93.362,36.09,35.003,0,0
2026-07-25 10:00:00,A-001,60,55.426,55.521,1.804,1.8288,8.311,94.202,36.167,34.558,0,0
2026-07-25 11:00:00,A-001,60,55.323,55.39,1.7664,1.7933,8.349,95.047,36.245,34.117,0,0
2026-07-25 12:00:00,A-001,60,55.18,55.28,1.7465,1.7541,8.397,95.05,36.458,34.118,0,0
2026-07-25 13:00:00,A-001,60,54.977,55.111,1.7476,1.763,8.451,94.169,36.816,34.582,0,0
2026-07-25 14:00:00,A-001,60,54.752,54.84,1.7466,1.7661,8.509,93.282,37.175,35.041,0,0
2026-07-25 15:00:00,A-001,60,54.558,54.681,1.7508,1.7665,8.56,92.393,37.535,35.499,0,0
2026-07-25 16:00:00,A-001,60,54.362,54.509,1.7485,1.7637,8.619,91.506,37.898,35.961,0,0
2026-07-25 17:00:00,A-001,60,54.142,54.267,1.751,1.7589,8.671,90.625,38.26,36.426,0,0
2026-07-25 18:00:00,A-001,60,54.0,54.04,1.7695,1.7895,8.698,90.05,38.658,36.41,0,0
2026-07-25 19:00:00,A-001,60,53.919,53.992,1.8073,1.8402,8.692,89.778,39.095,35.903,0,0
2026-07-25 20:00:00,A-001,60,53.815,53.904,1.843,1.8713,8.689,89.502,39.534,35.39,0,0
2026-07-25 21:00:00,A-001,60,53.743,53.839,1.8839,1.9127,8.68,89.223,39.975,34.876,0,0
2026-07-25 22:00:00,A-001,60,53.668,53.761,1.9182,1.9444,8.679,88.946,40.417,34.366,0,0
2026-07-25 23:00:00,A-001,60,53.57,53.635,1.9573,1.9752,8.672,88.675,40.859,33.86,0,0
2026-07-26 00:00:00,A-001,60,53.606,53.717,1.9752,1.982,8.655,89.395,41.012,33.753,0,0
2026-07-26 01:00:00,A-001,60,53.762,53.86,1.9736,1.9878,8.622,91.127,40.868,34.066,0,0
2026-07-26 02:00:00,A-001,60,53.894,53.992,1.97,1.9888,8.593,92.853,40.725,34.374,0,0
2026-07-26 03:00:00,A-001,60,54.059,54.181,1.9715,1.9882,8.557,94.578,40.584,34.679,0,0
2026-07-26 04:00:00,A-001,60,54.221,54.316,1.9665,1.9823,8.53,96.304,40.444,34.989,0,0
2026-07-26 05:00:00,A-001,60,54.36,54.437,1.9663,1.9755,8.495,98.036,40.305,35.303,0,0
2026-07-26 06:00:00,A-001,60,54.519,54.632,1.9776,1.9935,8.459,98.034,40.11,35.443,0,0
2026-07-26 07:00:00,A-001,60,54.679,54.779,2.0034,2.0306,8.414,96.224,39.861,35.411,0,0
2026-07-26 08:00:00,A-001,60,54.817,54.915,2.0271,2.0525,8.374,94.409,39.613,35.374,0,0
2026-07-26 09:00:00,A-001,60,54.987,55.111,2.056,2.0801,8.327,92.591,39.367,35.335,0,0
2026-07-26 10:00:00,A-001,60,55.154,55.25,2.0783,2.0986,8.287,90.776,39.123,35.3,0,0
2026-07-26 11:00:00,A-001,60,55.297,55.377,2.1054,2.1174,8.241,88.967,38.878,35.269,0,0
2026-07-26 12:00:00,A-001,60,55.32,55.38,2.0928,2.118,8.243,88.338,38.608,35.217,0,0
2026-07-26 13:00:00,A-001,60,55.199,55.292,2.0418,2.0674,8.289,88.916,38.314,35.151,0,0
2026-07-26 14:00:00,A-001,60,55.055,55.144,1.9887,2.0282,8.338,89.49,38.021,35.081,0,0
2026-07-26 15:00:00,A-001,60,54.943,55.048,1.9407,1.9764,8.381,90.06,37.73,35.008,0,0
2026-07-26 16:00:00,A-001,60,54.829,54.939,1.8861,1.9138,8.431,90.634,37.441,34.94,0,0
2026-07-26 17:00:00,A-001,60,54.69,54.775,1.8365,1.8692,8.476,91.213,37.151,34.876,0,0
2026-07-26 18:00:00,A-001,60,54.656,54.716,1.8378,1.8643,8.551,92.173,37.302,34.854,0,0
2026-07-26 19:00:00,A-001,60,54.708,54.778,1.8944,1.9364,8.653,93.513,37.911,34.883,0,0
2026-07-26 20:00:00,A-001,60,54.737,54.83,1.9489,1.9818,8.759,94.847,38.522,34.908,0,0
2026-07-26 21:00:00,A-001,60,54.798,54.869,2.0086,2.0449,8.859,96.18,39.134,34.93,0,0
2026-07-26 22:00:00,A-001,60,54.857,54.91,2.0617,2.0973,8.966,97.515,39.748,34.957,0,0
2026-07-26 23:00:00,A-001,60,54.892,54.919,2.1198,2.1469,9.067,98.856,40.362,34.987,0,0
2026-07-27 00:00:00,A-001,60,54.893,54.92,2.1632,2.1809,9.046,98.973,40.329,35.108,0,0
2026-07-27 01:00:00,A-001,60,54.839,54.899,2.1943,2.224,8.893,97.811,39.63,35.329,0,0
2026-07-27 02:00:00,A-001,60,54.761,54.851,2.2234,2.2501,8.744,96.644,38.932,35.545,0,0
2026-07-27 03:00:00,A-001,60,54.716,54.806,2.2576,2.2838,8.588,95.475,38.236,35.759,0,0
2026-07-27 04:00:00,A-001,60,54.668,54.75,2.2852,2.3082,8.441,94.309,37.541,35.978,0,0
2026-07-27 05:00:00,A-001,60,54.596,54.649,2.3177,2.3323,8.286,93.147,36.847,36.2,0,0
2026-07-27 06:00:00,A-001,60,54.642,54.749,2.3318,2.3383,8.228,92.633,36.873,36.281,0,0
2026-07-27 07:00:00,A-001,60,54.789,54.886,2.3294,2.3432,8.264,92.775,37.648,36.224,0,0
2026-07-27 08:00:00,A-001,60,54.914,55.011,2.3249,2.3437,8.303,92.911,38.423,36.162,0,0
2026-07-27 09:00:00,A-001,60,55.07,55.188,2.3256,2.3426,8.336,93.046,39.2,36.097,0,0
2026-07-27 10:00:00,A-001,60,55.224,55.315,2.3197,2.3358,8.376,93.183,39.979,36.037,0,0
2026-07-27 11:00:00,A-001,60,55.354,55.427,2.3187,2.3283,8.411,93.325,40.758,35.981,0,0
2026-07-27 12:00:00,A-001,60,55.297,55.43,2.3126,2.3171,8.444,93.375,40.961,35.754,0,0
2026-07-27 13:00:00,A-001,60,55.025,55.192,2.3039,2.3168,8.471,93.317,40.572,35.357,0,0
2026-07-27 14:00:00,A-001,60,54.731,54.845,2.2931,2.3128,8.502,93.253,40.184,34.954,0,0
2026-07-27 15:00:00,A-001,60,54.469,54.608,2.2875,2.3069,8.527,93.187,39.798,34.55,0,0
2026-07-27 16:00:00,A-001,60,54.205,54.383,2.2753,2.2928,8.559,93.124,39.414,34.15,0,0
2026-07-27 17:00:00,A-001,60,53.916,54.075,2.268,2.2805,8.585,93.066,39.029,33.754,0,0
2026-07-27 18:00:00,A-001,60,53.938,54.131,2.2602,2.2657,8.651,92.846,38.967,33.691,0,0
2026-07-27 19:00:00,A-001,60,54.26,54.411,2.2546,2.267,8.753,92.445,39.239,33.979,0,0
2026-07-27 20:00:00,A-001,60,54.56,54.671,2.247,2.2662,8.859,92.038,39.513,34.261,0,0
2026-07-27 21:00:00,A-001,60,54.891,55.095,2.2446,2.2628,8.959,91.629,39.789,34.542,0,0
2026-07-27 22:00:00,A-001,60,55.22,55.392,2.2355,2.2523,9.066,91.222,40.066,34.827,0,0
2026-07-27 23:00:00,A-001,60,55.525,55.684,2.2314,2.2424,9.167,90.821,40.343,35.116,0,0
2026-07-28 00:00:00,A-001,60,55.637,55.69,2.2478,2.2687,9.187,90.462,40.286,35.168,0,0
2026-07-28 01:00:00,A-001,60,55.529,55.616,2.2883,2.3224,9.117,90.134,39.885,34.982,0,0
2026-07-28 02:00:00,A-001,60,55.398,55.487,2.3266,2.3556,9.051,89.8,39.485,34.792,0,0
2026-07-28 03:00:00,A-001,60,55.3,55.401,2.3702,2.4001,8.979,89.465,39.087,34.599,0,0
2026-07-28 04:00:00,A-001,60,55.199,55.303,2.4071,2.4347,8.915,89.132,38.691,34.411,0,0
2026-07-28 05:00:00,A-001,60,55.074,55.152,2.449,2.4682,8.844,88.804,38.295,34.227,0,0
2026-07-28 06:00:00,A-001,60,54.958,55.02,2.4679,2.4746,8.839,89.144,38.028,34.145,0,0
2026-07-28 07:00:00,A-001,60,54.832,54.927,2.4659,2.4798,8.896,90.163,37.895,34.176,0,0
2026-07-28 08:00:00,A-001,60,54.683,54.771,2.4617,2.4805,8.957,91.176,37.764,34.202,0,0
2026-07-28 09:00:00,A-001,60,54.566,54.671,2.4628,2.4797,9.012,92.187,37.634,34.226,0,0
2026-07-28 10:00:00,A-001,60,54.446,54.559,2.4572,2.4732,9.074,93.2,37.507,34.254,0,0
2026-07-28 11:00:00,A-001,60,54.303,54.39,2.4566,2.466,9.13,94.219,37.379,34.286,0,0
2026-07-28 12:00:00,A-001,60,54.3,54.395,2.4236,2.455,9.165,94.772,37.395,34.323,0,0
2026-07-28 13:00:00,A-001,60,54.422,54.511,2.3599,2.3895,9.174,94.828,37.563,34.373,0,0
2026-07-28 14:00:00,A-001,60,54.521,54.617,2.2941,2.3399,9.187,94.88,37.731,34.417,0,0
2026-07-28 15:00:00,A-001,60,54.653,54.758,2.2335,2.2741,9.193,94.929,37.902,34.46,0,60
2026-07-28 16:00:00,A-001,60,54.782,54.862,2.1662,2.1969,9.207,94.981,38.074,34.507,0,60
2026-07-28 17:00:00,A-001,60,54.887,54.947,2.1039,2.1429,9.214,95.038,38.246,34.557,0,60
2026-07-28 18:00:00,A-001,60,54.987,55.059,2.1184,2.1596,9.223,94.516,38.314,34.477,0,60
2026-07-28 19:00:00,A-001,60,55.063,55.139,2.215,2.2768,9.226,93.381,38.277,34.27,0,60
2026-07-28 20:00:00,A-001,60,55.115,55.209,2.3096,2.3528,9.234,92.24,38.241,34.058,0,60
2026-07-28 21:00:00,A-001,60,55.2,55.282,2.4093,2.4619,9.235,91.098,38.206,33.844,0,0
2026-07-28 22:00:00,A-001,60,55.282,55.344,2.5024,2.5576,9.244,89.958,38.173,33.634,0,0
2026-07-28 23:00:00,A-001,60,55.34,55.378,2.6004,2.6472,9.247,88.824,38.14,33.428,0,0
2026-07-29 00:00:00,A-001,60,55.44,55.535,2.615,2.649,9.213,88.771,38.282,33.471,0,0
2026-07-29 01:00:00,A-001,60,55.562,55.651,2.5459,2.5772,9.135,89.822,38.606,33.781,0,0
2026-07-29 02:00:00,A-001,60,55.661,55.757,2.4748,2.5232,9.061,90.869,38.932,34.085,0,0
2026-07-29 03:00:00,A-001,60,55.793,55.898,2.4089,2.4516,8.98,91.913,39.259,34.388,0,0
2026-07-29 04:00:00,A-001,60,55.922,56.002,2.3363,2.3683,8.907,92.96,39.588,34.694,0,0
2026-07-29 05:00:00,A-001,60,56.027,56.087,2.2686,2.3102,8.828,94.012,39.917,35.005,0,0
2026-07-29 06:00:00,A-001,60,56.153,56.25,2.2276,2.233,8.821,94.044,39.845,35.177,0,0
2026-07-29 07:00:00,A-001,60,56.28,56.37,2.2167,2.2302,8.884,93.007,39.361,35.213,0,0
2026-07-29 08:00:00,A-001,60,56.384,56.48,2.2037,2.2237,8.95,91.965,38.877,35.244,0,0
2026-07-29 09:00:00,A-001,60,56.52,56.628,2.1959,2.2161,9.009,90.921,38.397,35.273,0,0
2026-07-29 10:00:00,A-001,60,56.654,56.737,2.1816,2.1995,9.076,89.88,37.917,35.307,0,0
2026-07-29 11:00:00,A-001,60,56.764,56.827,2.1721,2.1856,9.137,88.844,37.437,35.344,0,0
2026-07-29 12:00:00,A-001,60,56.752,56.83,2.191,2.2155,9.149,88.811,37.318,35.199,0,0
2026-07-29 13:00:00,A-001,60,56.594,56.706,2.2419,2.2812,9.104,89.8,37.572,34.874,0,0
2026-07-29 14:00:00,A-001,60,56.414,56.502,2.2908,2.3223,9.064,90.785,37.827,34.543,0,0
2026-07-29 15:00:00,A-001,60,56.265,56.378,2.3449,2.3788,9.017,91.768,38.085,34.21,0,0
2026-07-29 16:00:00,A-001,60,56.114,56.24,2.3923,2.425,8.977,92.753,38.343,33.882,0,0
2026-07-29 17:00:00,A-001,60,55.939,56.042,2.4446,2.469,8.931,93.744,38.602,33.558,0,0
2026-07-29 18:00:00,A-001,60,55.794,55.86,2.4564,2.47,8.906,94.279,38.872,33.471,0,0
2026-07-29 19:00:00,A-001,60,55.659,55.759,2.4288,2.4473,8.897,94.331,39.157,33.637,0,0
2026-07-29 20:00:00,A-001,60,55.502,55.59,2.3992,2.4272,8.891,94.377,39.442,33.798,0,0
2026-07-29 21:00:00,A-001,60,55.377,55.484,2.3747,2.4012,8.879,94.422,39.729,33.957,0,0
2026-07-29 22:00:00,A-001,60,55.249,55.365,2.3437,2.3656,8.874,94.468,40.018,34.121,0,0
2026-07-29 23:00:00,A-001,60,55.097,55.189,2.3175,2.339,8.864,94.52,40.307,34.288,0,0
2026-07-30 00:00:00,A-001,60,55.047,55.099,2.3042,2.3124,8.841,94.234,40.459,34.271,0,0
2026-07-30 01:00:00,A-001,60,55.083,55.149,2.3068,2.323,8.802,93.584,40.471,34.073,0,0
2026-07-30 02:00:00,A-001,60,55.095,55.187,2.3074,2.3272,8.766,92.929,40.485,33.869,0,0
2026-07-30 03:00:00,A-001,60,55.14,55.214,2.3131,2.3285,8.724,92.272,40.501,33.663,0,0
2026-07-30 04:00:00,A-001,60,55.182,55.229,2.3122,2.3271,8.69,91.617,40.518,33.461,0,0
2026-07-30 05:00:00,A-001,60,55.201,55.223,2.3162,2.3235,8.649,90.967,40.535,33.263,0,0
2026-07-30 06:00:00,A-001,60,55.365,55.545,2.3346,2.3539,8.595,90.926,40.465,33.209,0,0
2026-07-30 07:00:00,A-001,60,55.661,55.802,2.3706,2.4026,8.522,91.499,40.308,33.31,0,0
2026-07-30 08:00:00,A-001,60,55.933,56.042,2.4044,2.4323,8.453,92.067,40.152,33.406,0,0
2026-07-30 09:00:00,A-001,60,56.238,56.428,2.4435,2.4716,8.378,92.633,39.997,33.5,0,0
2026-07-30 10:00:00,A-001,60,56.54,56.699,2.4759,2.5013,8.31,93.202,39.844,33.599,0,0
2026-07-30 11:00:00,A-001,60,56.818,56.965,2.5133,2.5302,8.236,93.775,39.691,33.701,0,0
2026-07-30 12:00:00,A-001,60,56.914,56.97,2.533,2.5417,8.24,94.055,39.575,33.921,0,0
2026-07-30 13:00:00,A-001,60,56.799,56.889,2.5373,2.5543,8.321,94.017,39.5,34.27,0,0
2026-07-30 14:00:00,A-001,60,56.662,56.75,2.5395,2.5597,8.405,93.973,39.425,34.615,0,0
2026-07-30 15:00:00,A-001,60,56.556,56.659,2.5469,2.5626,8.483,93.927,39.352,34.957,0,0
2026-07-30 16:00:00,A-001,60,56.449,56.556,2.5477,2.5622,8.569,93.884,39.281,35.304,0,0
2026-07-30 17:00:00,A-001,60,56.317,56.399,2.5534,2.5598,8.648,93.846,39.21,35.655,0,0
2026-07-30 18:00:00,A-001,60,56.248,56.271,2.5709,2.589,8.674,93.755,39.314,35.663,0,0
2026-07-30 19:00:00,A-001,60,56.223,56.274,2.6033,2.6337,8.639,93.595,39.602,35.326,0,0
2026-07-30 20:00:00,A-001,60,56.176,56.266,2.6337,2.6607,8.609,93.43,39.89,34.984,0,0
2026-07-30 21:00:00,A-001,60,56.161,56.245,2.6692,2.696,8.572,93.262,40.181,34.64,0,0
2026-07-30 22:00:00,A-001,60,56.143,56.212,2.6982,2.7219,8.542,93.098,40.473,34.3,0,0
2026-07-30 23:00:00,A-001,60,56.101,56.139,2.732,2.7473,8.506,92.938,40.765,33.964,0,0
2026-07-31 00:00:00,A-001,60,56.007,56.09,2.742,2.748,8.512,93.333,40.548,33.843,0,0
2026-07-31 01:00:00,A-001,60,55.837,55.954,2.73,2.7438,8.554,94.288,39.805,33.952,0,0
2026-07-31 02:00:00,A-001,60,55.645,55.733,2.7158,2.7362,8.6,95.238,39.064,34.057,0,0
2026-07-31 03:00:00,A-001,60,55.484,55.599,2.7069,2.7275,8.639,96.186,38.325,34.159,0,0
2026-07-31 04:00:00,A-001,60,55.322,55.453,2.6913,2.7095,8.686,97.136,37.587,34.266,0,0
2026-07-31 05:00:00,A-001,60,55.135,55.244,2.6807,2.6948,8.727,98.091,36.849,34.377,0,0
2026-07-31 06:00:00,A-001,60,55.127,55.239,2.6531,2.674,8.768,98.071,36.674,34.372,0,0
2026-07-31 07:00:00,A-001,60,55.284,55.383,2.6107,2.6337,8.804,97.027,37.083,34.257,0,0
2026-07-31 08:00:00,A-001,60,55.419,55.517,2.5662,2.6016,8.843,95.979,37.493,34.136,0,0
2026-07-31 09:00:00,A-001,60,55.585,55.707,2.527,2.5593,8.876,94.928,37.906,34.014,0,0
2026-07-31 10:00:00,A-001,60,55.749,55.844,2.4811,2.5066,8.916,93.88,38.32,33.895,0,0
2026-07-31 11:00:00,A-001,60,55.889,55.967,2.4401,2.4686,8.951,92.837,38.733,33.781,0,0
2026-07-31 12:00:00,A-001,60,55.928,55.97,2.4378,2.4587,8.888,92.141,38.939,33.78,0,0
2026-07-31 13:00:00,A-001,60,55.841,55.917,2.4783,2.5124,8.721,91.789,38.932,33.902,0,0
2026-07-31 14:00:00,A-001,60,55.732,55.821,2.5166,2.5456,8.557,91.432,38.925,34.02,0,0
2026-07-31 15:00:00,A-001,60,55.655,55.753,2.5602,2.5901,8.386,91.073,38.921,34.136,0,0
2026-07-31 16:00:00,A-001,60,55.576,55.671,2.5971,2.6247,8.223,90.717,38.918,34.256,0,0
2026-07-31 17:00:00,A-001,60,55.473,55.54,2.639,2.6582,8.054,90.366,38.915,34.38,0,0
2026-07-31 18:00:00,A-001,60,55.534,55.673,2.6857,2.7115,8.051,90.468,38.793,34.534,0,0
2026-07-31 19:00:00,A-001,60,55.746,55.862,2.7401,2.7811,8.215,91.024,38.549,34.727,0,0
2026-07-31 20:00:00,A-001,60,55.936,56.037,2.7925,2.8249,8.383,91.575,38.305,34.915,0,0
2026-07-31 21:00:00,A-001,60,56.157,56.307,2.8501,2.8855,8.544,92.125,38.065,35.1,0,0
2026-07-31 22:00:00,A-001,60,56.376,56.495,2.901,2.9355,8.713,92.677,37.825,35.29,0,0
2026-07-31 23:00:00,A-001,60,56.571,56.676,2.9569,2.9829,8.875,93.234,37.585,35.484,0,0
2026-08-01 00:00:00,A-001,60,56.57,56.68,2.9647,2.984,8.931,93.95,37.767,35.465,0,0
2026-08-01 01:00:00,A-001,60,56.345,56.489,2.9257,2.9476,8.872,94.816,38.386,35.233,0,0
2026-08-01 02:00:00,A-001,60,56.097,56.188,2.8846,2.9182,8.816,95.678,39.007,34.996,0,0
2026-08-01 03:00:00,A-001,60,55.882,56.01,2.8486,2.8796,8.754,96.537,39.629,34.756,0,0
2026-08-01 04:00:00,A-001,60,55.664,55.821,2.806,2.8308,8.7,97.399,40.253,34.521,0,0
2026-08-01 05:00:00,A-001,60,55.423,55.559,2.7684,2.7953,8.639,98.266,40.877,34.29,0,0
2026-08-01 06:00:00,A-001,60,55.287,55.31,2.7531,2.7638,8.566,98.022,40.941,34.261,0,0
2026-08-01 07:00:00,A-001,60,55.241,55.297,2.7635,2.7834,8.475,96.615,40.428,34.447,0,0
2026-08-01 08:00:00,A-001,60,55.172,55.262,2.7719,2.7936,8.387,95.204,39.917,34.628,0,0
2026-08-01 09:00:00,A-001,60,55.135,55.224,2.7854,2.8036,8.294,93.79,39.408,34.807,0,0
2026-08-01 10:00:00,A-001,60,55.096,55.174,2.7924,2.807,8.207,92.378,38.9,34.99,0,0
2026-08-01 11:00:00,A-001,60,55.032,55.08,2.8042,2.8088,8.115,90.972,38.392,35.178,0,0
2026-08-01 12:00:00,A-001,60,55.01,55.045,2.82,2.8348,8.063,90.497,38.188,35.26,0,0
2026-08-01 13:00:00,A-001,60,55.011,55.067,2.8427,2.8683,8.047,90.972,38.301,35.241,0,0
2026-08-01 14:00:00,A-001,60,54.988,55.079,2.8632,2.8878,8.034,91.442,38.414,35.217,0,0
2026-08-01 15:00:00,A-001,60,54.998,55.078,2.8889,2.9118,8.016,91.91,38.53,35.191,0,0
2026-08-01 16:00:00,A-001,60,55.005,55.064,2.908,2.9268,8.004,92.38,38.647,35.17,0,0
2026-08-01 17:00:00,A-001,60,54.988,55.014,2.932,2.9425,7.987,92.855,38.764,35.152,0,0
2026-08-01 18:00:00,A-001,60,55.016,55.076,2.9308,2.943,8.024,93.043,38.719,34.937,0,0
2026-08-01 19:00:00,A-001,60,55.068,55.138,2.9061,2.9236,8.113,92.92,38.508,34.524,0,0
2026-08-01 20:00:00,A-001,60,55.097,55.19,2.8793,2.9059,8.206,92.791,38.299,34.107,0,0
2026-08-01 21:00:00,A-001,60,55.158,55.229,2.8576,2.883,8.292,92.66,38.091,33.688,0,0
2026-08-01 22:00:00,A-001,60,55.217,55.27,2.8294,2.8507,8.386,92.532,37.885,33.273,0,0
2026-08-01 23:00:00,A-001,60,55.252,55.279,2.8061,2.8262,8.474,92.409,37.679,32.862,0,0
2026-08-02 00:00:00,A-001,60,55.283,55.32,2.7879,2.793,8.5,92.97,37.551,32.787,0,0
2026-08-02 01:00:00,A-001,60,55.288,55.346,2.7777,2.791,8.457,94.223,37.507,33.066,0,0
2026-08-02 02:00:00,A-001,60,55.271,55.362,2.7654,2.7853,8.418,95.471,37.464,33.34,0,0
2026-08-02 03:00:00,A-001,60,55.285,55.364,2.7583,2.7782,8.372,96.717,37.423,33.613,0,0
2026-08-02 04:00:00,A-001,60,55.298,55.354,2.7446,2.7624,8.335,97.966,37.383,33.89,0,0
2026-08-02 05:00:00,A-001,60,55.286,55.309,2.7357,2.749,8.291,99.22,37.344,34.17,0,0
2026-08-02 06:00:00,A-001,60,55.29,55.325,2.7326,2.7417,8.303,99.055,37.684,34.294,0,0
2026-08-02 07:00:00,A-001,60,55.291,55.347,2.7381,2.7556,8.369,97.41,38.418,34.264,0,0
2026-08-02 08:00:00,A-001,60,55.268,55.359,2.7414,2.7619,8.438,95.76,39.153,34.228,0,0
2026-08-02 09:00:00,A-001,60,55.278,55.358,2.75,2.7662,8.501,94.107,39.891,34.191,0,0
2026-08-02 10:00:00,A-001,60,55.285,55.344,2.7519,2.7662,8.571,92.458,40.629,34.157,0,0
2026-08-02 11:00:00,A-001,60,55.268,55.294,2.7588,2.7647,8.635,90.813,41.368,34.128,0,0
2026-08-02 12:00:00,A-001,60,55.365,55.495,2.7847,2.8082,8.687,90.138,41.742,34.015,0,0
2026-08-02 13:00:00,A-001,60,55.559,55.669,2.833,2.8709,8.719,90.451,41.742,33.825,0,0
2026-08-02 14:00:00,A-001,60,55.73,55.83,2.8792,2.91,8.755,90.759,41.742,33.629,0,0
2026-08-02 15:00:00,A-001,60,55.933,56.074,2.9305,2.9635,8.784,91.065,41.744,33.432,0,0
2026-08-02 16:00:00,A-001,60,56.134,56.245,2.9753,3.0068,8.821,91.374,41.748,33.239,0,0
2026-08-02 17:00:00,A-001,60,56.31,56.406,3.025,3.048,8.852,91.687,41.752,33.049,0,0
2026-08-02 18:00:00,A-001,60,56.531,56.686,3.0395,3.049,8.836,92.319,41.399,33.104,0,0
2026-08-02 19:00:00,A-001,60,56.776,56.902,3.0203,3.0362,8.765,93.266,40.68,33.418,0,0
2026-08-02 20:00:00,A-001,60,56.999,57.103,2.999,3.0229,8.697,94.207,39.962,33.728,0,0
2026-08-02 21:00:00,A-001,60,57.253,57.419,2.9829,3.0062,8.623,95.147,39.246,34.035,0,0
2026-08-02 22:00:00,A-001,60,57.506,57.64,2.9601,2.98,8.557,96.088,38.532,34.347,0,0
2026-08-02 23:00:00,A-001,60,57.734,57.855,2.9423,2.9598,8.485,97.036,37.817,34.662,0,0
2026-08-03 00:00:00,A-001,60,57.695,57.86,2.9502,2.9699,8.447,97.457,37.62,34.772,0,0
2026-08-03 01:00:00,A-001,60,57.358,57.557,2.9873,3.0198,8.439,97.322,37.959,34.677,0,0
2026-08-03 02:00:00,A-001,60,56.999,57.145,3.0223,3.0505,8.435,97.182,38.299,34.576,0,0
2026-08-03 03:00:00,A-001,60,56.672,56.828,3.0625,3.0911,8.425,97.04,38.641,34.474,0,60
2026-08-03 04:00:00,A-001,60,56.343,56.553,3.0962,3.1221,8.422,96.9,38.985,34.375,0,60
2026-08-03 05:00:00,A-001,60,55.99,56.18,3.1347,3.1522,8.413,96.765,39.329,34.281,0,60
2026-08-03 06:00:00,A-001,60,55.867,55.948,3.1296,3.153,8.479,96.732,39.316,34.101,0,60
2026-08-03 07:00:00,A-001,60,55.962,56.044,3.0822,3.1068,8.618,96.788,38.935,33.841,0,60
2026-08-03 08:00:00,A-001,60,56.035,56.129,3.0328,3.0706,8.761,96.84,38.555,33.575,0,60
2026-08-03 09:00:00,A-001,60,56.14,56.232,2.9885,3.0228,8.897,96.889,38.177,33.307,0,0
2026-08-03 10:00:00,A-001,60,56.242,56.312,2.9376,2.9643,9.04,96.941,37.801,33.044,0,0
2026-08-03 11:00:00,A-001,60,56.32,56.368,2.8916,2.9226,9.178,96.998,37.425,32.785,0,0
2026-08-03 12:00:00,A-001,60,56.317,56.37,2.8831,2.9014,9.242,97.151,37.263,32.805,0,0
2026-08-03 13:00:00,A-001,60,56.209,56.296,2.9161,2.9467,9.224,97.389,37.326,33.121,0,0
2026-08-03 14:00:00,A-001,60,56.078,56.167,2.947,2.9741,9.21,97.622,37.39,33.432,0,0
2026-08-03 15:00:00,A-001,60,55.98,56.081,2.983,3.0099,9.19,97.853,37.455,33.741,0,0
2026-08-03 16:00:00,A-001,60,55.879,55.983,3.0124,3.0363,9.177,98.087,37.523,34.054,0,0
2026-08-03 17:00:00,A-001,60,55.754,55.832,3.0468,3.0623,9.158,98.326,37.59,34.372,0,0
2026-08-03 18:00:00,A-001,60,55.847,56.028,3.0576,3.063,9.156,97.863,37.721,34.468,0,0
2026-08-03 19:00:00,A-001,60,56.146,56.288,3.0467,3.0602,9.166,96.661,37.922,34.344,0,0
2026-08-03 20:00:00,A-001,60,56.422,56.531,3.0337,3.0537,9.181,95.454,38.124,34.215,0,0
2026-08-03 21:00:00,A-001,60,56.73,56.922,3.0259,3.0461,9.189,94.245,38.328,34.085,0,0
2026-08-03 22:00:00,A-001,60,57.035,57.195,3.0116,3.0295,9.204,93.039,38.534,33.958,0,0
2026-08-03 23:00:00,A-001,60,57.317,57.464,3.0021,3.0156,9.213,91.838,38.739,33.835,0,0
2026-08-04 00:00:00,A-001,60,57.42,57.47,3.0152,3.0357,9.142,91.125,38.826,33.852,0,0
2026-08-04 01:00:00,A-001,60,57.319,57.402,3.0545,3.0881,8.98,90.903,38.792,34.022,0,0
2026-08-04 02:00:00,A-001,60,57.195,57.284,3.0917,3.1204,8.823,90.676,38.759,34.186,0,0
2026-08-04 03:00:00,A-001,60,57.103,57.203,3.1341,3.1635,8.659,90.447,38.728,34.349,0,0
2026-08-04 04:00:00,A-001,60,57.009,57.11,3.1699,3.1969,8.503,90.221,38.698,34.516,0,0
2026-08-04 05:00:00,A-001,60,56.89,56.965,3.2106,3.2292,8.341,89.999,38.669,34.686,0,0
2026-08-04 06:00:00,A-001,60,56.75,56.84,3.207,3.23,8.274,89.956,38.74,34.711,0,0
2026-08-04 07:00:00,A-001,60,56.567,56.691,3.1602,3.1846,8.301,90.083,38.918,34.592,0,0
2026-08-04 08:00:00,A-001,60,56.361,56.45,3.1115,3.1489,8.332,90.204,39.096,34.468,0,0
2026-08-04 09:00:00,A-001,60,56.188,56.306,3.0678,3.1018,8.357,90.323,39.277,34.342,0,0
2026-08-04 10:00:00,A-001,60,56.012,56.149,3.0176,3.0442,8.389,90.445,39.459,34.22,0,0
2026-08-04 11:00:00,A-001,60,55.812,55.927,2.9723,3.0029,8.415,90.572,39.641,34.103,0,0
2026-08-04 12:00:00,A-001,60,55.756,55.827,2.9653,2.9844,8.495,90.43,39.865,33.934,0,0
2026-08-04 13:00:00,A-001,60,55.83,55.906,3.0005,3.0322,8.625,89.995,40.134,33.72,0,0
2026-08-04 14:00:00,A-001,60,55.881,55.975,3.0338,3.0615,8.76,89.555,40.405,33.501,0,0
2026-08-04 15:00:00,A-001,60,55.964,56.046,3.0721,3.1,8.888,89.112,40.677,33.28,0,0
2026-08-04 16:00:00,A-001,60,56.045,56.106,3.1039,3.129,9.023,88.672,40.951,33.064,0,0
2026-08-04 17:00:00,A-001,60,56.101,56.138,3.1406,3.1573,9.152,88.238,41.225,32.851,0,0
2026-08-04 18:00:00,A-001,60,56.193,56.28,3.1622,3.1723,9.142,88.982,41.086,32.861,0,0
2026-08-04 19:00:00,A-001,60,56.3,56.385,3.1708,3.1898,8.98,90.93,40.524,33.109,0,0
2026-08-04 20:00:00,A-001,60,56.384,56.479,3.1773,3.1986,8.823,92.873,39.962,33.352,0,0
2026-08-04 21:00:00,A-001,60,56.501,56.598,3.189,3.2065,8.659,94.814,39.403,33.592,0,0
2026-08-04 22:00:00,A-001,60,56.614,56.689,3.1941,3.2084,8.503,96.758,38.845,33.837,0,0
2026-08-04 23:00:00,A-001,60,56.704,56.758,3.2042,3.2087,8.341,98.706,38.287,34.086,0,0
2026-08-05 00:00:00,A-001,60,56.664,56.76,3.2233,3.241,8.303,98.983,38.212,34.092,0,0
2026-08-05 01:00:00,A-001,60,56.47,56.599,3.2546,3.2844,8.388,97.516,38.638,33.853,0,0
2026-08-05 02:00:00,A-001,60,56.252,56.341,3.2838,3.3105,8.478,96.044,39.065,33.609,0,0
2026-08-05 03:00:00,A-001,60,56.067,56.188,3.3182,3.3445,8.561,94.57,39.494,33.363,0,0
2026-08-05 04:00:00,A-001,60,55.879,56.022,3.346,3.369,8.651,93.099,39.925,33.121,0,0
2026-08-05 05:00:00,A-001,60,55.668,55.789,3.3786,3.3933,8.735,91.632,40.355,32.884,0,0
2026-08-05 06:00:00,A-001,60,55.704,55.872,3.4023,3.4152,8.769,90.982,40.478,32.799,0,0
2026-08-05 07:00:00,A-001,60,55.976,56.11,3.4195,3.4425,8.744,91.162,40.286,32.88,0,0
2026-08-05 08:00:00,A-001,60,56.225,56.332,3.4345,3.4578,8.724,91.337,40.094,32.956,0,0
2026-08-05 09:00:00,A-001,60,56.507,56.686,3.4547,3.4755,8.696,91.51,39.905,33.03,0,0
2026-08-05 10:00:00,A-001,60,56.785,56.932,3.4683,3.4844,8.677,91.685,39.717,33.109,0,0
2026-08-05 11:00:00,A-001,60,57.04,57.175,3.4868,3.4946,8.651,91.865,39.529,33.191,0,0
2026-08-05 12:00:00,A-001,60,57.156,57.18,3.487,3.495,8.677,92.025,39.527,33.297,0,0
2026-08-05 13:00:00,A-001,60,57.106,57.164,3.471,3.486,8.751,92.15,39.718,33.435,0,0
2026-08-05 14:00:00,A-001,60,57.034,57.123,3.4529,3.4752,8.829,92.27,39.909,33.567,0,0
2026-08-05 15:00:00,A-001,60,56.993,57.083,3.4399,3.462,8.9,92.388,40.103,33.698,0,0
2026-08-05 16:00:00,A-001,60,56.951,57.03,3.4204,3.4395,8.979,92.508,40.299,33.833,0,0
2026-08-05 17:00:00,A-001,60,56.884,56.934,3.4057,3.4217,9.051,92.633,40.494,33.972,0,0
2026-08-05 18:00:00,A-001,60,56.896,56.967,3.3828,3.397,9.022,92.609,40.702,33.915,0,0
2026-08-05 19:00:00,A-001,60,56.97,57.046,3.3541,3.3729,8.883,92.415,40.925,33.663,0,0
2026-08-05 20:00:00,A-001,60,57.021,57.115,3.3233,3.3519,8.747,92.217,41.148,33.406,0,0
2026-08-05 21:00:00,A-001,60,57.104,57.186,3.2977,3.3246,8.605,92.016,41.374,33.147,0,0
2026-08-05 22:00:00,A-001,60,57.185,57.246,3.2655,3.2877,8.47,91.818,41.601,32.892,0,0
2026-08-05 23:00:00,A-001,60,57.241,57.278,3.2381,3.2602,8.33,91.625,41.828,32.64,0,0
2026-08-06 00:00:00,A-001,60,57.198,57.28,3.2166,3.223,8.246,92.165,41.831,32.452,0,0
2026-08-06 01:00:00,A-001,60,57.032,57.147,3.2037,3.2178,8.217,93.448,41.603,32.337,0,0
2026-08-06 02:00:00,A-001,60,56.843,56.931,3.1888,3.2096,8.191,94.726,41.377,32.216,0,0
2026-08-06 03:00:00,A-001,60,56.686,56.8,3.179,3.1999,8.159,96.002,41.153,32.094,0,0
2026-08-06 04:00:00,A-001,60,56.527,56.657,3.1626,3.181,8.134,97.281,40.93,31.975,0,0
2026-08-06 05:00:00,A-001,60,56.343,56.45,3.1511,3.1656,8.104,98.564,40.707,31.861,0,0
2026-08-06 06:00:00,A-001,60,56.32,56.415,3.1565,3.1723,8.103,98.593,40.665,31.952,0,0
2026-08-06 07:00:00,A-001,60,56.442,56.531,3.1821,3.2092,8.129,97.309,40.813,32.263,0,0
2026-08-06 08:00:00,A-001,60,56.541,56.637,3.2057,3.231,8.158,96.021,40.961,32.569,0,0
2026-08-06 09:00:00,A-001,60,56.673,56.778,3.2344,3.2585,8.181,94.73,41.112,32.873,0,0
2026-08-06 10:00:00,A-001,60,56.802,56.882,3.2565,3.2768,8.211,93.442,41.264,33.182,0,0
2026-08-06 11:00:00,A-001,60,56.907,56.967,3.2835,3.2954,8.236,92.159,41.416,33.494,0,0
2026-08-06 12:00:00,A-001,60,57.055,57.174,3.2879,3.296,8.261,92.142,41.533,33.526,0,0
2026-08-06 13:00:00,A-001,60,57.227,57.33,3.2715,3.2866,8.281,93.418,41.616,33.275,0,0
2026-08-06 14:00:00,A-001,60,57.376,57.475,3.253,3.2756,8.306,94.689,41.7,33.02,0,0
2026-08-06 15:00:00,A-001,60,57.557,57.687,3.2397,3.262,8.324,95.959,41.785,32.762,0,0
2026-08-06 16:00:00,A-001,60,57.736,57.838,3.2199,3.2391,8.349,97.231,41.872,32.509,0,0
2026-08-06 17:00:00,A-001,60,57.891,57.977,3.2049,3.221,8.368,98.508,41.959,32.26,0,0
2026-08-06 18:00:00,A-001,60,58.026,58.107,3.2057,3.2196,8.434,98.966,41.961,32.237,0,0
2026-08-06 19:00:00,A-001,60,58.12,58.201,3.2257,3.2501,8.543,98.565,41.875,32.457,0,0
2026-08-06 20:00:00,A-001,60,58.191,58.285,3.2436,3.2676,8.656,98.158,41.79,32.671,0,0
2026-08-06 21:00:00,A-001,60,58.294,58.385,3.2666,3.2885,8.762,97.749,41.707,32.883,0,0
2026-08-06 22:00:00,A-001,60,58.394,58.463,3.2831,3.3006,8.876,97.342,41.626,33.1,0,0
2026-08-06 23:00:00,A-001,60,58.471,58.518,3.3044,3.3135,8.983,96.941,41.545,33.321,0,0
2026-08-07 00:00:00,A-001,60,58.483,58.52,3.3287,3.3459,9.007,96.411,41.604,33.447,0,0
2026-08-07 01:00:00,A-001,60,58.409,58.479,3.3586,3.3878,8.937,95.734,41.81,33.483,0,0
2026-08-07 02:00:00,A-001,60,58.311,58.4,3.3865,3.4129,8.871,95.052,42.017,33.514,0,0
2026-08-07 03:00:00,A-001,60,58.246,58.341,3.4195,3.4453,8.799,94.368,42.226,33.543,0,0
2026-08-07 04:00:00,A-001,60,58.178,58.268,3.446,3.4684,8.735,93.687,42.436,33.577,0,0
2026-08-07 05:00:00,A-001,60,58.087,58.149,3.4773,3.4913,8.664,93.011,42.647,33.614,0,0
2026-08-07 06:00:00,A-001,60,57.911,58.05,3.4794,3.492,8.574,92.409,42.425,33.502,0,0
2026-08-07 07:00:00,A-001,60,57.628,57.801,3.4541,3.4718,8.457,91.871,41.76,33.243,0,0
2026-08-07 08:00:00,A-001,60,57.322,57.441,3.4266,3.4536,8.345,91.327,41.095,32.979,0,0
2026-08-07 09:00:00,A-001,60,57.049,57.19,3.4043,3.43,8.226,90.781,40.432,32.713,0,0
2026-08-07 10:00:00,A-001,60,56.773,56.957,3.3754,3.3968,8.115,90.238,39.771,32.452,0,0
2026-08-07 11:00:00,A-001,60,56.472,56.637,3.3514,3.3719,7.998,89.7,39.11,32.194,0,0
2026-08-07 12:00:00,A-001,60,56.317,56.34,3.3653,3.3915,8.033,90.113,38.82,32.245,0,0
2026-08-07 13:00:00,A-001,60,56.291,56.341,3.4209,3.4625,8.22,91.495,38.916,32.623,0,0
2026-08-07 14:00:00,A-001,60,56.242,56.332,3.4744,3.5071,8.411,92.871,39.013,32.995,0,0
2026-08-07 15:00:00,A-001,60,56.225,56.31,3.5331,3.569,8.595,94.245,39.112,33.366,0,0
2026-08-07 16:00:00,A-001,60,56.205,56.275,3.5853,3.6203,8.788,95.622,39.212,33.741,0,0
2026-08-07 17:00:00,A-001,60,56.162,56.2,3.6423,3.6689,8.974,97.004,39.313,34.12,0,0
2026-08-07 18:00:00,A-001,60,56.157,56.198,3.645,3.67,9.063,96.997,39.294,34.108,0,0
2026-08-07 19:00:00,A-001,60,56.171,56.231,3.5943,3.6198,9.047,95.538,39.153,33.699,0,0
2026-08-07 20:00:00,A-001,60,56.161,56.253,3.5415,3.5809,9.034,94.075,39.013,33.285,0,0
2026-08-07 21:00:00,A-001,60,56.185,56.262,3.4939,3.5294,9.016,92.609,38.875,32.87,0,0
2026-08-07 22:00:00,A-001,60,56.205,56.258,3.4396,3.4672,9.004,91.146,38.739,32.458,0,0
2026-08-07 23:00:00,A-001,60,56.202,56.221,3.3903,3.4229,8.987,89.688,38.603,32.05,0,0
2026-08-08 00:00:00,A-001,60,56.237,56.299,3.3903,3.4158,8.911,89.154,38.613,31.83,0,0
2026-08-08 01:00:00,A-001,60,56.293,56.364,3.4439,3.4845,8.768,89.56,38.775,31.811,0,0
2026-08-08 02:00:00,A-001,60,56.325,56.418,3.4954,3.5276,8.629,89.962,38.939,31.787,0,0
2026-08-08 03:00:00,A-001,60,56.39,56.462,3.5522,3.5872,8.483,90.361,39.104,31.761,0,0
2026-08-08 04:00:00,A-001,60,56.452,56.506,3.6023,3.6363,8.345,90.763,39.272,31.74,0,0
2026-08-08 05:00:00,A-001,60,56.49,56.519,3.6573,3.683,8.201,91.17,39.439,31.722,0,0
2026-08-08 06:00:00,A-001,60,56.614,56.742,3.6634,3.684,8.173,91.834,39.616,31.903,0,0
2026-08-08 07:00:00,A-001,60,56.804,56.913,3.6217,3.6445,8.258,92.749,39.805,32.298,0,0
2026-08-08 08:00:00,A-001,60,56.972,57.072,3.5779,3.6129,8.348,93.658,39.995,32.687,0,0
2026-08-08 09:00:00,A-001,60,57.171,57.31,3.5393,3.5713,8.431,94.566,40.188,33.074,0,0
2026-08-08 10:00:00,A-001,60,57.369,57.478,3.4941,3.5194,8.521,95.476,40.381,33.466,0,0
2026-08-08 11:00:00,A-001,60,57.542,57.636,3.4537,3.4819,8.605,96.392,40.575,33.862,0,0
2026-08-08 12:00:00,A-001,60,57.73,57.855,3.4348,3.4439,8.662,97.04,40.454,33.945,0,0
2026-08-08 13:00:00,A-001,60,57.914,58.021,3.4406,3.4582,8.686,97.398,40.008,33.713,0,0
2026-08-08 14:00:00,A-001,60,58.075,58.175,3.4443,3.4648,8.714,97.751,39.563,33.476,0,0
2026-08-08 15:00:00,A-001,60,58.268,58.404,3.4531,3.4694,8.735,98.102,39.12,33.236,0,0
2026-08-08 16:00:00,A-001,60,58.459,58.565,3.4554,3.4696,8.764,98.456,38.679,33.001,0,0
2026-08-08 17:00:00,A-001,60,58.625,58.716,3.4626,3.4684,8.787,98.815,38.238,32.77,0,0
2026-08-08 18:00:00,A-001,60,58.69,58.72,3.501,3.5336,8.74,98.998,38.198,32.565,0,0
2026-08-08 19:00:00,A-001,60,58.629,58.692,3.5745,3.6248,8.618,98.986,38.573,32.392,0,0
2026-08-08 20:00:00,A-001,60,58.544,58.634,3.6459,3.6831,8.499,98.969,38.95,32.215,0,0
2026-08-08 21:00:00,A-001,60,58.493,58.585,3.7224,3.7656,8.373,98.95,39.329,32.036,0,0
2026-08-08 22:00:00,A-001,60,58.438,58.523,3.7924,3.8362,8.255,98.934,39.71,31.861,0,0
2026-08-08 23:00:00,A-001,60,58.36,58.415,3.8672,3.9026,8.131,98.923,40.09,31.69,0,0
2026-08-09 00:00:00,A-001,60,58.173,58.33,3.9038,3.911,8.091,98.415,40.52,31.585,0,0
2026-08-09 01:00:00,A-001,60,57.853,58.044,3.9036,3.9184,8.131,97.38,41.003,31.556,0,0
2026-08-09 02:00:00,A-001,60,57.511,57.648,3.9013,3.9204,8.176,96.34,41.486,31.522,0,0
2026-08-09 03:00:00,A-001,60,57.201,57.351,3.9042,3.9204,8.213,95.297,41.972,31.486,0,0
2026-08-09 04:00:00,A-001,60,56.888,57.09,3.9005,3.916,8.259,94.257,42.459,31.455,0,0
2026-08-09 05:00:00,A-001,60,56.551,56.734,3.9016,3.9102,8.298,93.223,42.946,31.427,0,0
2026-08-09 06:00:00,A-001,60,56.616,56.876,3.9025,3.9109,8.358,93.091,43.195,31.488,0,0
2026-08-09 07:00:00,A-001,60,57.074,57.273,3.9058,3.9223,8.433,93.88,43.199,31.647,0,0
2026-08-09 08:00:00,A-001,60,57.51,57.68,3.907,3.927,8.513,94.663,43.204,31.801,0,0
2026-08-09 09:00:00,A-001,60,57.978,58.249,3.9134,3.9289,8.586,95.444,43.212,31.954,0,0
2026-08-09 10:00:00,A-001,60,58.444,58.683,3.9132,3.928,8.666,96.227,43.221,32.111,0,0
2026-08-09 11:00:00,A-001,60,58.886,59.112,3.9179,3.9248,8.74,97.016,43.229,32.271,0,0
2026-08-09 12:00:00,A-001,60,59.03,59.12,3.9014,3.919,8.789,96.735,42.855,32.301,0,0
2026-08-09 13:00:00,A-001,60,58.847,58.971,3.8657,3.8866,8.806,95.335,42.086,32.202,0,0
2026-08-09 14:00:00,A-001,60,58.641,58.73,3.8279,3.8599,8.827,93.93,41.317,32.098,0,0
2026-08-09 15:00:00,A-001,60,58.468,58.586,3.7952,3.8249,8.842,92.523,40.551,31.992,0,0
2026-08-09 16:00:00,A-001,60,58.292,58.429,3.756,3.7799,8.864,91.118,39.787,31.89,0,0
2026-08-09 17:00:00,A-001,60,58.092,58.207,3.7217,3.747,8.88,89.718,39.022,31.792,0,0
2026-08-09 18:00:00,A-001,60,57.927,58.0,3.7164,3.7329,8.854,89.637,38.963,31.818,0,0
2026-08-09 19:00:00,A-001,60,57.777,57.884,3.7439,3.7718,8.78,90.903,39.636,31.98,0,0
2026-08-09 20:00:00,A-001,60,57.604,57.693,3.7693,3.7951,8.709,92.165,40.31,32.136,0,0
2026-08-09 21:00:00,A-001,60,57.464,57.575,3.7998,3.8246,8.632,93.424,40.985,32.29,0,0
2026-08-09 22:00:00,A-001,60,57.321,57.444,3.8237,3.8449,8.562,94.686,41.662,32.448,0,0
2026-08-09 23:00:00,A-001,60,57.155,57.254,3.8526,3.8654,8.487,95.953,42.34,32.61,0,0
2026-08-10 00:00:00,A-001,60,57.119,57.192,3.8482,3.866,8.488,96.062,42.357,32.712,0,0
2026-08-10 01:00:00,A-001,60,57.197,57.275,3.8122,3.8332,8.563,94.96,41.695,32.758,0,0
2026-08-10 02:00:00,A-001,60,57.253,57.347,3.774,3.8062,8.643,93.854,41.033,32.799,0,0
2026-08-10 03:00:00,A-001,60,57.342,57.425,3.7411,3.7709,8.716,92.744,40.374,32.838,0,0
2026-08-10 04:00:00,A-001,60,57.427,57.49,3.7015,3.7255,8.796,91.638,39.716,32.882,0,0
2026-08-10 05:00:00,A-001,60,57.489,57.528,3.6669,3.6924,8.87,90.537,39.058,32.929,0,0
2026-08-10 06:00:00,A-001,60,57.604,57.713,3.6471,3.6538,8.907,90.337,38.961,32.896,0,0
2026-08-10 07:00:00,A-001,60,57.754,57.852,3.6454,3.6595,8.899,91.055,39.445,32.789,0,0
2026-08-10 08:00:00,A-001,60,57.882,57.98,3.6416,3.6603,8.895,91.768,39.93,32.677,0,0
2026-08-10 09:00:00,A-001,60,58.042,58.161,3.6429,3.6597,8.885,92.479,40.418,32.563,0,0
2026-08-10 10:00:00,A-001,60,58.199,58.291,3.6377,3.6536,8.882,93.193,40.907,32.453,0,0
2026-08-10 11:00:00,A-001,60,58.332,58.407,3.6374,3.6466,8.873,93.912,41.395,32.347,0,0
2026-08-10 12:00:00,A-001,60,58.463,58.55,3.6458,3.6597,8.86,93.802,41.564,32.348,0,0
2026-08-10 13:00:00,A-001,60,58.57,58.655,3.6659,3.6904,8.839,92.822,41.403,32.467,0,0
2026-08-10 14:00:00,A-001,60,58.654,58.749,3.684,3.708,8.822,91.837,41.243,32.582,0,0
2026-08-10 15:00:00,A-001,60,58.77,58.868,3.7072,3.7291,8.798,90.849,41.085,32.694,0,0
2026-08-10 16:00:00,A-001,60,58.884,58.959,3.7238,3.7414,8.782,89.864,40.929,32.811,0,0
2026-08-10 17:00:00,A-001,60,58.974,59.028,3.7453,3.7545,8.76,88.885,40.773,32.932,0,0
2026-08-10 18:00:00,A-001,60,59.036,59.077,3.7846,3.8126,8.73,88.808,40.846,32.982,0,0
2026-08-10 19:00:00,A-001,60,59.048,59.108,3.8451,3.889,8.687,89.652,41.159,32.966,0,0
2026-08-10 20:00:00,A-001,60,59.037,59.128,3.9035,3.9374,8.648,90.49,41.473,32.945,0,0
2026-08-10 21:00:00,A-001,60,59.059,59.136,3.967,4.0049,8.602,91.326,41.788,32.923,0,0
2026-08-10 22:00:00,A-001,60,59.078,59.131,4.024,4.0614,8.565,92.164,42.105,32.905,0,0
2026-08-10 23:00:00,A-001,60,59.073,59.092,4.0858,4.1148,8.521,93.008,42.423,32.89,0,0
2026-08-11 00:00:00,A-001,60,59.061,59.08,4.0968,4.116,8.483,93.244,42.537,32.772,0,0
2026-08-11 01:00:00,A-001,60,59.021,59.074,4.0579,4.0798,8.447,92.837,42.445,32.555,0,0
2026-08-11 02:00:00,A-001,60,58.959,59.048,4.017,4.0506,8.415,92.425,42.353,32.333,0,0
2026-08-11 03:00:00,A-001,60,58.928,59.016,3.9812,4.0121,8.376,92.011,42.264,32.109,0,0
2026-08-11 04:00:00,A-001,60,58.895,58.971,3.9388,3.9635,8.345,91.6,42.176,31.889,0,0
2026-08-11 05:00:00,A-001,60,58.839,58.884,3.9013,3.9282,8.307,91.193,42.088,31.673,0,0
2026-08-11 06:00:00,A-001,60,58.813,58.841,3.8893,3.9021,8.312,91.165,42.076,31.574,0,0
2026-08-11 07:00:00,A-001,60,58.798,58.851,3.9062,3.9292,8.354,91.513,42.144,31.603,0,0
2026-08-11 08:00:00,A-001,60,58.761,58.851,3.9211,3.9444,8.4,91.856,42.212,31.628,0,0
2026-08-11 09:00:00,A-001,60,58.756,58.838,3.9411,3.9618,8.439,92.197,42.283,31.65,0,0
2026-08-11 10:00:00,A-001,60,58.748,58.813,3.9546,3.9706,8.486,92.541,42.355,31.677,0,0
2026-08-11 11:00:00,A-001,60,58.716,58.749,3.9729,3.9806,8.527,92.89,42.427,31.707,0,0
2026-08-11 12:00:00,A-001,60,58.691,58.71,3.9836,3.9927,8.553,93.236,42.101,31.848,0,0
2026-08-11 13:00:00,A-001,60,58.651,58.704,3.9891,4.0066,8.556,93.566,41.365,32.109,0,0
2026-08-11 14:00:00,A-001,60,58.589,58.678,3.9924,4.0129,8.564,93.891,40.63,32.365,0,0
2026-08-11 15:00:00,A-001,60,58.558,58.646,4.001,4.0172,8.565,94.213,39.898,32.619,0,0
2026-08-11 16:00:00,A-001,60,58.525,58.601,4.0029,4.0172,8.574,94.539,39.167,32.877,0,0
2026-08-11 17:00:00,A-001,60,58.469,58.514,4.0098,4.0157,8.577,94.869,38.435,33.139,0,0
2026-08-11 18:00:00,A-001,60,58.53,58.644,4.0142,4.023,8.566,95.081,38.529,33.144,0,0
2026-08-11 19:00:00,A-001,60,58.692,58.792,4.0188,4.0359,8.537,95.156,39.479,32.891,0,0
2026-08-11 20:00:00,A-001,60,58.831,58.929,4.0214,4.0416,8.511,95.225,40.429,32.632,0,0
2026-08-11 21:00:00,A-001,60,59.003,59.127,4.0291,4.0449,8.479,95.293,41.381,32.371,0,0
2026-08-11 22:00:00,A-001,60,59.171,59.269,4.0302,4.0447,8.454,95.363,42.335,32.114,0,0
2026-08-11 23:00:00,A-001,60,59.316,59.397,4.0362,4.0425,8.424,95.439,43.289,31.861,0,0
2026-08-12 00:00:00,A-001,60,59.274,59.4,4.0557,4.0751,8.476,95.198,43.568,31.723,0,0
2026-08-12 01:00:00,A-001,60,59.018,59.177,4.0918,4.1239,8.608,94.616,43.153,31.711,0,0
2026-08-12 02:00:00,A-001,60,58.739,58.845,4.1258,4.1537,8.744,94.029,42.738,31.694,0,0
2026-08-12 03:00:00,A-001,60,58.492,58.627,4.1651,4.1932,8.873,93.44,42.325,31.675,0,0
2026-08-12 04:00:00,A-001,60,58.242,58.414,4.1977,4.2231,9.011,92.854,41.914,31.66,0,0
2026-08-12 05:00:00,A-001,60,57.969,58.12,4.2352,4.2522,9.142,92.272,41.503,31.648,0,0
2026-08-12 06:00:00,A-001,60,57.87,57.934,4.2351,4.253,9.218,91.902,41.094,31.686,0,0
2026-08-12 07:00:00,A-001,60,57.93,58.002,4.1989,4.22,9.231,91.735,40.69,31.78,0,0
2026-08-12 08:00:00,A-001,60,57.968,58.061,4.1606,4.1929,9.249,91.563,40.287,31.87,0,0
2026-08-12 09:00:00,A-001,60,58.037,58.112,4.1275,4.1574,9.26,91.389,39.886,31.957,0,0
2026-08-12 10:00:00,A-001,60,58.105,58.161,4.0878,4.1118,9.279,91.218,39.486,32.049,0,0
2026-08-12 11:00:00,A-001,60,58.148,58.178,4.0529,4.0785,9.292,91.051,39.087,32.144,0,0
2026-08-12 12:00:00,A-001,60,58.304,58.463,4.0191,4.034,9.217,91.065,39.306,32.122,0,0
2026-08-12 13:00:00,A-001,60,58.556,58.684,3.9889,4.0081,9.045,91.25,40.167,31.985,0,0
2026-08-12 14:00:00,A-001,60,58.785,58.89,3.9566,3.9859,8.878,91.429,41.029,31.842,0,0
2026-08-12 15:00:00,A-001,60,59.047,59.216,3.9294,3.957,8.704,91.607,41.893,31.698,0,0
2026-08-12 16:00:00,A-001,60,59.306,59.443,3.8957,3.9183,8.538,91.787,42.758,31.558,0,0
2026-08-12 17:00:00,A-001,60,59.541,59.665,3.8669,3.8896,8.366,91.973,43.624,31.422,0,0
2026-08-12 18:00:00,A-001,60,59.502,59.67,3.8778,3.9036,8.335,91.789,43.84,31.309,0,0
2026-08-12 19:00:00,A-001,60,59.161,59.362,3.9324,3.9735,8.446,91.209,43.388,31.227,0,0
2026-08-12 20:00:00,A-001,60,58.797,58.945,3.9849,4.0173,8.56,90.623,42.936,31.139,0,0
2026-08-12 21:00:00,A-001,60,58.465,58.621,4.0426,4.0781,8.668,90.036,42.487,31.05,0,0
2026-08-12 22:00:00,A-001,60,58.13,58.343,4.0938,4.1283,8.783,89.451,42.039,30.965,0,0
2026-08-12 23:00:00,A-001,60,57.772,57.965,4.1498,4.1759,8.893,88.872,41.591,30.884,0,0
2026-08-13 00:00:00,A-001,60,57.568,57.6,4.1828,4.194,8.917,89.42,41.57,30.991,0,0
2026-08-13 01:00:00,A-001,60,57.504,57.569,4.1948,4.2154,8.847,91.12,41.991,31.298,0,0
2026-08-13 02:00:00,A-001,60,57.416,57.505,4.2046,4.2267,8.781,92.814,42.412,31.601,0,0
2026-08-13 03:00:00,A-001,60,57.361,57.454,4.2197,4.2384,8.709,94.507,42.836,31.902,0,0
2026-08-13 04:00:00,A-001,60,57.303,57.389,4.2281,4.2429,8.645,96.202,43.262,32.207,0,0
2026-08-13 05:00:00,A-001,60,57.221,57.279,4.2415,4.2466,8.574,97.903,43.687,32.516,0,0
2026-08-13 06:00:00,A-001,60,57.234,57.312,4.2455,4.2519,8.514,98.633,43.459,32.627,0,0
2026-08-13 07:00:00,A-001,60,57.322,57.402,4.2426,4.2562,8.46,98.346,42.557,32.542,0,0
2026-08-13 08:00:00,A-001,60,57.388,57.483,4.2377,4.2565,8.409,98.054,41.655,32.451,0,0
2026-08-13 09:00:00,A-001,60,57.486,57.575,4.2379,4.2551,8.352,97.76,40.756,32.358,0,0
2026-08-13 10:00:00,A-001,60,57.582,57.649,4.2315,4.2477,8.302,97.469,39.858,32.27,0,0
2026-08-13 11:00:00,A-001,60,57.653,57.698,4.23,4.2398,8.246,97.182,38.96,32.186,0,0
2026-08-13 12:00:00,A-001,60,57.681,57.7,4.2417,4.2583,8.295,96.464,38.707,32.179,0,0
2026-08-13 13:00:00,A-001,60,57.643,57.696,4.2696,4.2978,8.445,95.284,39.123,32.26,0,0
2026-08-13 14:00:00,A-001,60,57.583,57.673,4.2955,4.3214,8.6,94.098,39.54,32.336,0,0
2026-08-13 15:00:00,A-001,60,57.554,57.641,4.3265,4.3515,8.747,92.911,39.959,32.41,0,0
2026-08-13 16:00:00,A-001,60,57.523,57.597,4.351,4.3724,8.903,91.726,40.38,32.489,0,0
2026-08-13 17:00:00,A-001,60,57.468,57.512,4.3803,4.3934,9.052,90.547,40.8,32.571,0,0
2026-08-13 18:00:00,A-001,60,57.457,57.498,4.3732,4.394,9.047,90.719,40.951,32.57,0,0
2026-08-13 19:00:00,A-001,60,57.471,57.531,4.331,4.3539,8.878,92.276,40.825,32.492,0,0
2026-08-13 20:00:00,A-001,60,57.461,57.553,4.2867,4.3219,8.712,93.827,40.7,32.408,0,0
2026-08-13 21:00:00,A-001,60,57.485,57.562,4.2475,4.2798,8.54,95.377,40.578,32.322,0,0
2026-08-13 22:00:00,A-001,60,57.505,57.558,4.2018,4.2273,8.376,96.928,40.457,32.24,0,0
2026-08-13 23:00:00,A-001,60,57.502,57.521,4.161,4.1894,8.205,98.485,40.335,32.162,0,0
2026-08-14 00:00:00,A-001,60,57.541,57.606,4.1479,4.1612,8.13,99.04,40.503,31.94,0,0
2026-08-14 01:00:00,A-001,60,57.603,57.675,4.1662,4.1898,8.149,98.545,40.973,31.576,0,0
2026-08-14 02:00:00,A-001,60,57.642,57.735,4.1824,4.206,8.172,98.045,41.443,31.207,0,0
2026-08-14 03:00:00,A-001,60,57.713,57.789,4.2038,4.225,8.188,97.543,41.915,30.837,0,0
2026-08-14 04:00:00,A-001,60,57.782,57.839,4.2186,4.2353,8.211,97.043,42.389,30.47,0,0
2026-08-14 05:00:00,A-001,60,57.827,57.858,4.2382,4.2465,8.229,96.548,42.863,30.107,0,0
2026-08-14 06:00:00,A-001,60,57.991,58.157,4.2493,4.2581,8.241,95.693,43.118,29.912,0,0
2026-08-14 07:00:00,A-001,60,58.258,58.391,4.2541,4.2713,8.242,94.449,43.149,29.899,0,0
2026-08-14 08:00:00,A-001,60,58.503,58.609,4.2568,4.2771,8.246,93.2,43.181,29.88,0,0
2026-08-14 09:00:00,A-001,60,58.779,58.956,4.2647,4.2806,8.244,91.95,43.215,29.859,0,0
2026-08-14 10:00:00,A-001,60,59.053,59.198,4.2659,4.2804,8.249,90.702,43.25,29.842,0,0
2026-08-14 11:00:00,A-001,60,59.303,59.435,4.2721,4.2784,8.248,89.459,43.286,29.829,0,0
2026-08-14 12:00:00,A-001,60,59.326,59.44,4.2588,4.274,8.317,89.619,43.061,29.823,0,0
2026-08-14 13:00:00,A-001,60,59.095,59.242,4.2281,4.2475,8.453,91.215,42.571,29.831,0,0
2026-08-14 14:00:00,A-001,60,58.841,58.935,4.1953,4.2249,8.592,92.807,42.081,29.834,0,0
2026-08-14 15:00:00,A-001,60,58.619,58.748,4.1677,4.1954,8.725,94.396,41.593,29.834,0,0
2026-08-14 16:00:00,A-001,60,58.395,58.554,4.1335,4.1562,8.866,95.988,41.107,29.839,0,0
2026-08-14 17:00:00,A-001,60,58.146,58.285,4.1042,4.1271,9.0,97.585,40.621,29.848,0,0
2026-08-14 18:00:00,A-001,60,58.056,58.117,4.1239,4.1563,8.981,98.191,40.345,29.824,0,0
2026-08-14 19:00:00,A-001,60,58.11,58.181,4.197,4.2472,8.798,97.757,40.29,29.771,0,0
2026-08-14 20:00:00,A-001,60,58.141,58.234,4.268,4.3052,8.619,97.319,40.235,29.714,0,0
2026-08-14 21:00:00,A-001,60,58.204,58.276,4.3442,4.3873,8.434,96.878,40.182,29.655,0,0
2026-08-14 22:00:00,A-001,60,58.265,58.318,4.4139,4.4575,8.256,96.44,40.131,29.6,0,0
2026-08-14 23:00:00,A-001,60,58.301,58.329,4.4884,4.5236,8.072,96.007,40.08,29.549,0,0
2026-08-15 00:00:00,A-001,60,58.403,58.511,4.521,4.5257,8.018,95.55,40.13,29.652,0,0
2026-08-15 01:00:00,A-001,60,58.552,58.649,4.5129,4.5256,8.093,95.053,40.288,29.921,0,0
2026-08-15 02:00:00,A-001,60,58.678,58.775,4.5028,4.5224,8.173,94.551,40.446,30.186,0,0
2026-08-15 03:00:00,A-001,60,58.836,58.954,4.4978,4.517,8.246,94.047,40.607,30.448,0,0
2026-08-15 04:00:00,A-001,60,58.991,59.083,4.4863,4.5036,8.326,93.545,40.769,30.715,0,0
2026-08-15 05:00:00,A-001,60,59.123,59.197,4.4796,4.4918,8.4,93.049,40.931,30.985,0,0
2026-08-15 06:00:00,A-001,60,59.107,59.2,4.4706,4.4751,8.504,92.62,40.903,31.097,0,0
2026-08-15 07:00:00,A-001,60,58.917,59.044,4.4619,4.4748,8.633,92.247,40.678,31.051,0,0
2026-08-15 08:00:00,A-001,60,58.705,58.794,4.4511,4.4708,8.766,91.868,40.455,31.001,0,0
2026-08-15 09:00:00,A-001,60,58.525,58.644,4.4455,4.4649,8.892,91.488,40.234,30.948,0,0
2026-08-15 10:00:00,A-001,60,58.342,58.482,4.4333,4.4508,9.026,91.109,40.015,30.9,0,0
2026-08-15 11:00:00,A-001,60,58.135,58.254,4.426,4.4385,9.153,90.737,39.795,30.855,0,0
2026-08-15 12:00:00,A-001,60,58.083,58.16,4.4239,4.4332,9.188,90.614,39.82,30.903,0,0
2026-08-15 13:00:00,A-001,60,58.17,58.249,4.43,4.4479,9.122,90.738,40.099,31.052,0,0
2026-08-15 14:00:00,A-001,60,58.234,58.328,4.4341,4.4547,9.06,90.856,40.379,31.197,0,0
2026-08-15 15:00:00,A-001,60,58.331,58.419,4.4433,4.4597,8.991,90.972,40.662,31.339,0,0
2026-08-15 16:00:00,A-001,60,58.424,58.491,4.4459,4.4601,8.93,91.09,40.946,31.486,0,0
2026-08-15 17:00:00,A-001,60,58.494,58.538,4.4534,4.4591,8.862,91.214,41.23,31.636,0,0
2026-08-15 18:00:00,A-001,60,58.594,58.682,4.4652,4.4786,8.865,91.084,41.416,31.752,0,0
2026-08-15 19:00:00,A-001,60,58.702,58.788,4.4839,4.5078,8.933,90.677,41.503,31.838,0,0
2026-08-15 20:00:00,A-001,60,58.788,58.883,4.5007,4.5244,9.006,90.265,41.592,31.919,0,0
2026-08-15 21:00:00,A-001,60,58.906,59.005,4.5225,4.5439,9.072,89.851,41.683,31.998,0,0
2026-08-15 22:00:00,A-001,60,59.022,59.097,4.5378,4.5547,9.146,89.44,41.775,32.081,0,0
2026-08-15 23:00:00,A-001,60,59.113,59.168,4.558,4.5665,9.214,89.033,41.867,32.168,0,0
2026-08-16 00:00:00,A-001,60,59.084,59.17,4.5878,4.6094,9.18,89.374,41.774,31.977,0,0
2026-08-16 01:00:00,A-001,60,58.91,59.029,4.6302,4.6653,9.035,90.472,41.491,31.505,0,0
2026-08-16 02:00:00,A-001,60,58.712,58.801,4.6706,4.7001,8.895,91.565,41.21,31.028,0,0
2026-08-16 03:00:00,A-001,60,58.547,58.663,4.7162,4.7468,8.747,92.656,40.931,30.548,0,0
2026-08-16 04:00:00,A-001,60,58.379,58.513,4.7551,4.7837,8.608,93.75,40.653,30.073,0,0
2026-08-16 05:00:00,A-001,60,58.187,58.299,4.799,4.8191,8.462,94.848,40.375,29.602,0,0
2026-08-16 06:00:00,A-001,60,58.122,58.179,4.804,4.82,8.403,95.345,40.454,29.454,0,0
2026-08-16 07:00:00,A-001,60,58.168,58.236,4.7716,4.7915,8.429,95.205,40.905,29.647,0,0
2026-08-16 08:00:00,A-001,60,58.19,58.283,4.7372,4.7676,8.458,95.06,41.357,29.835,0,0
2026-08-16 09:00:00,A-001,60,58.245,58.317,4.7079,4.7363,8.481,94.912,41.811,30.02,0,0
2026-08-16 10:00:00,A-001,60,58.297,58.347,4.672,4.6951,8.511,94.767,42.267,30.21,0,0
2026-08-16 11:00:00,A-001,60,58.326,58.35,4.641,4.6648,8.536,94.628,42.722,30.404,0,0
2026-08-16 12:00:00,A-001,60,58.449,58.583,4.6371,4.6533,8.579,94.166,43.039,30.532,0,0
2026-08-16 13:00:00,A-001,60,58.651,58.764,4.6639,4.6915,8.636,93.358,43.215,30.598,0,0
2026-08-16 14:00:00,A-001,60,58.831,58.932,4.6886,4.7142,8.697,92.544,43.392,30.659,0,0
2026-08-16 15:00:00,A-001,60,59.042,59.187,4.7185,4.743,8.752,91.729,43.571,30.718,0,0
2026-08-16 16:00:00,A-001,60,59.251,59.366,4.7417,4.7626,8.814,90.916,43.752,30.781,0,0
2026-08-16 17:00:00,A-001,60,59.436,59.536,4.7699,4.7824,8.87,90.108,43.932,30.849,0,0
2026-08-16 18:00:00,A-001,60,59.53,59.554,4.7698,4.783,8.864,90.197,43.97,30.752,0,0
2026-08-16 19:00:00,A-001,60,59.508,59.56,4.7431,4.7612,8.79,91.2,43.862,30.493,0,0
2026-08-16 20:00:00,A-001,60,59.464,59.554,4.7143,4.7419,8.719,92.198,43.756,30.229,0,0
2026-08-16 21:00:00,A-001,60,59.452,59.536,4.6907,4.7168,8.642,93.194,43.652,29.963,0,0
2026-08-16 22:00:00,A-001,60,59.438,59.505,4.6604,4.6822,8.572,94.193,43.549,29.702,0,0
2026-08-16 23:00:00,A-001,60,59.399,59.435,4.6351,4.6562,8.497,95.197,43.446,29.444,0,0
2026-08-17 00:00:00,A-001,60,59.383,59.411,4.6361,4.6538,8.424,95.778,43.448,29.502,0,0
2026-08-17 01:00:00,A-001,60,59.368,59.421,4.6671,4.6967,8.35,95.908,43.561,29.893,0,0
2026-08-17 02:00:00,A-001,60,59.331,59.421,4.696,4.7226,8.279,96.032,43.674,30.279,0,0
2026-08-17 03:00:00,A-001,60,59.326,59.408,4.73,4.7562,8.202,96.155,43.79,30.663,0,0
2026-08-17 04:00:00,A-001,60,59.318,59.383,4.7575,4.7804,8.132,96.28,43.907,31.051,0,0
2026-08-17 05:00:00,A-001,60,59.286,59.319,4.7898,4.8043,8.057,96.411,44.024,31.443,0,0
2026-08-17 06:00:00,A-001,60,59.337,59.428,4.8081,4.8175,8.013,96.642,43.865,31.583,0,0
2026-08-17 07:00:00,A-001,60,59.452,59.539,4.8145,4.8325,7.997,96.964,43.423,31.469,0,0
2026-08-17 08:00:00,A-001,60,59.545,59.64,4.8189,4.8397,7.984,97.28,42.981,31.35,0,0
2026-08-17 09:00:00,A-001,60,59.67,59.771,4.8285,4.845,7.966,97.594,42.542,31.23,0,0
2026-08-17 10:00:00,A-001,60,59.792,59.87,4.8314,4.8455,7.954,97.911,42.104,31.113,0,0
2026-08-17 11:00:00,A-001,60,59.89,59.948,4.8393,4.8448,7.937,98.233,41.666,31.0,0,0
2026-08-17 12:00:00,A-001,60,60.004,60.093,4.8453,4.8548,7.943,97.781,41.679,30.858,0,0
2026-08-17 13:00:00,A-001,60,60.115,60.201,4.852,4.8702,7.969,96.514,42.16,30.692,0,0
2026-08-17 14:00:00,A-001,60,60.202,60.298,4.8568,4.8776,7.998,95.242,42.642,30.522,0,0
2026-08-17 15:00:00,A-001,60,60.322,60.422,4.8666,4.8833,8.021,93.968,43.126,30.349,0,0
2026-08-17 16:00:00,A-001,60,60.439,60.515,4.8699,4.8839,8.051,92.697,43.612,30.181,0,0
2026-08-17 17:00:00,A-001,60,60.533,60.588,4.8781,4.8834,8.076,91.431,44.097,30.016,0,0
2026-08-17 18:00:00,A-001,60,60.524,60.59,4.8869,4.8981,8.112,91.111,44.258,29.904,0,0
2026-08-17 19:00:00,A-001,60,60.389,60.489,4.899,4.9197,8.156,91.756,44.086,29.854,0,0
2026-08-17 20:00:00,A-001,60,60.232,60.32,4.909,4.9311,8.204,92.396,43.914,29.798,0,0
2026-08-17 21:00:00,A-001,60,60.107,60.214,4.9243,4.943,8.245,93.033,43.745,29.741,0,0
2026-08-17 22:00:00,A-001,60,59.979,60.095,4.9329,4.9477,8.294,93.674,43.577,29.687,0,0
2026-08-17 23:00:00,A-001,60,59.827,59.919,4.9464,4.9516,8.336,94.319,43.409,29.638,0,0
2026-08-18 00:00:00,A-001,60,59.667,59.76,4.9378,4.952,8.345,94.979,43.353,29.702,0,0
2026-08-18 01:00:00,A-001,60,59.477,59.604,4.9091,4.9279,8.312,95.641,43.414,29.892,0,0
2026-08-18 02:00:00,A-001,60,59.265,59.354,4.8783,4.9069,8.283,96.297,43.475,30.076,0,0
2026-08-18 03:00:00,A-001,60,59.085,59.204,4.8527,4.8796,8.247,96.951,43.539,30.259,0,0
2026-08-18 04:00:00,A-001,60,58.902,59.042,4.8205,4.8427,8.22,97.608,43.605,30.445,0,0
2026-08-18 05:00:00,A-001,60,58.695,58.814,4.7931,4.8152,8.185,98.27,43.67,30.636,0,0
2026-08-18 06:00:00,A-001,60,58.685,58.805,4.7897,4.8049,8.262,98.602,43.689,30.614,0,0
2026-08-18 07:00:00,A-001,60,58.859,58.963,4.8137,4.84,8.447,98.579,43.662,30.38,0,0
2026-08-18 08:00:00,A-001,60,59.01,59.109,4.8355,4.8605,8.637,98.55,43.635,30.141,0,0
2026-08-18 09:00:00,A-001,60,59.193,59.324,4.8626,4.886,8.82,98.52,43.611,29.901,0,0
2026-08-18 10:00:00,A-001,60,59.374,59.476,4.883,4.9025,9.01,98.492,43.588,29.664,0,0
2026-08-18 11:00:00,A-001,60,59.53,59.617,4.9084,4.9194,9.194,98.469,43.565,29.431,0,0
2026-08-18 12:00:00,A-001,60,59.733,59.881,4.9247,4.9352,9.199,98.034,43.57,29.416,0,0
2026-08-18 13:00:00,A-001,60,59.964,60.085,4.9345,4.9541,9.013,97.161,43.606,29.634,0,0
2026-08-18 14:00:00,A-001,60,60.171,60.275,4.9422,4.9638,8.831,96.282,43.643,29.847,0,0
2026-08-18 15:00:00,A-001,60,60.411,60.57,4.9551,4.973,8.642,95.402,43.682,30.058,0,0
2026-08-18 16:00:00,A-001,60,60.648,60.776,4.9614,4.9759,8.461,94.524,43.723,30.273,0,0
2026-08-18 17:00:00,A-001,60,60.862,60.976,4.9726,4.977,8.273,93.651,43.763,30.492,0,0
2026-08-18 18:00:00,A-001,60,60.879,60.98,4.9935,5.012,8.269,93.275,43.7,30.514,17,0
2026-08-18 19:00:00,A-001,60,60.672,60.807,5.0271,5.058,8.45,93.4,43.533,30.34,60,0
2026-08-18 20:00:00,A-001,60,60.443,60.532,5.0586,5.0859,8.634,93.52,43.367,30.161,60,0
2026-08-18 21:00:00,A-001,60,60.246,60.37,5.0953,5.1225,8.812,93.638,43.202,29.98,60,0
2026-08-18 22:00:00,A-001,60,60.047,60.195,5.1254,5.1497,8.998,93.758,43.039,29.803,60,0
2026-08-18 23:00:00,A-001,60,59.824,59.95,5.1604,5.1763,9.177,93.883,42.877,29.631,60,0
2026-08-19 00:00:00,A-001,60,59.81,59.934,5.158,5.177,9.165,94.435,42.886,29.598,60,0
2026-08-19 01:00:00,A-001,60,59.992,60.098,5.1194,5.1412,8.951,95.413,43.075,29.717,60,0
2026-08-19 02:00:00,A-001,60,60.151,60.25,5.0788,5.1122,8.74,96.386,43.265,29.832,60,0
2026-08-19 03:00:00,A-001,60,60.342,60.477,5.0433,5.0741,8.523,97.357,43.458,29.944,60,0
2026-08-19 04:00:00,A-001,60,60.531,60.637,5.0013,5.0259,8.313,98.331,43.652,30.061,34,0
2026-08-19 05:00:00,A-001,60,60.696,60.786,4.9641,4.9908,8.098,99.309,43.845,30.182,0,0
2026-08-19 06:00:00,A-001,60,60.78,60.806,4.9336,4.944,8.093,99.007,43.694,30.216,0,0
2026-08-19 07:00:00,A-001,60,60.761,60.813,4.9125,4.929,8.302,97.367,43.188,30.169,0,0
2026-08-19 08:00:00,A-001,60,60.718,60.809,4.8894,4.9142,8.515,95.722,42.683,30.117,0,0
2026-08-19 09:00:00,A-001,60,60.708,60.792,4.8714,4.8955,8.721,94.075,42.181,30.062,0,0
2026-08-19 10:00:00,A-001,60,60.695,60.762,4.8469,4.8673,8.935,92.43,41.68,30.012,0,0
2026-08-19 11:00:00,A-001,60,60.659,60.694,4.8272,4.8456,9.143,90.79,41.179,29.966,0,0
2026-08-19 12:00:00,A-001,60,60.589,60.65,4.8232,4.8353,9.208,90.704,41.175,29.909,0,0
2026-08-19 13:00:00,A-001,60,60.464,60.559,4.838,4.8599,9.12,92.209,41.687,29.849,0,0
2026-08-19 14:00:00,A-001,60,60.317,60.405,4.8507,4.8734,9.036,93.708,42.201,29.783,0,0
2026-08-19 15:00:00,A-001,60,60.202,60.307,4.8686,4.8884,8.945,95.206,42.717,29.716,0,0
2026-08-19 16:00:00,A-001,60,60.084,60.195,4.8798,4.8951,8.863,96.706,43.234,29.652,0,0
2026-08-19 17:00:00,A-001,60,59.942,60.029,4.896,4.9026,8.773,98.212,43.751,29.593,0,0
2026-08-19 18:00:00,A-001,60,59.968,60.09,4.9247,4.9469,8.74,98.448,43.775,29.496,0,0
2026-08-19 19:00:00,A-001,60,60.147,60.252,4.969,5.005,8.759,97.358,43.293,29.367,4,0
2026-08-19 20:00:00,A-001,60,60.303,60.402,5.0112,5.0411,8.782,96.263,42.812,29.233,43,0
2026-08-19 21:00:00,A-001,60,60.491,60.624,5.0586,5.09,8.798,95.165,42.332,29.097,60,0
2026-08-19 22:00:00,A-001,60,60.676,60.781,5.0993,5.1288,8.821,94.07,41.855,28.966,60,0
2026-08-19 23:00:00,A-001,60,60.838,60.926,5.145,5.1661,8.839,92.981,41.377,28.838,60,0
2026-08-20 00:00:00,A-001,60,60.777,60.93,5.1563,5.167,8.832,92.5,41.174,28.841,60,0
2026-08-20 01:00:00,A-001,60,60.466,60.652,5.1348,5.1514,8.794,92.635,41.258,28.987,60,0
2026-08-20 02:00:00,A-001,60,60.132,60.265,5.1112,5.1362,8.76,92.765,41.344,29.128,60,0
2026-08-20 03:00:00,A-001,60,59.83,59.978,5.0927,5.1169,8.72,92.892,41.431,29.267,60,0
2026-08-20 04:00:00,A-001,60,59.525,59.723,5.0677,5.0881,8.687,93.023,41.52,29.411,60,0
2026-08-20 05:00:00,A-001,60,59.197,59.375,5.0475,5.0661,8.648,93.158,41.609,29.558,60,0
2026-08-20 06:00:00,A-001,60,59.175,59.345,5.0512,5.0689,8.614,93.544,41.812,29.532,60,0
2026-08-20 07:00:00,A-001,60,59.451,59.586,5.0823,5.112,8.579,94.176,42.136,29.335,60,0
2026-08-20 08:00:00,A-001,60,59.703,59.81,5.1114,5.1381,8.549,94.802,42.462,29.133,60,0
2026-08-20 09:00:00,A-001,60,59.988,60.169,5.1456,5.1718,8.512,95.427,42.789,28.929,60,0
2026-08-20 10:00:00,A-001,60,60.27,60.419,5.1732,5.1962,8.482,96.054,43.118,28.729,60,0
2026-08-20 11:00:00,A-001,60,60.529,60.665,5.2057,5.2203,8.446,96.686,43.447,28.533,60,0
2026-08-20 12:00:00,A-001,60,60.721,60.807,5.1988,5.221,8.438,96.849,43.628,28.58,60,0
2026-08-20 13:00:00,A-001,60,60.825,60.909,5.1537,5.1775,8.451,96.514,43.659,28.886,60,0
2026-08-20 14:00:00,A-001,60,60.906,61.001,5.1066,5.1432,8.469,96.174,43.691,29.187,60,0
2026-08-20 15:00:00,A-001,60,61.019,61.115,5.0647,5.098,8.48,95.831,43.725,29.486,60,60
2026-08-20 16:00:00,A-001,60,61.129,61.202,5.0161,5.0423,8.499,95.492,43.76,29.789,49,60
2026-08-20 17:00:00,A-001,60,61.216,61.268,4.9724,5.0022,8.512,95.157,43.796,30.097,4,60
2026-08-20 18:00:00,A-001,60,61.169,61.27,4.9823,5.0129,8.563,94.764,43.686,30.183,16,60
2026-08-20 19:00:00,A-001,60,60.962,61.097,5.0503,5.0979,8.648,94.297,43.429,30.05,60,60
2026-08-20 20:00:00,A-001,60,60.733,60.822,5.1162,5.152,8.738,93.826,43.172,29.911,60,60
2026-08-20 21:00:00,A-001,60,60.536,60.66,5.1872,5.2281,8.821,93.352,42.918,29.77,60,0
2026-08-20 22:00:00,A-001,60,60.337,60.485,5.2517,5.2928,8.911,92.88,42.665,29.633,60,0
2026-08-20 23:00:00,A-001,60,60.114,60.24,5.321,5.3537,8.995,92.414,42.412,29.5,60,0
2026-08-21 00:00:00,A-001,60,60.076,60.176,5.3528,5.3586,8.979,91.96,42.205,29.393,60,0
2026-08-21 01:00:00,A-001,60,60.21,60.302,5.3484,5.3612,8.855,91.505,42.048,29.319,60,0
2026-08-21 02:00:00,A-001,60,60.32,60.417,5.3419,5.361,8.735,91.045,41.892,29.24,60,0
2026-08-21 03:00:00,A-001,60,60.464,60.575,5.3406,5.3584,8.607,90.582,41.737,29.159,60,0
2026-08-21 04:00:00,A-001,60,60.604,60.689,5.3328,5.3493,8.488,90.123,41.584,29.083,60,0
2026-08-21 05:00:00,A-001,60,60.721,60.787,5.3298,5.3402,8.362,89.668,41.431,29.01,60,0
2026-08-21 06:00:00,A-001,60,60.641,60.79,5.2959,5.327,8.284,90.001,41.211,29.111,60,0
2026-08-21 07:00:00,A-001,60,60.338,60.521,5.2329,5.2622,8.249,91.134,40.922,29.401,60,0
2026-08-21 08:00:00,A-001,60,60.012,60.141,5.1678,5.2132,8.219,92.262,40.633,29.685,60,0
2026-08-21 09:00:00,A-001,60,59.719,59.865,5.1078,5.1482,8.182,93.388,40.347,29.968,60,0
2026-08-21 10:00:00,A-001,60,59.423,59.616,5.0412,5.0718,8.152,94.517,40.063,30.255,60,0
2026-08-21 11:00:00,A-001,60,59.103,59.277,4.9796,5.0182,8.116,95.651,39.778,30.545,9,0
2026-08-21 12:00:00,A-001,60,58.968,59.021,4.9597,4.9756,8.167,96.108,40.012,30.5,0,0
2026-08-21 13:00:00,A-001,60,59.005,59.071,4.9856,5.0129,8.303,95.851,40.783,30.114,9,0
2026-08-21 14:00:00,A-001,60,59.02,59.112,5.0095,5.035,8.442,95.589,41.554,29.724,44,0
2026-08-21 15:00:00,A-001,60,59.066,59.139,5.0386,5.0628,8.575,95.325,42.329,29.331,60,0
2026-08-21 16:00:00,A-001,60,59.11,59.157,5.061,5.0815,8.716,95.063,43.104,28.943,60,0
2026-08-21 17:00:00,A-001,60,59.13,59.153,5.0883,5.1004,8.85,94.807,43.88,28.558,60,0
2026-08-21 18:00:00,A-001,60,59.309,59.503,5.1203,5.1409,8.943,95.062,44.189,28.362,60,0
2026-08-21 19:00:00,A-001,60,59.633,59.784,5.1598,5.1934,8.989,95.832,44.018,28.368,60,0
2026-08-21 20:00:00,A-001,60,59.934,60.045,5.1972,5.2259,9.038,96.597,43.848,28.369,60,0
2026-08-21 21:00:00,A-001,60,60.267,60.471,5.2397,5.2692,9.081,97.36,43.681,28.369,60,0
2026-08-21 22:00:00,A-001,60,60.598,60.77,5.2756,5.3027,9.131,98.125,43.514,28.372,60,0
2026-08-21 23:00:00,A-001,60,60.904,61.064,5.3165,5.3352,9.176,98.895,43.348,28.379,60,0
2026-08-22 00:00:00,A-001,60,61.112,61.189,5.3528,5.3715,9.189,98.539,43.144,28.545,60,0
2026-08-22 01:00:00,A-001,60,61.197,61.276,5.3871,5.4183,9.164,97.004,42.904,28.883,60,0
2026-08-22 02:00:00,A-001,60,61.26,61.354,5.4193,5.4467,9.144,95.464,42.664,29.216,60,0
2026-08-22 03:00:00,A-001,60,61.355,61.442,5.4566,5.4841,9.116,93.921,42.426,29.547,60,0
2026-08-22 04:00:00,A-001,60,61.447,61.513,5.4874,5.512,9.097,92.382,42.19,29.882,60,0
2026-08-22 05:00:00,A-001,60,61.515,61.558,5.5231,5.5393,9.071,90.847,41.954,30.221,60,0
2026-08-22 06:00:00,A-001,60,61.466,61.56,5.5017,5.54,9.053,90.718,42.095,30.18,60,0
2026-08-22 07:00:00,A-001,60,61.275,61.402,5.424,5.4581,9.037,92.028,42.63,29.754,60,0
2026-08-22 08:00:00,A-001,60,61.061,61.149,5.3442,5.3969,9.024,93.333,43.165,29.324,60,0
2026-08-22 09:00:00,A-001,60,60.879,60.999,5.2696,5.3157,9.006,94.635,43.702,28.891,60,0
2026-08-22 10:00:00,A-001,60,60.694,60.836,5.1884,5.2224,8.994,95.94,44.241,28.463,60,0
2026-08-22 11:00:00,A-001,60,60.486,60.605,5.112,5.1579,8.977,97.251,44.78,28.039,60,0
2026-08-22 12:00:00,A-001,60,60.487,60.618,5.0979,5.123,8.954,97.661,44.684,28.002,60,0
2026-08-22 13:00:00,A-001,60,60.684,60.795,5.1507,5.1908,8.919,97.126,43.933,28.373,60,0
2026-08-22 14:00:00,A-001,60,60.858,60.959,5.2014,5.2333,8.889,96.585,43.183,28.739,60,0
2026-08-22 15:00:00,A-001,60,61.065,61.207,5.2573,5.292,8.852,96.043,42.435,29.103,60,0
2026-08-22 16:00:00,A-001,60,61.269,61.381,5.3065,5.3402,8.822,95.503,41.689,29.471,60,0
2026-08-22 17:00:00,A-001,60,61.448,61.546,5.3607,5.386,8.786,94.969,40.943,29.844,60,0
2026-08-22 18:00:00,A-001,60,61.491,61.55,5.3982,5.4131,8.747,94.382,40.643,29.94,60,0
2026-08-22 19:00:00,A-001,60,61.372,61.464,5.4212,5.447,8.7,93.727,40.808,29.76,60,0
2026-08-22 20:00:00,A-001,60,61.229,61.318,5.442,5.4668,8.656,93.066,40.973,29.574,60,0
2026-08-22 21:00:00,A-001,60,61.119,61.223,5.4681,5.4911,8.605,92.404,41.14,29.387,60,0
2026-08-22 22:00:00,A-001,60,61.006,61.116,5.4875,5.5065,8.562,91.744,41.309,29.203,60,0
2026-08-22 23:00:00,A-001,60,60.869,60.954,5.5119,5.5225,8.513,91.09,41.478,29.024,60,0
2026-08-23 00:00:00,A-001,60,60.725,60.81,5.5045,5.523,8.502,91.314,41.895,29.026,60,0
2026-08-23 01:00:00,A-001,60,60.552,60.671,5.4672,5.4886,8.524,92.432,42.571,29.224,60,0
2026-08-23 02:00:00,A-001,60,60.356,60.445,5.4277,5.4606,8.55,93.545,43.248,29.417,60,0
2026-08-23 03:00:00,A-001,60,60.193,60.309,5.3934,5.4238,8.569,94.656,43.927,29.608,60,0
2026-08-23 04:00:00,A-001,60,60.027,60.16,5.3525,5.3768,8.596,95.77,44.607,29.803,60,0
2026-08-23 05:00:00,A-001,60,59.837,59.947,5.3165,5.3427,8.617,96.888,45.288,30.002,60,0
2026-08-23 06:00:00,A-001,60,59.859,60.003,5.2926,5.2971,8.652,96.775,45.266,30.011,60,0
2026-08-23 07:00:00,A-001,60,60.081,60.2,5.2837,5.2966,8.694,95.375,44.52,29.832,60,0
2026-08-23 08:00:00,A-001,60,60.28,60.383,5.2727,5.2924,8.74,93.97,43.775,29.648,60,0
2026-08-23 09:00:00,A-001,60,60.512,60.666,5.2669,5.2864,8.779,92.563,43.033,29.463,60,0
2026-08-23 10:00:00,A-001,60,60.741,60.864,5.2545,5.2721,8.826,91.158,42.292,29.281,60,0
2026-08-23 11:00:00,A-001,60,60.946,61.056,5.2471,5.2597,8.867,89.758,41.551,29.103,60,0
2026-08-23 12:00:00,A-001,60,60.954,61.06,5.2654,5.2888,8.818,89.154,41.315,29.048,60,0
2026-08-23 13:00:00,A-001,60,60.737,60.877,5.3132,5.3509,8.67,89.359,41.604,29.128,60,0
2026-08-23 14:00:00,A-001,60,60.498,60.587,5.3589,5.3896,8.526,89.559,41.894,29.202,60,0
2026-08-23 15:00:00,A-001,60,60.291,60.417,5.4098,5.4425,8.376,89.757,42.187,29.275,60,0
2026-08-23 16:00:00,A-001,60,60.082,60.235,5.4541,5.4853,8.233,89.957,42.481,29.351,60,0
2026-08-23 17:00:00,A-001,60,59.849,59.98,5.5032,5.5261,8.084,90.163,42.774,29.432,60,0
2026-08-23 18:00:00,A-001,60,59.866,60.026,5.5452,5.5649,8.04,90.098,43.057,29.298,60,0
2026-08-23 19:00:00,A-001,60,60.121,60.25,5.5823,5.6148,8.098,89.742,43.329,28.949,60,0
2026-08-23 20:00:00,A-001,60,60.353,60.459,5.6173,5.6455,8.161,89.38,43.603,28.595,60,0
2026-08-23 21:00:00,A-001,60,60.618,60.789,5.6575,5.6861,8.217,89.016,43.879,28.239,60,0
2026-08-23 22:00:00,A-001,60,60.88,61.02,5.6912,5.7171,8.281,88.654,44.156,27.887,60,0
2026-08-23 23:00:00,A-001,60,61.119,61.245,5.7297,5.7472,8.339,88.298,44.433,27.54,60,0
2026-08-24 00:00:00,A-001,60,61.123,61.25,5.7282,5.748,8.386,88.434,44.646,27.53,60,0
2026-08-24 01:00:00,A-001,60,60.865,61.026,5.6882,5.7105,8.416,89.066,44.795,27.878,60,0
2026-08-24 02:00:00,A-001,60,60.585,60.691,5.6461,5.6802,8.451,89.692,44.946,28.221,60,0
2026-08-24 03:00:00,A-001,60,60.336,60.472,5.6091,5.6405,8.478,90.317,45.098,28.562,60,0
2026-08-24 04:00:00,A-001,60,60.085,60.257,5.5656,5.5905,8.514,90.944,45.252,28.907,60,0
2026-08-24 05:00:00,A-001,60,59.81,59.962,5.5269,5.5543,8.543,91.576,45.406,29.255,60,0
2026-08-24 06:00:00,A-001,60,59.743,59.841,5.5125,5.5241,8.595,92.254,45.254,29.339,60,0
2026-08-24 07:00:00,A-001,60,59.872,59.963,5.5257,5.547,8.666,92.965,44.788,29.155,60,0
2026-08-24 08:00:00,A-001,60,59.978,60.074,5.537,5.5593,8.74,93.672,44.323,28.966,60,0
2026-08-24 09:00:00,A-001,60,60.116,60.225,5.5533,5.5726,8.808,94.376,43.861,28.775,60,0
2026-08-24 10:00:00,A-001,60,60.252,60.335,5.5631,5.5781,8.884,95.083,43.399,28.588,60,0
2026-08-24 11:00:00,A-001,60,60.363,60.427,5.5778,5.5836,8.953,95.795,42.938,28.406,60,0
2026-08-24 12:00:00,A-001,60,60.354,60.43,5.598,5.6148,8.978,95.649,42.686,28.3,60,0
2026-08-24 13:00:00,A-001,60,60.199,60.309,5.6266,5.6551,8.952,94.602,42.652,28.281,60,0
2026-08-24 14:00:00,A-001,60,60.022,60.11,5.6532,5.6792,8.93,93.551,42.619,28.257,60,0
2026-08-24 15:00:00,A-001,60,59.877,59.988,5.6849,5.7101,8.901,92.497,42.588,28.231,60,0
2026-08-24 16:00:00,A-001,60,59.729,59.854,5.71,5.7317,8.879,91.445,42.558,28.21,60,0
2026-08-24 17:00:00,A-001,60,59.557,59.659,5.74,5.7534,8.852,90.399,42.529,28.192,60,0
2026-08-24 18:00:00,A-001,60,59.647,59.849,5.7376,5.754,8.764,90.078,42.387,28.3,60,0
2026-08-24 19:00:00,A-001,60,59.988,60.144,5.7044,5.7245,8.608,90.493,42.131,28.546,60,0
2026-08-24 20:00:00,A-001,60,60.305,60.418,5.6691,5.6999,8.456,90.903,41.876,28.787,60,0
2026-08-24 21:00:00,A-001,60,60.655,60.868,5.639,5.6677,8.297,91.31,41.624,29.027,60,0
2026-08-24 22:00:00,A-001,60,61.002,61.183,5.6022,5.6255,8.146,91.72,41.373,29.27,60,0
2026-08-24 23:00:00,A-001,60,61.326,61.494,5.5704,5.5946,7.988,92.136,41.121,29.517,60,0
2026-08-25 00:00:00,A-001,60,61.525,61.584,5.5445,5.553,8.021,92.029,40.984,29.427,60,0
2026-08-25 01:00:00,A-001,60,61.575,61.645,5.5275,5.5428,8.245,91.369,40.967,28.997,60,0
2026-08-25 02:00:00,A-001,60,61.603,61.695,5.5084,5.5312,8.472,90.704,40.95,28.561,60,0
2026-08-25 03:00:00,A-001,60,61.663,61.733,5.4944,5.5169,8.694,90.037,40.936,28.124,60,0
2026-08-25 04:00:00,A-001,60,61.72,61.772,5.4739,5.4933,8.922,89.372,40.923,27.691,60,0
2026-08-25 05:00:00,A-001,60,61.753,61.779,5.4582,5.4747,9.145,88.712,40.91,27.261,60,0
2026-08-25 06:00:00,A-001,60,61.766,61.788,5.4519,5.4612,9.263,89.093,40.978,27.248,60,0
2026-08-25 07:00:00,A-001,60,61.738,61.788,5.458,5.4759,9.269,90.534,41.13,27.672,60,0
2026-08-25 08:00:00,A-001,60,61.688,61.778,5.4621,5.4827,9.278,91.971,41.284,28.092,60,0
2026-08-25 09:00:00,A-001,60,61.669,61.754,5.4713,5.4877,9.281,93.405,41.44,28.509,60,0
2026-08-25 10:00:00,A-001,60,61.648,61.718,5.4739,5.4881,9.292,94.842,41.597,28.931,60,0
2026-08-25 11:00:00,A-001,60,61.603,61.642,5.4814,5.4871,9.296,96.284,41.754,29.356,60,0
2026-08-25 12:00:00,A-001,60,61.579,61.603,5.4907,5.5025,9.221,96.376,41.777,29.498,60,0
2026-08-25 13:00:00,A-001,60,61.556,61.607,5.5045,5.526,9.06,95.057,41.665,29.355,60,0
2026-08-25 14:00:00,A-001,60,61.51,61.6,5.5162,5.5387,8.903,93.734,41.554,29.206,60,0
2026-08-25 15:00:00,A-001,60,61.497,61.581,5.5331,5.5525,8.739,92.408,41.444,29.055,60,0
2026-08-25 16:00:00,A-001,60,61.48,61.549,5.5434,5.5585,8.583,91.085,41.337,28.908,60,0
2026-08-25 17:00:00,A-001,60,61.44,61.477,5.5585,5.5646,8.421,89.767,41.229,28.765,60,0
