work_order_id,asset_id,work_type,priority,problem_description,created_date,due_date,completed_date,status,assigned_employee_id,estimated_hours,actual_hours
WO-00001,A-001,INSPECTION,URGENT,Rising vibration trend requires evidence-based inspection planning.,2026-08-20,2026-08-22,,OPEN,E-001,8.0,
WO-00002,A-002,CORRECTIVE,HIGH,Work recorded as complete but closure evidence and completion date are missing.,2026-07-26,2026-08-05,,COMPLETED,E-002,5.0,4.5
WO-00003,A-092,CORRECTIVE,LOW,Temperature trend exceeded expected operating band.,2026-07-12,2026-08-11,2026-08-14,COMPLETED,E-222,8.6,2.7
WO-00004,A-034,CALIBRATION,URGENT,Abnormal vibration observed during routine monitoring.,2025-09-11,2025-09-13,,IN_PROGRESS,E-082,10.0,
WO-00005,A-086,INSPECTION,MEDIUM,Intermittent noise reported by field team.,2026-04-09,2026-04-23,2026-05-03,COMPLETED,E-207,7.0,9.7
WO-00006,A-068,CORRECTIVE,LOW,Intermittent noise reported by field team.,2026-05-01,2026-05-31,2026-05-30,COMPLETED,E-233,7.8,16.6
WO-00007,A-033,PREVENTIVE,HIGH,Preventive maintenance interval reached.,2025-09-03,2025-09-10,2025-09-11,COMPLETED,E-018,8.3,7.3
WO-00008,A-067,CORRECTIVE,LOW,Minor leakage indication requires inspection.,2026-03-10,2026-04-09,2026-04-12,COMPLETED,E-223,5.4,10.1
WO-00009,A-091,CALIBRATION,HIGH,Temperature trend exceeded expected operating band.,2025-12-04,2025-12-11,,OPEN,E-129,14.5,
WO-00010,A-115,CALIBRATION,HIGH,Preventive maintenance interval reached.,2026-04-17,2026-04-24,2026-05-01,COMPLETED,E-220,14.2,15.8
WO-00011,A-034,INSPECTION,HIGH,Preventive maintenance interval reached.,2026-05-08,2026-05-15,,IN_PROGRESS,E-175,1.6,
WO-00012,A-091,PREVENTIVE,HIGH,Temperature trend exceeded expected operating band.,2025-11-06,2025-11-13,2025-11-19,COMPLETED,E-062,11.9,17.6
WO-00013,A-070,INSPECTION,MEDIUM,Preventive maintenance interval reached.,2026-02-24,2026-03-10,,DEFERRED,E-206,9.6,
WO-00014,A-068,INSPECTION,HIGH,Intermittent noise reported by field team.,2026-05-24,2026-05-31,,DEFERRED,E-056,5.7,
WO-00015,A-057,CORRECTIVE,LOW,Minor leakage indication requires inspection.,2025-10-29,2025-11-28,,IN_PROGRESS,E-040,4.9,
WO-00016,A-071,CORRECTIVE,MEDIUM,Minor leakage indication requires inspection.,2026-02-17,2026-03-03,,IN_PROGRESS,E-176,15.6,
WO-00017,A-082,INSPECTION,MEDIUM,Minor leakage indication requires inspection.,2025-12-22,2026-01-05,2026-01-11,COMPLETED,E-230,14.3,1.9
WO-00018,A-078,CALIBRATION,HIGH,Intermittent noise reported by field team.,2025-10-08,2025-10-15,,OPEN,E-090,2.2,
WO-00019,A-010,CORRECTIVE,MEDIUM,Intermittent noise reported by field team.,2026-05-07,2026-05-21,,OPEN,E-060,2.8,
WO-00020,A-105,CALIBRATION,MEDIUM,Preventive maintenance interval reached.,2026-06-16,2026-06-30,2026-06-29,COMPLETED,E-002,11.6,11.2
WO-00021,A-004,CALIBRATION,LOW,Intermittent noise reported by field team.,2026-02-22,2026-03-24,2026-03-25,COMPLETED,E-238,12.2,14.9
WO-00022,A-118,CORRECTIVE,MEDIUM,Temperature trend exceeded expected operating band.,2026-04-30,2026-05-14,2026-05-10,COMPLETED,E-080,1.9,17.4
WO-00023,A-086,INSPECTION,MEDIUM,Abnormal vibration observed during routine monitoring.,2025-11-07,2025-11-21,,DEFERRED,E-050,6.2,
WO-00024,A-099,CALIBRATION,MEDIUM,Preventive maintenance interval reached.,2026-05-04,2026-05-18,2026-05-27,COMPLETED,E-082,9.8,5.8
WO-00025,A-117,CALIBRATION,HIGH,Abnormal vibration observed during routine monitoring.,2026-05-28,2026-06-04,,OPEN,E-021,12.2,
WO-00026,A-126,CORRECTIVE,LOW,Preventive maintenance interval reached.,2026-07-15,2026-08-14,2026-08-17,COMPLETED,E-194,12.1,10.9
WO-00027,A-095,INSPECTION,URGENT,Instrument reading requires calibration verification.,2026-06-28,2026-06-30,,IN_PROGRESS,E-080,8.8,
WO-00028,A-106,CALIBRATION,LOW,Temperature trend exceeded expected operating band.,2025-09-24,2025-10-24,2025-10-28,COMPLETED,E-073,5.9,7.5
WO-00029,A-100,CALIBRATION,LOW,Minor leakage indication requires inspection.,2025-12-07,2026-01-06,2026-01-09,COMPLETED,E-239,4.2,16.5
WO-00030,A-104,PREVENTIVE,HIGH,Preventive maintenance interval reached.,2026-07-10,2026-07-17,2026-07-20,COMPLETED,E-149,1.4,11.4
WO-00031,A-077,PREVENTIVE,MEDIUM,Instrument reading requires calibration verification.,2026-07-01,2026-07-15,2026-07-10,COMPLETED,E-192,8.4,4.3
WO-00032,A-089,CORRECTIVE,MEDIUM,Minor leakage indication requires inspection.,2025-10-27,2025-11-10,,IN_PROGRESS,E-003,7.0,
WO-00033,A-016,PREVENTIVE,HIGH,Preventive maintenance interval reached.,2026-03-18,2026-03-25,2026-03-24,COMPLETED,E-021,13.0,9.3
WO-00034,A-025,CORRECTIVE,LOW,Intermittent noise reported by field team.,2025-11-21,2025-12-21,2025-12-26,COMPLETED,E-113,14.7,4.0
WO-00035,A-123,CORRECTIVE,MEDIUM,Intermittent noise reported by field team.,2026-03-23,2026-04-06,2026-04-10,COMPLETED,E-114,8.3,16.0
WO-00036,A-007,CORRECTIVE,URGENT,Temperature trend exceeded expected operating band.,2026-04-05,2026-04-07,2026-04-13,COMPLETED,E-220,7.2,4.7
WO-00037,A-006,CALIBRATION,MEDIUM,Abnormal vibration observed during routine monitoring.,2026-05-30,2026-06-13,,OPEN,E-202,16.0,
WO-00038,A-119,INSPECTION,MEDIUM,Minor leakage indication requires inspection.,2025-12-07,2025-12-21,,IN_PROGRESS,E-023,12.6,
WO-00039,A-040,CORRECTIVE,LOW,Abnormal vibration observed during routine monitoring.,2026-07-18,2026-08-17,2026-08-24,COMPLETED,E-139,8.8,15.7
WO-00040,A-072,CORRECTIVE,MEDIUM,Temperature trend exceeded expected operating band.,2026-04-04,2026-04-18,2026-04-24,COMPLETED,E-181,12.9,11.0
WO-00041,A-069,CALIBRATION,MEDIUM,Abnormal vibration observed during routine monitoring.,2026-07-02,2026-07-16,,DEFERRED,E-100,2.0,
WO-00042,A-121,CALIBRATION,MEDIUM,Intermittent noise reported by field team.,2025-09-18,2025-10-02,2025-09-28,COMPLETED,E-103,13.3,2.0
WO-00043,A-053,CORRECTIVE,HIGH,Abnormal vibration observed during routine monitoring.,2026-04-15,2026-04-22,2026-05-01,COMPLETED,E-150,4.3,12.6
WO-00044,A-110,CALIBRATION,HIGH,Minor leakage indication requires inspection.,2026-05-19,2026-05-26,,OPEN,E-002,1.9,
WO-00045,A-024,PREVENTIVE,MEDIUM,Temperature trend exceeded expected operating band.,2025-10-27,2025-11-10,2025-11-09,COMPLETED,E-067,12.6,7.9
WO-00046,A-125,CORRECTIVE,MEDIUM,Abnormal vibration observed during routine monitoring.,2026-03-10,2026-03-24,,IN_PROGRESS,E-135,9.9,
WO-00047,A-062,CALIBRATION,HIGH,Temperature trend exceeded expected operating band.,2026-06-04,2026-06-11,2026-06-17,COMPLETED,E-110,12.5,8.8
WO-00048,A-063,CORRECTIVE,MEDIUM,Intermittent noise reported by field team.,2026-03-20,2026-04-03,,IN_PROGRESS,E-199,7.2,
WO-00049,A-032,CALIBRATION,MEDIUM,Instrument reading requires calibration verification.,2025-09-05,2025-09-19,2025-09-25,COMPLETED,E-075,2.9,1.7
WO-00050,A-032,CORRECTIVE,HIGH,Temperature trend exceeded expected operating band.,2026-06-05,2026-06-12,2026-06-19,COMPLETED,E-104,12.1,17.2
WO-00051,A-073,CORRECTIVE,HIGH,Abnormal vibration observed during routine monitoring.,2026-08-14,2026-08-21,2026-08-18,COMPLETED,E-072,7.2,11.9
WO-00052,A-112,CALIBRATION,MEDIUM,Preventive maintenance interval reached.,2025-10-18,2025-11-01,,IN_PROGRESS,E-228,12.6,
WO-00053,A-017,CALIBRATION,HIGH,Minor leakage indication requires inspection.,2026-05-04,2026-05-11,2026-05-16,COMPLETED,E-084,6.7,9.7
WO-00054,A-064,INSPECTION,MEDIUM,Instrument reading requires calibration verification.,2025-09-22,2025-10-06,,OPEN,E-227,15.5,
WO-00055,A-117,CORRECTIVE,MEDIUM,Minor leakage indication requires inspection.,2026-07-22,2026-08-05,2026-08-14,COMPLETED,E-175,2.9,11.2
WO-00056,A-043,CORRECTIVE,MEDIUM,Intermittent noise reported by field team.,2025-12-06,2025-12-20,2025-12-17,COMPLETED,E-235,1.3,1.5
WO-00057,A-007,PREVENTIVE,HIGH,Abnormal vibration observed during routine monitoring.,2026-06-19,2026-06-26,,IN_PROGRESS,E-007,5.1,
WO-00058,A-128,PREVENTIVE,MEDIUM,Instrument reading requires calibration verification.,2025-10-16,2025-10-30,,OPEN,E-216,4.8,
WO-00059,A-063,CALIBRATION,HIGH,Intermittent noise reported by field team.,2025-11-01,2025-11-08,,OPEN,E-015,11.9,
WO-00060,A-096,PREVENTIVE,MEDIUM,Instrument reading requires calibration verification.,2025-08-31,2025-09-14,2025-09-14,COMPLETED,E-058,11.7,11.6
WO-00061,A-018,CORRECTIVE,HIGH,Temperature trend exceeded expected operating band.,2025-12-24,2025-12-31,2026-01-08,COMPLETED,E-099,13.1,17.1
WO-00062,A-081,CALIBRATION,MEDIUM,Instrument reading requires calibration verification.,2025-11-03,2025-11-17,,OPEN,E-110,11.7,
WO-00063,A-059,INSPECTION,LOW,Temperature trend exceeded expected operating band.,2026-05-16,2026-06-15,,OPEN,E-057,13.5,
WO-00064,A-040,PREVENTIVE,MEDIUM,Instrument reading requires calibration verification.,2026-01-01,2026-01-15,2026-01-11,COMPLETED,E-034,14.6,14.3
WO-00065,A-005,CALIBRATION,MEDIUM,Temperature trend exceeded expected operating band.,2026-07-17,2026-07-31,2026-08-08,COMPLETED,E-105,1.4,14.3
WO-00066,A-035,PREVENTIVE,MEDIUM,Temperature trend exceeded expected operating band.,2026-04-16,2026-04-30,2026-05-09,COMPLETED,E-221,14.9,2.3
WO-00067,A-038,CALIBRATION,LOW,Temperature trend exceeded expected operating band.,2026-08-23,2026-09-22,,OPEN,E-237,8.6,
WO-00068,A-011,PREVENTIVE,HIGH,Preventive maintenance interval reached.,2026-03-21,2026-03-28,2026-04-03,COMPLETED,E-149,2.9,9.7
WO-00069,A-122,PREVENTIVE,MEDIUM,Instrument reading requires calibration verification.,2025-09-27,2025-10-11,,OPEN,E-217,5.9,
WO-00070,A-051,CORRECTIVE,MEDIUM,Preventive maintenance interval reached.,2026-06-17,2026-07-01,,IN_PROGRESS,E-196,5.4,
WO-00071,A-118,INSPECTION,HIGH,Abnormal vibration observed during routine monitoring.,2025-10-14,2025-10-21,2025-10-25,COMPLETED,E-194,14.5,4.2
WO-00072,A-110,PREVENTIVE,URGENT,Abnormal vibration observed during routine monitoring.,2026-08-18,2026-08-20,2026-08-21,COMPLETED,E-092,9.1,12.5
WO-00073,A-051,CORRECTIVE,MEDIUM,Abnormal vibration observed during routine monitoring.,2026-05-28,2026-06-11,2026-06-11,COMPLETED,E-073,15.8,15.2
WO-00074,A-006,CORRECTIVE,MEDIUM,Preventive maintenance interval reached.,2026-04-08,2026-04-22,,DEFERRED,E-190,5.5,
WO-00075,A-040,CALIBRATION,HIGH,Temperature trend exceeded expected operating band.,2026-04-14,2026-04-21,,OPEN,E-158,10.6,
WO-00076,A-114,PREVENTIVE,HIGH,Temperature trend exceeded expected operating band.,2026-07-01,2026-07-08,2026-07-13,COMPLETED,E-009,11.1,1.5
WO-00077,A-096,CALIBRATION,HIGH,Temperature trend exceeded expected operating band.,2025-11-13,2025-11-20,,DEFERRED,E-005,7.3,
WO-00078,A-018,CORRECTIVE,MEDIUM,Preventive maintenance interval reached.,2026-06-14,2026-06-28,2026-07-05,COMPLETED,E-074,12.9,11.6
WO-00079,A-038,PREVENTIVE,HIGH,Instrument reading requires calibration verification.,2025-11-27,2025-12-04,,OPEN,E-021,9.2,
WO-00080,A-127,CORRECTIVE,HIGH,Intermittent noise reported by field team.,2026-06-05,2026-06-12,,IN_PROGRESS,E-021,12.1,
WO-00081,A-108,CORRECTIVE,HIGH,Temperature trend exceeded expected operating band.,2025-09-16,2025-09-23,,OPEN,E-099,7.9,
WO-00082,A-019,CORRECTIVE,URGENT,Intermittent noise reported by field team.,2025-11-12,2025-11-14,,DEFERRED,E-001,10.8,
WO-00083,A-104,INSPECTION,HIGH,Temperature trend exceeded expected operating band.,2025-10-08,2025-10-15,,OPEN,E-015,11.5,
WO-00084,A-053,CORRECTIVE,MEDIUM,Abnormal vibration observed during routine monitoring.,2025-11-25,2025-12-09,2025-12-13,COMPLETED,E-064,7.4,13.0
WO-00085,A-091,CORRECTIVE,MEDIUM,Intermittent noise reported by field team.,2025-10-01,2025-10-15,,OPEN,E-188,8.3,
WO-00086,A-016,PREVENTIVE,MEDIUM,Preventive maintenance interval reached.,2026-02-24,2026-03-10,,OPEN,E-024,5.8,
WO-00087,A-039,CORRECTIVE,HIGH,Minor leakage indication requires inspection.,2025-10-03,2025-10-10,,OPEN,E-205,9.3,
WO-00088,A-056,CORRECTIVE,MEDIUM,Abnormal vibration observed during routine monitoring.,2025-10-12,2025-10-26,2025-10-28,COMPLETED,E-212,9.3,4.1
WO-00089,A-026,CALIBRATION,MEDIUM,Abnormal vibration observed during routine monitoring.,2026-04-21,2026-05-05,2026-04-30,COMPLETED,E-010,7.1,4.0
WO-00090,A-012,CALIBRATION,HIGH,Minor leakage indication requires inspection.,2026-06-20,2026-06-27,2026-07-02,COMPLETED,E-109,2.8,1.8
WO-00091,A-072,INSPECTION,MEDIUM,Temperature trend exceeded expected operating band.,2026-05-04,2026-05-18,2026-05-20,COMPLETED,E-058,5.0,15.7
WO-00092,A-082,CORRECTIVE,HIGH,Minor leakage indication requires inspection.,2026-02-13,2026-02-20,2026-02-21,COMPLETED,E-124,13.4,15.9
WO-00093,A-061,CALIBRATION,MEDIUM,Preventive maintenance interval reached.,2026-04-18,2026-05-02,2026-05-10,COMPLETED,E-056,12.9,10.2
WO-00094,A-104,PREVENTIVE,URGENT,Intermittent noise reported by field team.,2026-02-03,2026-02-05,,OPEN,E-083,12.7,
WO-00095,A-028,CALIBRATION,MEDIUM,Temperature trend exceeded expected operating band.,2026-05-28,2026-06-11,2026-06-13,COMPLETED,E-087,15.3,5.5
WO-00096,A-001,INSPECTION,MEDIUM,Temperature trend exceeded expected operating band.,2025-11-22,2025-12-06,,OPEN,E-200,7.2,
WO-00097,A-104,PREVENTIVE,HIGH,Intermittent noise reported by field team.,2025-11-21,2025-11-28,2025-12-03,COMPLETED,E-125,8.7,13.5
WO-00098,A-125,PREVENTIVE,URGENT,Preventive maintenance interval reached.,2026-01-22,2026-01-24,2026-01-28,COMPLETED,E-127,9.3,16.4
WO-00099,A-043,PREVENTIVE,MEDIUM,Instrument reading requires calibration verification.,2025-10-31,2025-11-14,2025-11-14,COMPLETED,E-184,12.6,2.7
WO-00100,A-044,INSPECTION,MEDIUM,Preventive maintenance interval reached.,2026-07-28,2026-08-11,,IN_PROGRESS,E-139,6.7,
WO-00101,A-065,INSPECTION,MEDIUM,Abnormal vibration observed during routine monitoring.,2025-09-27,2025-10-11,,OPEN,E-005,3.2,
WO-00102,A-015,CALIBRATION,HIGH,Temperature trend exceeded expected operating band.,2026-08-10,2026-08-17,2026-08-12,COMPLETED,E-005,3.2,17.5
WO-00103,A-058,CORRECTIVE,HIGH,Preventive maintenance interval reached.,2025-11-30,2025-12-07,2025-12-09,COMPLETED,E-043,14.0,3.8
WO-00104,A-016,CORRECTIVE,URGENT,Instrument reading requires calibration verification.,2026-06-09,2026-06-11,2026-06-19,COMPLETED,E-111,11.6,5.2
WO-00105,A-048,INSPECTION,MEDIUM,Instrument reading requires calibration verification.,2025-12-18,2026-01-01,,OPEN,E-162,4.3,
WO-00106,A-123,PREVENTIVE,MEDIUM,Temperature trend exceeded expected operating band.,2026-05-13,2026-05-27,,IN_PROGRESS,E-212,3.8,
WO-00107,A-064,INSPECTION,HIGH,Abnormal vibration observed during routine monitoring.,2026-03-21,2026-03-28,,IN_PROGRESS,E-164,13.8,
WO-00108,A-007,CALIBRATION,LOW,Intermittent noise reported by field team.,2026-08-06,2026-09-05,2026-09-12,COMPLETED,E-185,2.1,3.9
WO-00109,A-034,CORRECTIVE,MEDIUM,Abnormal vibration observed during routine monitoring.,2026-04-04,2026-04-18,2026-04-15,COMPLETED,E-220,8.9,14.3
WO-00110,A-004,CORRECTIVE,LOW,Instrument reading requires calibration verification.,2025-10-19,2025-11-18,2025-11-22,COMPLETED,E-118,2.8,3.7
WO-00111,A-102,INSPECTION,MEDIUM,Minor leakage indication requires inspection.,2026-05-01,2026-05-15,2026-05-19,COMPLETED,E-054,8.6,12.9
WO-00112,A-121,INSPECTION,HIGH,Preventive maintenance interval reached.,2025-11-15,2025-11-22,2025-11-21,COMPLETED,E-049,3.1,12.7
WO-00113,A-039,PREVENTIVE,MEDIUM,Abnormal vibration observed during routine monitoring.,2025-12-06,2025-12-20,2025-12-24,COMPLETED,E-181,13.0,11.1
WO-00114,A-105,CORRECTIVE,MEDIUM,Intermittent noise reported by field team.,2025-10-29,2025-11-12,2025-11-16,COMPLETED,E-193,12.2,1.9
WO-00115,A-078,INSPECTION,URGENT,Instrument reading requires calibration verification.,2026-08-03,2026-08-05,2026-08-15,COMPLETED,E-206,15.8,17.2
WO-00116,A-056,PREVENTIVE,LOW,Preventive maintenance interval reached.,2025-08-30,2025-09-29,2025-10-08,COMPLETED,E-165,5.1,6.5
WO-00117,A-058,CORRECTIVE,MEDIUM,Instrument reading requires calibration verification.,2026-04-21,2026-05-05,2026-05-04,COMPLETED,E-068,7.7,10.8
WO-00118,A-045,PREVENTIVE,MEDIUM,Minor leakage indication requires inspection.,2026-01-13,2026-01-27,2026-02-05,COMPLETED,E-164,12.4,9.9
WO-00119,A-113,CORRECTIVE,MEDIUM,Abnormal vibration observed during routine monitoring.,2025-12-07,2025-12-21,2025-12-28,COMPLETED,E-110,10.6,6.0
WO-00120,A-120,CORRECTIVE,MEDIUM,Preventive maintenance interval reached.,2025-11-20,2025-12-04,2025-12-11,COMPLETED,E-087,5.7,15.8
WO-00121,A-038,CORRECTIVE,HIGH,Minor leakage indication requires inspection.,2025-11-05,2025-11-12,,DEFERRED,E-216,6.8,
WO-00122,A-106,INSPECTION,LOW,Temperature trend exceeded expected operating band.,2026-08-19,2026-09-18,2026-09-19,COMPLETED,E-223,13.4,12.4
WO-00123,A-106,PREVENTIVE,HIGH,Preventive maintenance interval reached.,2026-07-02,2026-07-09,,DEFERRED,E-160,9.3,
WO-00124,A-062,INSPECTION,HIGH,Minor leakage indication requires inspection.,2025-09-26,2025-10-03,2025-10-10,COMPLETED,E-017,6.5,3.3
WO-00125,A-005,PREVENTIVE,HIGH,Minor leakage indication requires inspection.,2026-05-12,2026-05-19,2026-05-14,COMPLETED,E-055,10.9,15.1
WO-00126,A-030,CORRECTIVE,MEDIUM,Intermittent noise reported by field team.,2025-09-10,2025-09-24,,OPEN,E-207,13.1,
WO-00127,A-122,PREVENTIVE,HIGH,Minor leakage indication requires inspection.,2026-03-09,2026-03-16,2026-03-19,COMPLETED,E-002,6.0,6.6
WO-00128,A-104,PREVENTIVE,MEDIUM,Instrument reading requires calibration verification.,2025-10-14,2025-10-28,2025-11-04,COMPLETED,E-139,14.5,4.8
WO-00129,A-082,CALIBRATION,MEDIUM,Intermittent noise reported by field team.,2026-05-01,2026-05-15,2026-05-18,COMPLETED,E-161,13.5,11.9
WO-00130,A-014,CORRECTIVE,HIGH,Intermittent noise reported by field team.,2026-02-17,2026-02-24,2026-03-01,COMPLETED,E-023,8.7,13.8
WO-00131,A-078,CALIBRATION,MEDIUM,Abnormal vibration observed during routine monitoring.,2026-08-24,2026-09-07,2026-09-14,COMPLETED,E-127,13.2,12.6
WO-00132,A-126,CALIBRATION,URGENT,Abnormal vibration observed during routine monitoring.,2026-04-18,2026-04-20,,OPEN,E-030,12.9,
WO-00133,A-052,INSPECTION,HIGH,Minor leakage indication requires inspection.,2026-08-10,2026-08-17,,OPEN,E-200,4.9,
WO-00134,A-054,INSPECTION,LOW,Temperature trend exceeded expected operating band.,2026-01-18,2026-02-17,,OPEN,E-023,4.1,
WO-00135,A-085,CALIBRATION,HIGH,Instrument reading requires calibration verification.,2026-06-19,2026-06-26,,IN_PROGRESS,E-124,13.4,
WO-00136,A-064,CALIBRATION,MEDIUM,Abnormal vibration observed during routine monitoring.,2026-08-12,2026-08-26,2026-08-29,COMPLETED,E-206,2.9,15.7
WO-00137,A-122,INSPECTION,MEDIUM,Abnormal vibration observed during routine monitoring.,2026-01-23,2026-02-06,2026-02-09,COMPLETED,E-113,16.0,16.2
WO-00138,A-096,CORRECTIVE,MEDIUM,Intermittent noise reported by field team.,2026-01-28,2026-02-11,2026-02-11,COMPLETED,E-192,4.5,11.5
WO-00139,A-085,CALIBRATION,HIGH,Minor leakage indication requires inspection.,2026-07-10,2026-07-17,2026-07-27,COMPLETED,E-215,1.2,16.5
WO-00140,A-083,PREVENTIVE,LOW,Abnormal vibration observed during routine monitoring.,2026-03-18,2026-04-17,2026-04-15,COMPLETED,E-039,14.8,17.8
WO-00141,A-002,CALIBRATION,HIGH,Abnormal vibration observed during routine monitoring.,2026-06-13,2026-06-20,2026-06-19,COMPLETED,E-142,15.9,3.8
WO-00142,A-022,INSPECTION,URGENT,Instrument reading requires calibration verification.,2025-09-10,2025-09-12,2025-09-22,COMPLETED,E-092,3.2,2.6
WO-00143,A-047,CORRECTIVE,MEDIUM,Intermittent noise reported by field team.,2026-05-01,2026-05-15,,OPEN,E-187,11.5,
WO-00144,A-053,CALIBRATION,HIGH,Intermittent noise reported by field team.,2025-11-07,2025-11-14,2025-11-12,COMPLETED,E-061,13.8,5.0
WO-00145,A-019,INSPECTION,MEDIUM,Preventive maintenance interval reached.,2025-11-18,2025-12-02,2025-12-11,COMPLETED,E-206,4.8,16.7
WO-00146,A-063,INSPECTION,LOW,Preventive maintenance interval reached.,2025-10-05,2025-11-04,,OPEN,E-137,3.6,
WO-00147,A-087,CALIBRATION,LOW,Minor leakage indication requires inspection.,2026-08-11,2026-09-10,2026-09-18,COMPLETED,E-219,1.5,10.1
WO-00148,A-004,INSPECTION,LOW,Temperature trend exceeded expected operating band.,2025-10-18,2025-11-17,,IN_PROGRESS,E-065,3.2,
WO-00149,A-021,PREVENTIVE,HIGH,Instrument reading requires calibration verification.,2026-05-29,2026-06-05,,OPEN,E-195,6.9,
WO-00150,A-090,CORRECTIVE,LOW,Instrument reading requires calibration verification.,2026-03-18,2026-04-17,2026-04-27,COMPLETED,E-063,5.7,14.8
WO-00151,A-118,PREVENTIVE,LOW,Minor leakage indication requires inspection.,2026-02-11,2026-03-13,,OPEN,E-200,14.7,
WO-00152,A-105,CALIBRATION,HIGH,Minor leakage indication requires inspection.,2025-09-21,2025-09-28,,IN_PROGRESS,E-162,15.7,
WO-00153,A-040,INSPECTION,LOW,Temperature trend exceeded expected operating band.,2025-12-29,2026-01-28,,OPEN,E-022,9.8,
WO-00154,A-044,CALIBRATION,MEDIUM,Minor leakage indication requires inspection.,2025-09-27,2025-10-11,2025-10-13,COMPLETED,E-115,14.3,1.5
WO-00155,A-070,CORRECTIVE,MEDIUM,Instrument reading requires calibration verification.,2026-03-20,2026-04-03,2026-04-09,COMPLETED,E-130,8.6,13.5
WO-00156,A-083,INSPECTION,MEDIUM,Abnormal vibration observed during routine monitoring.,2025-10-23,2025-11-06,,DEFERRED,E-112,11.8,
WO-00157,A-055,CORRECTIVE,MEDIUM,Intermittent noise reported by field team.,2026-03-12,2026-03-26,2026-03-26,COMPLETED,E-142,15.5,8.0
WO-00158,A-022,CORRECTIVE,LOW,Intermittent noise reported by field team.,2026-04-11,2026-05-11,2026-05-20,COMPLETED,E-197,7.3,4.5
WO-00159,A-094,CORRECTIVE,MEDIUM,Abnormal vibration observed during routine monitoring.,2025-10-13,2025-10-27,,IN_PROGRESS,E-007,10.0,
WO-00160,A-081,CALIBRATION,LOW,Minor leakage indication requires inspection.,2026-04-13,2026-05-13,2026-05-16,COMPLETED,E-225,8.2,2.6
WO-00161,A-097,PREVENTIVE,HIGH,Abnormal vibration observed during routine monitoring.,2025-11-06,2025-11-13,,OPEN,E-156,13.9,
WO-00162,A-041,INSPECTION,HIGH,Temperature trend exceeded expected operating band.,2026-04-03,2026-04-10,2026-04-18,COMPLETED,E-240,4.8,9.3
WO-00163,A-041,CALIBRATION,LOW,Preventive maintenance interval reached.,2025-10-14,2025-11-13,2025-11-18,COMPLETED,E-018,11.5,13.5
WO-00164,A-009,INSPECTION,HIGH,Temperature trend exceeded expected operating band.,2025-09-30,2025-10-07,2025-10-07,COMPLETED,E-125,9.1,6.2
WO-00165,A-091,PREVENTIVE,MEDIUM,Preventive maintenance interval reached.,2026-04-05,2026-04-19,2026-04-24,COMPLETED,E-228,11.2,10.3
WO-00166,A-106,PREVENTIVE,MEDIUM,Temperature trend exceeded expected operating band.,2026-01-19,2026-02-02,2026-02-08,COMPLETED,E-016,1.7,14.5
WO-00167,A-027,CORRECTIVE,MEDIUM,Preventive maintenance interval reached.,2025-11-26,2025-12-10,2025-12-10,COMPLETED,E-023,5.6,2.5
WO-00168,A-069,CALIBRATION,LOW,Preventive maintenance interval reached.,2026-04-30,2026-05-30,2026-05-29,COMPLETED,E-195,14.7,14.3
WO-00169,A-004,CALIBRATION,HIGH,Abnormal vibration observed during routine monitoring.,2026-04-01,2026-04-08,2026-04-17,COMPLETED,E-029,5.5,3.6
WO-00170,A-085,INSPECTION,MEDIUM,Instrument reading requires calibration verification.,2025-11-11,2025-11-25,2025-12-04,COMPLETED,E-123,14.7,13.8
WO-00171,A-044,CORRECTIVE,HIGH,Instrument reading requires calibration verification.,2025-09-07,2025-09-14,,IN_PROGRESS,E-130,2.0,
WO-00172,A-021,CORRECTIVE,LOW,Abnormal vibration observed during routine monitoring.,2026-05-15,2026-06-14,2026-06-21,COMPLETED,E-215,12.9,3.7
WO-00173,A-007,PREVENTIVE,LOW,Preventive maintenance interval reached.,2026-07-25,2026-08-24,,OPEN,E-119,8.2,
WO-00174,A-008,CORRECTIVE,LOW,Minor leakage indication requires inspection.,2025-09-21,2025-10-21,2025-10-31,COMPLETED,E-115,1.6,11.7
WO-00175,A-037,CALIBRATION,URGENT,Preventive maintenance interval reached.,2025-10-20,2025-10-22,2025-10-26,COMPLETED,E-077,15.3,14.3
WO-00176,A-091,CALIBRATION,MEDIUM,Abnormal vibration observed during routine monitoring.,2026-05-08,2026-05-22,2026-05-31,COMPLETED,E-151,6.5,13.0
WO-00177,A-102,CALIBRATION,URGENT,Preventive maintenance interval reached.,2025-10-22,2025-10-24,2025-10-28,COMPLETED,E-098,6.6,9.4
WO-00178,A-007,CALIBRATION,LOW,Instrument reading requires calibration verification.,2025-12-02,2026-01-01,,OPEN,E-088,12.4,
WO-00179,A-120,CALIBRATION,LOW,Intermittent noise reported by field team.,2025-11-03,2025-12-03,,OPEN,E-183,14.9,
WO-00180,A-061,CORRECTIVE,HIGH,Instrument reading requires calibration verification.,2025-11-29,2025-12-06,2025-12-09,COMPLETED,E-126,6.9,3.8
WO-00181,A-111,CALIBRATION,HIGH,Minor leakage indication requires inspection.,2026-06-04,2026-06-11,2026-06-19,COMPLETED,E-182,6.6,5.5
WO-00182,A-100,INSPECTION,HIGH,Temperature trend exceeded expected operating band.,2026-06-03,2026-06-10,2026-06-05,COMPLETED,E-027,7.6,9.3
WO-00183,A-111,CORRECTIVE,MEDIUM,Temperature trend exceeded expected operating band.,2025-12-09,2025-12-23,2025-12-23,COMPLETED,E-047,4.3,11.1
WO-00184,A-020,PREVENTIVE,HIGH,Minor leakage indication requires inspection.,2026-04-03,2026-04-10,2026-04-18,COMPLETED,E-172,15.2,5.6
WO-00185,A-015,CALIBRATION,URGENT,Intermittent noise reported by field team.,2026-01-26,2026-01-28,2026-02-01,COMPLETED,E-183,11.5,5.6
WO-00186,A-018,CORRECTIVE,HIGH,Abnormal vibration observed during routine monitoring.,2025-10-30,2025-11-06,2025-11-13,COMPLETED,E-052,6.5,1.4
WO-00187,A-006,INSPECTION,LOW,Instrument reading requires calibration verification.,2025-12-23,2026-01-22,2026-01-30,COMPLETED,E-104,9.3,10.6
WO-00188,A-029,INSPECTION,MEDIUM,Instrument reading requires calibration verification.,2026-07-15,2026-07-29,,OPEN,E-192,6.6,
WO-00189,A-084,CORRECTIVE,MEDIUM,Preventive maintenance interval reached.,2026-03-01,2026-03-15,2026-03-25,COMPLETED,E-037,13.2,15.5
WO-00190,A-126,INSPECTION,MEDIUM,Temperature trend exceeded expected operating band.,2026-05-26,2026-06-09,,OPEN,E-076,14.1,
WO-00191,A-048,CORRECTIVE,MEDIUM,Preventive maintenance interval reached.,2026-01-08,2026-01-22,2026-01-24,COMPLETED,E-069,11.3,12.2
WO-00192,A-053,PREVENTIVE,HIGH,Temperature trend exceeded expected operating band.,2026-01-13,2026-01-20,2026-01-20,COMPLETED,E-116,3.2,6.5
WO-00193,A-062,PREVENTIVE,MEDIUM,Intermittent noise reported by field team.,2026-04-03,2026-04-17,2026-04-12,COMPLETED,E-175,11.8,9.5
WO-00194,A-111,CALIBRATION,HIGH,Instrument reading requires calibration verification.,2026-04-29,2026-05-06,,OPEN,E-125,6.4,
WO-00195,A-098,INSPECTION,LOW,Minor leakage indication requires inspection.,2026-07-24,2026-08-23,,IN_PROGRESS,E-077,7.0,
WO-00196,A-025,PREVENTIVE,HIGH,Instrument reading requires calibration verification.,2026-08-04,2026-08-11,2026-08-15,COMPLETED,E-027,8.0,9.5
WO-00197,A-037,CALIBRATION,HIGH,Instrument reading requires calibration verification.,2026-08-16,2026-08-23,2026-09-01,COMPLETED,E-226,4.1,16.4
WO-00198,A-038,CALIBRATION,MEDIUM,Abnormal vibration observed during routine monitoring.,2026-06-06,2026-06-20,2026-06-25,COMPLETED,E-152,14.6,16.7
WO-00199,A-023,INSPECTION,MEDIUM,Temperature trend exceeded expected operating band.,2025-10-27,2025-11-10,2025-11-19,COMPLETED,E-161,7.3,17.3
WO-00200,A-059,CALIBRATION,MEDIUM,Intermittent noise reported by field team.,2026-07-03,2026-07-17,2026-07-16,COMPLETED,E-114,13.6,1.8
WO-00201,A-077,CALIBRATION,HIGH,Intermittent noise reported by field team.,2026-04-24,2026-05-01,2026-04-29,COMPLETED,E-022,5.1,10.6
WO-00202,A-101,CALIBRATION,HIGH,Preventive maintenance interval reached.,2026-06-08,2026-06-15,2026-06-25,COMPLETED,E-160,4.5,13.2
WO-00203,A-111,CORRECTIVE,MEDIUM,Abnormal vibration observed during routine monitoring.,2026-07-30,2026-08-13,2026-08-21,COMPLETED,E-060,11.5,16.8
WO-00204,A-037,CORRECTIVE,MEDIUM,Intermittent noise reported by field team.,2026-07-07,2026-07-21,,IN_PROGRESS,E-182,2.6,
WO-00205,A-021,INSPECTION,MEDIUM,Temperature trend exceeded expected operating band.,2025-11-15,2025-11-29,2025-12-09,COMPLETED,E-147,7.3,7.0
WO-00206,A-039,INSPECTION,LOW,Temperature trend exceeded expected operating band.,2026-07-01,2026-07-31,,IN_PROGRESS,E-121,2.3,
WO-00207,A-127,CALIBRATION,LOW,Abnormal vibration observed during routine monitoring.,2026-01-03,2026-02-02,,OPEN,E-166,15.0,
WO-00208,A-100,CORRECTIVE,MEDIUM,Instrument reading requires calibration verification.,2026-05-03,2026-05-17,,OPEN,E-166,15.0,
WO-00209,A-109,CALIBRATION,MEDIUM,Intermittent noise reported by field team.,2026-01-24,2026-02-07,,DEFERRED,E-144,5.0,
WO-00210,A-080,PREVENTIVE,MEDIUM,Temperature trend exceeded expected operating band.,2026-01-26,2026-02-09,,OPEN,E-165,10.2,
WO-00211,A-124,PREVENTIVE,MEDIUM,Instrument reading requires calibration verification.,2026-08-05,2026-08-19,,OPEN,E-188,8.2,
WO-00212,A-077,INSPECTION,MEDIUM,Minor leakage indication requires inspection.,2026-03-06,2026-03-20,2026-03-30,COMPLETED,E-193,15.9,15.1
WO-00213,A-071,PREVENTIVE,MEDIUM,Preventive maintenance interval reached.,2026-07-24,2026-08-07,2026-08-15,COMPLETED,E-103,2.3,7.1
WO-00214,A-076,INSPECTION,LOW,Intermittent noise reported by field team.,2025-10-26,2025-11-25,2025-11-27,COMPLETED,E-040,14.7,6.2
WO-00215,A-001,CALIBRATION,MEDIUM,Intermittent noise reported by field team.,2026-01-17,2026-01-31,2026-02-01,COMPLETED,E-202,1.4,12.7
WO-00216,A-031,INSPECTION,URGENT,Preventive maintenance interval reached.,2026-02-03,2026-02-05,2026-02-04,COMPLETED,E-005,9.2,17.8
WO-00217,A-084,CALIBRATION,LOW,Intermittent noise reported by field team.,2025-11-24,2025-12-24,2026-01-02,COMPLETED,E-070,3.7,17.8
WO-00218,A-083,CALIBRATION,URGENT,Minor leakage indication requires inspection.,2025-10-02,2025-10-04,,OPEN,E-239,8.7,
WO-00219,A-013,CALIBRATION,HIGH,Temperature trend exceeded expected operating band.,2025-11-30,2025-12-07,2025-12-07,COMPLETED,E-119,5.5,17.0
WO-00220,A-013,CALIBRATION,MEDIUM,Temperature trend exceeded expected operating band.,2026-06-22,2026-07-06,2026-07-13,COMPLETED,E-129,7.8,9.1
WO-00221,A-037,INSPECTION,HIGH,Temperature trend exceeded expected operating band.,2025-12-09,2025-12-16,,OPEN,E-115,13.5,
WO-00222,A-109,CALIBRATION,HIGH,Preventive maintenance interval reached.,2026-05-01,2026-05-08,2026-05-08,COMPLETED,E-106,6.8,1.7
WO-00223,A-107,CALIBRATION,HIGH,Temperature trend exceeded expected operating band.,2026-01-03,2026-01-10,,DEFERRED,E-195,7.0,
WO-00224,A-086,CALIBRATION,URGENT,Intermittent noise reported by field team.,2026-07-08,2026-07-10,2026-07-06,COMPLETED,E-169,11.8,12.3
WO-00225,A-053,PREVENTIVE,LOW,Instrument reading requires calibration verification.,2025-12-11,2026-01-10,2026-01-05,COMPLETED,E-146,4.3,10.7
WO-00226,A-016,INSPECTION,HIGH,Intermittent noise reported by field team.,2025-12-19,2025-12-26,2025-12-28,COMPLETED,E-202,5.5,12.0
WO-00227,A-126,INSPECTION,HIGH,Instrument reading requires calibration verification.,2025-11-17,2025-11-24,2025-11-21,COMPLETED,E-193,11.0,12.8
WO-00228,A-109,INSPECTION,HIGH,Temperature trend exceeded expected operating band.,2026-05-24,2026-05-31,,OPEN,E-047,4.3,
WO-00229,A-016,CALIBRATION,HIGH,Minor leakage indication requires inspection.,2026-04-27,2026-05-04,2026-05-12,COMPLETED,E-073,10.0,10.4
WO-00230,A-094,CORRECTIVE,MEDIUM,Minor leakage indication requires inspection.,2025-12-16,2025-12-30,,OPEN,E-188,11.4,
WO-00231,A-060,CORRECTIVE,HIGH,Abnormal vibration observed during routine monitoring.,2025-11-23,2025-11-30,,OPEN,E-215,15.5,
WO-00232,A-045,CALIBRATION,MEDIUM,Minor leakage indication requires inspection.,2026-03-01,2026-03-15,,OPEN,E-167,8.7,
WO-00233,A-032,PREVENTIVE,HIGH,Minor leakage indication requires inspection.,2025-11-12,2025-11-19,,OPEN,E-035,10.1,
WO-00234,A-128,INSPECTION,HIGH,Preventive maintenance interval reached.,2025-11-06,2025-11-13,,OPEN,E-128,14.8,
WO-00235,A-027,INSPECTION,HIGH,Abnormal vibration observed during routine monitoring.,2026-04-14,2026-04-21,2026-04-27,COMPLETED,E-154,2.1,13.2
WO-00236,A-038,PREVENTIVE,MEDIUM,Minor leakage indication requires inspection.,2026-02-02,2026-02-16,2026-02-23,COMPLETED,E-174,3.2,12.2
WO-00237,A-088,PREVENTIVE,LOW,Minor leakage indication requires inspection.,2026-03-24,2026-04-23,,OPEN,E-189,15.9,
WO-00238,A-052,INSPECTION,MEDIUM,Minor leakage indication requires inspection.,2026-01-04,2026-01-18,2026-01-24,COMPLETED,E-184,13.7,13.1
WO-00239,A-044,PREVENTIVE,MEDIUM,Instrument reading requires calibration verification.,2025-11-26,2025-12-10,2025-12-10,COMPLETED,E-085,15.5,3.9
WO-00240,A-120,INSPECTION,HIGH,Temperature trend exceeded expected operating band.,2026-08-20,2026-08-27,2026-08-29,COMPLETED,E-067,10.7,6.4
WO-00241,A-061,CALIBRATION,MEDIUM,Minor leakage indication requires inspection.,2026-06-19,2026-07-03,2026-07-02,COMPLETED,E-070,8.4,1.6
WO-00242,A-095,PREVENTIVE,LOW,Instrument reading requires calibration verification.,2026-06-28,2026-07-28,2026-07-26,COMPLETED,E-077,4.7,5.1
WO-00243,A-125,PREVENTIVE,MEDIUM,Abnormal vibration observed during routine monitoring.,2026-06-20,2026-07-04,2026-07-04,COMPLETED,E-110,6.4,6.5
WO-00244,A-012,CALIBRATION,LOW,Instrument reading requires calibration verification.,2025-11-09,2025-12-09,,OPEN,E-187,6.6,
WO-00245,A-033,CALIBRATION,MEDIUM,Temperature trend exceeded expected operating band.,2026-04-21,2026-05-05,,IN_PROGRESS,E-156,7.1,
WO-00246,A-049,INSPECTION,LOW,Temperature trend exceeded expected operating band.,2026-07-16,2026-08-15,2026-08-13,COMPLETED,E-097,12.1,3.1
WO-00247,A-006,CALIBRATION,MEDIUM,Preventive maintenance interval reached.,2026-02-09,2026-02-23,2026-03-04,COMPLETED,E-099,3.9,6.1
WO-00248,A-002,CALIBRATION,MEDIUM,Intermittent noise reported by field team.,2025-09-05,2025-09-19,,IN_PROGRESS,E-065,7.8,
WO-00249,A-041,INSPECTION,LOW,Intermittent noise reported by field team.,2026-08-14,2026-09-13,2026-09-18,COMPLETED,E-093,8.3,11.9
WO-00250,A-065,PREVENTIVE,HIGH,Abnormal vibration observed during routine monitoring.,2025-10-19,2025-10-26,,OPEN,E-139,8.4,
WO-00251,A-003,INSPECTION,LOW,Minor leakage indication requires inspection.,2026-07-24,2026-08-23,,OPEN,E-030,11.3,
WO-00252,A-080,PREVENTIVE,LOW,Instrument reading requires calibration verification.,2025-11-11,2025-12-11,2025-12-10,COMPLETED,E-028,12.4,10.9
WO-00253,A-075,INSPECTION,MEDIUM,Minor leakage indication requires inspection.,2025-11-17,2025-12-01,,IN_PROGRESS,E-064,13.7,
WO-00254,A-045,CORRECTIVE,MEDIUM,Minor leakage indication requires inspection.,2026-04-23,2026-05-07,2026-05-02,COMPLETED,E-039,14.6,7.0
WO-00255,A-067,CALIBRATION,LOW,Instrument reading requires calibration verification.,2026-02-23,2026-03-25,2026-03-20,COMPLETED,E-075,9.0,7.4
WO-00256,A-067,CALIBRATION,LOW,Intermittent noise reported by field team.,2025-12-02,2026-01-01,,OPEN,E-206,11.7,
WO-00257,A-081,CALIBRATION,MEDIUM,Temperature trend exceeded expected operating band.,2025-12-09,2025-12-23,,OPEN,E-233,5.1,
WO-00258,A-081,PREVENTIVE,LOW,Preventive maintenance interval reached.,2026-07-11,2026-08-10,2026-08-15,COMPLETED,E-234,9.9,13.8
WO-00259,A-048,PREVENTIVE,MEDIUM,Temperature trend exceeded expected operating band.,2026-02-02,2026-02-16,2026-02-14,COMPLETED,E-049,8.4,12.6
WO-00260,A-072,CALIBRATION,LOW,Preventive maintenance interval reached.,2025-12-13,2026-01-12,2026-01-15,COMPLETED,E-123,1.4,9.9
WO-00261,A-036,PREVENTIVE,LOW,Abnormal vibration observed during routine monitoring.,2026-08-24,2026-09-23,2026-09-18,COMPLETED,E-067,15.1,16.9
WO-00262,A-122,INSPECTION,MEDIUM,Abnormal vibration observed during routine monitoring.,2025-11-25,2025-12-09,2025-12-04,COMPLETED,E-168,5.2,10.1
WO-00263,A-095,PREVENTIVE,LOW,Minor leakage indication requires inspection.,2025-12-22,2026-01-21,2026-01-24,COMPLETED,E-068,10.3,11.0
WO-00264,A-059,CALIBRATION,HIGH,Instrument reading requires calibration verification.,2026-06-27,2026-07-04,,IN_PROGRESS,E-178,5.7,
WO-00265,A-079,PREVENTIVE,HIGH,Minor leakage indication requires inspection.,2025-10-29,2025-11-05,2025-11-09,COMPLETED,E-200,6.1,6.6
WO-00266,A-012,PREVENTIVE,LOW,Minor leakage indication requires inspection.,2025-12-10,2026-01-09,,OPEN,E-205,15.9,
WO-00267,A-042,CORRECTIVE,MEDIUM,Abnormal vibration observed during routine monitoring.,2025-09-16,2025-09-30,2025-09-26,COMPLETED,E-072,1.2,13.4
WO-00268,A-022,CORRECTIVE,MEDIUM,Minor leakage indication requires inspection.,2025-12-01,2025-12-15,,IN_PROGRESS,E-106,6.0,
WO-00269,A-104,INSPECTION,LOW,Temperature trend exceeded expected operating band.,2025-09-14,2025-10-14,2025-10-14,COMPLETED,E-050,6.0,11.8
WO-00270,A-052,PREVENTIVE,MEDIUM,Preventive maintenance interval reached.,2026-03-01,2026-03-15,,OPEN,E-230,11.4,
WO-00271,A-018,PREVENTIVE,MEDIUM,Instrument reading requires calibration verification.,2026-04-11,2026-04-25,,IN_PROGRESS,E-144,13.3,
WO-00272,A-079,INSPECTION,LOW,Instrument reading requires calibration verification.,2025-10-03,2025-11-02,,IN_PROGRESS,E-025,12.1,
WO-00273,A-059,CORRECTIVE,MEDIUM,Temperature trend exceeded expected operating band.,2026-06-15,2026-06-29,,IN_PROGRESS,E-167,7.1,
WO-00274,A-093,CORRECTIVE,MEDIUM,Intermittent noise reported by field team.,2026-05-24,2026-06-07,,IN_PROGRESS,E-139,14.0,
WO-00275,A-075,CORRECTIVE,MEDIUM,Temperature trend exceeded expected operating band.,2026-02-14,2026-02-28,,IN_PROGRESS,E-016,2.7,
WO-00276,A-123,CALIBRATION,MEDIUM,Minor leakage indication requires inspection.,2026-04-13,2026-04-27,2026-04-26,COMPLETED,E-014,3.3,8.5
WO-00277,A-061,INSPECTION,MEDIUM,Intermittent noise reported by field team.,2026-04-21,2026-05-05,2026-05-14,COMPLETED,E-223,4.7,4.3
WO-00278,A-003,INSPECTION,MEDIUM,Minor leakage indication requires inspection.,2026-02-01,2026-02-15,,DEFERRED,E-095,14.4,
WO-00279,A-039,CORRECTIVE,MEDIUM,Minor leakage indication requires inspection.,2025-08-31,2025-09-14,2025-09-17,COMPLETED,E-009,15.3,11.3
WO-00280,A-034,CORRECTIVE,MEDIUM,Minor leakage indication requires inspection.,2026-08-18,2026-09-01,,OPEN,E-061,8.0,
WO-00281,A-122,CORRECTIVE,MEDIUM,Preventive maintenance interval reached.,2026-07-17,2026-07-31,2026-07-30,COMPLETED,E-223,13.4,7.1
WO-00282,A-126,PREVENTIVE,HIGH,Instrument reading requires calibration verification.,2026-06-01,2026-06-08,2026-06-07,COMPLETED,E-071,4.0,16.3
WO-00283,A-110,INSPECTION,LOW,Temperature trend exceeded expected operating band.,2026-04-23,2026-05-23,2026-05-29,COMPLETED,E-229,10.7,15.8
WO-00284,A-079,PREVENTIVE,LOW,Temperature trend exceeded expected operating band.,2026-03-17,2026-04-16,,OPEN,E-067,1.2,
WO-00285,A-068,CORRECTIVE,MEDIUM,Instrument reading requires calibration verification.,2026-05-18,2026-06-01,2026-06-10,COMPLETED,E-176,4.5,10.5
WO-00286,A-078,INSPECTION,MEDIUM,Abnormal vibration observed during routine monitoring.,2026-01-14,2026-01-28,,OPEN,E-170,8.2,
WO-00287,A-010,CORRECTIVE,LOW,Instrument reading requires calibration verification.,2025-09-01,2025-10-01,2025-10-02,COMPLETED,E-223,7.4,6.2
WO-00288,A-118,CORRECTIVE,HIGH,Intermittent noise reported by field team.,2025-09-24,2025-10-01,,OPEN,E-025,11.2,
WO-00289,A-073,CORRECTIVE,MEDIUM,Minor leakage indication requires inspection.,2026-05-08,2026-05-22,2026-05-26,COMPLETED,E-227,10.5,10.5
WO-00290,A-109,CORRECTIVE,HIGH,Temperature trend exceeded expected operating band.,2026-03-13,2026-03-20,2026-03-22,COMPLETED,E-184,4.9,8.4
WO-00291,A-109,INSPECTION,LOW,Preventive maintenance interval reached.,2026-03-02,2026-04-01,,IN_PROGRESS,E-114,3.7,
WO-00292,A-042,CORRECTIVE,MEDIUM,Intermittent noise reported by field team.,2026-07-07,2026-07-21,,IN_PROGRESS,E-176,3.1,
WO-00293,A-046,CALIBRATION,MEDIUM,Instrument reading requires calibration verification.,2026-05-02,2026-05-16,2026-05-17,COMPLETED,E-074,12.1,14.5
WO-00294,A-002,CALIBRATION,LOW,Intermittent noise reported by field team.,2026-02-28,2026-03-30,,IN_PROGRESS,E-164,8.2,
WO-00295,A-103,CORRECTIVE,MEDIUM,Intermittent noise reported by field team.,2026-04-05,2026-04-19,,IN_PROGRESS,E-055,4.2,
WO-00296,A-111,CORRECTIVE,HIGH,Preventive maintenance interval reached.,2026-05-17,2026-05-24,2026-05-22,COMPLETED,E-181,4.7,13.7
WO-00297,A-049,PREVENTIVE,HIGH,Instrument reading requires calibration verification.,2026-03-11,2026-03-18,,IN_PROGRESS,E-149,11.7,
WO-00298,A-107,PREVENTIVE,HIGH,Intermittent noise reported by field team.,2026-01-19,2026-01-26,,IN_PROGRESS,E-209,10.9,
WO-00299,A-055,CALIBRATION,HIGH,Preventive maintenance interval reached.,2025-11-27,2025-12-04,2025-11-30,COMPLETED,E-080,9.6,3.4
WO-00300,A-100,CALIBRATION,MEDIUM,Preventive maintenance interval reached.,2026-06-13,2026-06-27,2026-07-07,COMPLETED,E-166,13.2,9.8
WO-00301,A-040,INSPECTION,MEDIUM,Abnormal vibration observed during routine monitoring.,2026-07-06,2026-07-20,,OPEN,E-072,7.7,
WO-00302,A-064,CORRECTIVE,MEDIUM,Abnormal vibration observed during routine monitoring.,2025-09-07,2025-09-21,,OPEN,E-107,8.6,
WO-00303,A-092,INSPECTION,LOW,Intermittent noise reported by field team.,2025-10-11,2025-11-10,,IN_PROGRESS,E-090,7.8,
WO-00304,A-074,CORRECTIVE,LOW,Preventive maintenance interval reached.,2025-12-23,2026-01-22,2026-01-20,COMPLETED,E-064,8.1,12.8
WO-00305,A-108,PREVENTIVE,HIGH,Minor leakage indication requires inspection.,2026-03-02,2026-03-09,2026-03-06,COMPLETED,E-075,6.8,2.7
WO-00306,A-125,INSPECTION,MEDIUM,Intermittent noise reported by field team.,2025-12-24,2026-01-07,2026-01-03,COMPLETED,E-226,4.0,14.4
WO-00307,A-033,CORRECTIVE,HIGH,Abnormal vibration observed during routine monitoring.,2025-11-20,2025-11-27,2025-11-22,COMPLETED,E-146,14.0,6.0
WO-00308,A-040,INSPECTION,HIGH,Minor leakage indication requires inspection.,2026-07-03,2026-07-10,2026-07-09,COMPLETED,E-179,14.0,17.4
WO-00309,A-073,CORRECTIVE,MEDIUM,Temperature trend exceeded expected operating band.,2026-05-16,2026-05-30,,IN_PROGRESS,E-230,10.2,
WO-00310,A-025,CALIBRATION,MEDIUM,Instrument reading requires calibration verification.,2026-06-18,2026-07-02,,OPEN,E-039,4.4,
WO-00311,A-095,CALIBRATION,URGENT,Instrument reading requires calibration verification.,2025-08-30,2025-09-01,2025-09-09,COMPLETED,E-238,7.3,1.0
WO-00312,A-061,INSPECTION,HIGH,Minor leakage indication requires inspection.,2026-03-17,2026-03-24,2026-03-26,COMPLETED,E-043,11.8,9.2
WO-00313,A-055,CALIBRATION,LOW,Temperature trend exceeded expected operating band.,2025-09-18,2025-10-18,2025-10-28,COMPLETED,E-037,5.7,1.0
WO-00314,A-073,INSPECTION,URGENT,Instrument reading requires calibration verification.,2025-11-17,2025-11-19,2025-11-24,COMPLETED,E-066,4.2,6.9
WO-00315,A-121,CALIBRATION,LOW,Instrument reading requires calibration verification.,2025-12-26,2026-01-25,,OPEN,E-133,7.9,
WO-00316,A-100,CALIBRATION,URGENT,Preventive maintenance interval reached.,2025-12-05,2025-12-07,2025-12-04,COMPLETED,E-083,13.4,2.5
WO-00317,A-055,CALIBRATION,MEDIUM,Preventive maintenance interval reached.,2026-02-24,2026-03-10,2026-03-19,COMPLETED,E-193,6.7,17.3
WO-00318,A-094,PREVENTIVE,LOW,Temperature trend exceeded expected operating band.,2026-05-15,2026-06-14,2026-06-10,COMPLETED,E-143,9.4,17.1
WO-00319,A-116,CALIBRATION,MEDIUM,Intermittent noise reported by field team.,2026-08-21,2026-09-04,2026-09-04,COMPLETED,E-005,15.9,17.9
WO-00320,A-061,CORRECTIVE,MEDIUM,Minor leakage indication requires inspection.,2026-02-03,2026-02-17,2026-02-27,COMPLETED,E-093,5.2,17.1
WO-00321,A-034,CORRECTIVE,MEDIUM,Preventive maintenance interval reached.,2025-09-28,2025-10-12,2025-10-19,COMPLETED,E-157,7.5,2.0
WO-00322,A-054,CALIBRATION,HIGH,Minor leakage indication requires inspection.,2026-07-28,2026-08-04,,DEFERRED,E-146,7.4,
WO-00323,A-089,CALIBRATION,MEDIUM,Preventive maintenance interval reached.,2026-06-26,2026-07-10,2026-07-07,COMPLETED,E-160,6.6,17.5
WO-00324,A-102,INSPECTION,HIGH,Preventive maintenance interval reached.,2025-12-27,2026-01-03,2026-01-07,COMPLETED,E-132,10.0,15.6
WO-00325,A-092,CALIBRATION,MEDIUM,Intermittent noise reported by field team.,2026-07-29,2026-08-12,2026-08-18,COMPLETED,E-066,8.9,12.3
WO-00326,A-107,PREVENTIVE,HIGH,Preventive maintenance interval reached.,2025-10-17,2025-10-24,2025-10-23,COMPLETED,E-161,12.3,7.8
WO-00327,A-008,INSPECTION,LOW,Instrument reading requires calibration verification.,2026-06-09,2026-07-09,2026-07-07,COMPLETED,E-073,14.6,8.9
WO-00328,A-071,CORRECTIVE,MEDIUM,Preventive maintenance interval reached.,2026-05-04,2026-05-18,2026-05-25,COMPLETED,E-031,10.4,2.3
WO-00329,A-050,PREVENTIVE,MEDIUM,Temperature trend exceeded expected operating band.,2026-03-06,2026-03-20,2026-03-29,COMPLETED,E-206,3.0,11.2
WO-00330,A-094,CORRECTIVE,MEDIUM,Preventive maintenance interval reached.,2025-09-28,2025-10-12,,OPEN,E-122,15.3,
WO-00331,A-090,PREVENTIVE,MEDIUM,Preventive maintenance interval reached.,2026-01-03,2026-01-17,2026-01-27,COMPLETED,E-030,7.4,9.7
WO-00332,A-100,PREVENTIVE,MEDIUM,Minor leakage indication requires inspection.,2025-11-11,2025-11-25,,OPEN,E-112,2.4,
WO-00333,A-089,INSPECTION,HIGH,Abnormal vibration observed during routine monitoring.,2026-06-19,2026-06-26,2026-06-28,COMPLETED,E-075,6.1,7.5
WO-00334,A-100,INSPECTION,LOW,Minor leakage indication requires inspection.,2026-07-12,2026-08-11,,IN_PROGRESS,E-191,13.1,
WO-00335,A-001,CALIBRATION,LOW,Minor leakage indication requires inspection.,2026-03-07,2026-04-06,2026-04-12,COMPLETED,E-025,2.7,10.9
WO-00336,A-028,INSPECTION,MEDIUM,Instrument reading requires calibration verification.,2026-03-23,2026-04-06,2026-04-03,COMPLETED,E-019,2.4,5.9
WO-00337,A-041,INSPECTION,MEDIUM,Temperature trend exceeded expected operating band.,2026-04-24,2026-05-08,2026-05-13,COMPLETED,E-034,1.0,13.2
WO-00338,A-038,CORRECTIVE,MEDIUM,Preventive maintenance interval reached.,2026-06-05,2026-06-19,,OPEN,E-165,11.7,
WO-00339,A-110,INSPECTION,MEDIUM,Temperature trend exceeded expected operating band.,2025-12-25,2026-01-08,,OPEN,E-110,10.1,
WO-00340,A-091,CALIBRATION,LOW,Minor leakage indication requires inspection.,2026-06-14,2026-07-14,2026-07-16,COMPLETED,E-221,2.5,10.1
WO-00341,A-115,CALIBRATION,MEDIUM,Intermittent noise reported by field team.,2025-11-24,2025-12-08,,OPEN,E-073,8.7,
WO-00342,A-098,INSPECTION,LOW,Instrument reading requires calibration verification.,2026-08-07,2026-09-06,,IN_PROGRESS,E-130,14.1,
WO-00343,A-053,PREVENTIVE,LOW,Intermittent noise reported by field team.,2026-02-23,2026-03-25,2026-03-22,COMPLETED,E-037,13.7,14.1
WO-00344,A-120,CALIBRATION,MEDIUM,Minor leakage indication requires inspection.,2026-03-31,2026-04-14,,OPEN,E-085,14.6,
WO-00345,A-116,PREVENTIVE,MEDIUM,Minor leakage indication requires inspection.,2025-08-30,2025-09-13,,IN_PROGRESS,E-198,12.4,
WO-00346,A-109,CORRECTIVE,MEDIUM,Instrument reading requires calibration verification.,2026-07-30,2026-08-13,,IN_PROGRESS,E-240,3.4,
WO-00347,A-020,CALIBRATION,HIGH,Minor leakage indication requires inspection.,2026-04-09,2026-04-16,2026-04-22,COMPLETED,E-069,9.9,11.3
WO-00348,A-035,CORRECTIVE,MEDIUM,Abnormal vibration observed during routine monitoring.,2026-04-13,2026-04-27,,IN_PROGRESS,E-145,14.4,
WO-00349,A-024,CALIBRATION,MEDIUM,Minor leakage indication requires inspection.,2026-07-15,2026-07-29,2026-07-29,COMPLETED,E-020,11.9,17.9
WO-00350,A-108,CORRECTIVE,MEDIUM,Minor leakage indication requires inspection.,2026-05-21,2026-06-04,,OPEN,E-122,14.7,
WO-00351,A-104,PREVENTIVE,MEDIUM,Abnormal vibration observed during routine monitoring.,2026-07-26,2026-08-09,2026-08-15,COMPLETED,E-109,3.0,12.2
WO-00352,A-122,PREVENTIVE,HIGH,Preventive maintenance interval reached.,2026-05-11,2026-05-18,2026-05-27,COMPLETED,E-237,3.1,10.2
WO-00353,A-092,INSPECTION,MEDIUM,Intermittent noise reported by field team.,2026-07-30,2026-08-13,2026-08-23,COMPLETED,E-221,12.3,11.6
WO-00354,A-037,CALIBRATION,HIGH,Intermittent noise reported by field team.,2026-01-09,2026-01-16,2026-01-14,COMPLETED,E-019,6.4,9.8
WO-00355,A-110,PREVENTIVE,URGENT,Temperature trend exceeded expected operating band.,2026-08-22,2026-08-24,2026-08-25,COMPLETED,E-069,1.4,13.9
WO-00356,A-068,PREVENTIVE,LOW,Abnormal vibration observed during routine monitoring.,2026-01-21,2026-02-20,2026-02-23,COMPLETED,E-034,1.2,11.9
WO-00357,A-097,INSPECTION,HIGH,Minor leakage indication requires inspection.,2026-04-08,2026-04-15,2026-04-19,COMPLETED,E-014,10.8,9.3
WO-00358,A-110,CORRECTIVE,LOW,Minor leakage indication requires inspection.,2026-07-20,2026-08-19,2026-08-20,COMPLETED,E-053,4.6,3.2
WO-00359,A-088,CORRECTIVE,MEDIUM,Temperature trend exceeded expected operating band.,2025-12-16,2025-12-30,,IN_PROGRESS,E-048,13.4,
WO-00360,A-127,CALIBRATION,HIGH,Temperature trend exceeded expected operating band.,2026-01-22,2026-01-29,2026-02-02,COMPLETED,E-210,7.7,13.8
WO-00361,A-127,INSPECTION,MEDIUM,Preventive maintenance interval reached.,2026-05-14,2026-05-28,,OPEN,E-212,13.9,
WO-00362,A-029,CORRECTIVE,MEDIUM,Instrument reading requires calibration verification.,2026-03-14,2026-03-28,2026-04-07,COMPLETED,E-139,9.8,3.8
WO-00363,A-067,PREVENTIVE,MEDIUM,Preventive maintenance interval reached.,2026-05-06,2026-05-20,2026-05-27,COMPLETED,E-027,6.6,7.6
WO-00364,A-024,CALIBRATION,MEDIUM,Instrument reading requires calibration verification.,2025-11-29,2025-12-13,2025-12-18,COMPLETED,E-171,13.3,15.7
WO-00365,A-073,CORRECTIVE,MEDIUM,Intermittent noise reported by field team.,2026-04-28,2026-05-12,2026-05-11,COMPLETED,E-013,14.3,14.6
WO-00366,A-101,CALIBRATION,HIGH,Instrument reading requires calibration verification.,2026-03-25,2026-04-01,2026-04-04,COMPLETED,E-012,1.3,4.6
WO-00367,A-011,PREVENTIVE,MEDIUM,Abnormal vibration observed during routine monitoring.,2026-03-28,2026-04-11,2026-04-14,COMPLETED,E-187,13.7,17.1
WO-00368,A-099,CALIBRATION,URGENT,Intermittent noise reported by field team.,2026-01-29,2026-01-31,,DEFERRED,E-238,15.4,
WO-00369,A-025,INSPECTION,LOW,Temperature trend exceeded expected operating band.,2026-07-27,2026-08-26,2026-09-05,COMPLETED,E-121,9.9,8.3
WO-00370,A-122,CALIBRATION,HIGH,Temperature trend exceeded expected operating band.,2026-05-11,2026-05-18,2026-05-23,COMPLETED,E-068,5.2,17.5
WO-00371,A-085,PREVENTIVE,LOW,Instrument reading requires calibration verification.,2025-12-18,2026-01-17,2026-01-21,COMPLETED,E-083,11.3,15.0
WO-00372,A-094,PREVENTIVE,MEDIUM,Minor leakage indication requires inspection.,2026-06-01,2026-06-15,2026-06-14,COMPLETED,E-006,6.1,10.6
WO-00373,A-005,PREVENTIVE,LOW,Intermittent noise reported by field team.,2026-07-02,2026-08-01,2026-08-08,COMPLETED,E-083,11.6,4.4
WO-00374,A-072,CORRECTIVE,HIGH,Intermittent noise reported by field team.,2025-10-26,2025-11-02,,OPEN,E-164,5.1,
WO-00375,A-038,INSPECTION,MEDIUM,Instrument reading requires calibration verification.,2026-03-03,2026-03-17,,DEFERRED,E-059,2.6,
WO-00376,A-098,CORRECTIVE,MEDIUM,Temperature trend exceeded expected operating band.,2026-08-03,2026-08-17,2026-08-18,COMPLETED,E-035,15.5,1.5
WO-00377,A-094,CALIBRATION,LOW,Instrument reading requires calibration verification.,2026-07-26,2026-08-25,2026-08-23,COMPLETED,E-215,10.7,6.6
WO-00378,A-015,CALIBRATION,HIGH,Abnormal vibration observed during routine monitoring.,2025-10-23,2025-10-30,2025-10-27,COMPLETED,E-233,9.6,17.9
WO-00379,A-061,INSPECTION,MEDIUM,Instrument reading requires calibration verification.,2025-11-08,2025-11-22,2025-11-18,COMPLETED,E-028,11.7,17.3
WO-00380,A-107,INSPECTION,HIGH,Preventive maintenance interval reached.,2025-09-15,2025-09-22,2025-10-02,COMPLETED,E-223,10.8,11.8
WO-00381,A-061,INSPECTION,HIGH,Preventive maintenance interval reached.,2025-12-03,2025-12-10,2025-12-19,COMPLETED,E-169,7.3,7.0
WO-00382,A-043,CALIBRATION,MEDIUM,Preventive maintenance interval reached.,2025-11-18,2025-12-02,,OPEN,E-084,13.6,
WO-00383,A-034,INSPECTION,LOW,Preventive maintenance interval reached.,2026-02-22,2026-03-24,,OPEN,E-082,9.2,
WO-00384,A-064,INSPECTION,MEDIUM,Temperature trend exceeded expected operating band.,2025-11-15,2025-11-29,,OPEN,E-022,2.0,
WO-00385,A-063,CORRECTIVE,MEDIUM,Abnormal vibration observed during routine monitoring.,2026-04-11,2026-04-25,2026-04-21,COMPLETED,E-238,12.3,10.1
WO-00386,A-032,PREVENTIVE,HIGH,Instrument reading requires calibration verification.,2026-06-09,2026-06-16,,OPEN,E-134,1.5,
WO-00387,A-059,INSPECTION,LOW,Minor leakage indication requires inspection.,2026-08-25,2026-09-24,,IN_PROGRESS,E-223,10.5,
WO-00388,A-056,CORRECTIVE,MEDIUM,Abnormal vibration observed during routine monitoring.,2025-12-20,2026-01-03,2026-01-08,COMPLETED,E-196,12.0,3.7
WO-00389,A-033,CORRECTIVE,MEDIUM,Abnormal vibration observed during routine monitoring.,2026-08-03,2026-08-17,2026-08-19,COMPLETED,E-100,3.8,11.4
WO-00390,A-017,CALIBRATION,HIGH,Temperature trend exceeded expected operating band.,2026-03-01,2026-03-08,,IN_PROGRESS,E-054,15.4,
WO-00391,A-044,PREVENTIVE,MEDIUM,Intermittent noise reported by field team.,2026-06-13,2026-06-27,2026-06-25,COMPLETED,E-178,11.9,5.3
WO-00392,A-007,CALIBRATION,MEDIUM,Instrument reading requires calibration verification.,2025-10-03,2025-10-17,,IN_PROGRESS,E-001,6.8,
WO-00393,A-055,INSPECTION,MEDIUM,Preventive maintenance interval reached.,2026-01-31,2026-02-14,2026-02-09,COMPLETED,E-081,6.0,7.0
WO-00394,A-049,PREVENTIVE,LOW,Instrument reading requires calibration verification.,2026-05-22,2026-06-21,,IN_PROGRESS,E-203,9.8,
WO-00395,A-042,CALIBRATION,MEDIUM,Abnormal vibration observed during routine monitoring.,2026-05-03,2026-05-17,2026-05-18,COMPLETED,E-025,7.8,10.1
WO-00396,A-054,PREVENTIVE,MEDIUM,Abnormal vibration observed during routine monitoring.,2026-03-19,2026-04-02,2026-04-06,COMPLETED,E-039,12.8,17.5
WO-00397,A-126,CALIBRATION,LOW,Instrument reading requires calibration verification.,2025-09-09,2025-10-09,,OPEN,E-125,10.4,
WO-00398,A-092,PREVENTIVE,MEDIUM,Abnormal vibration observed during routine monitoring.,2026-01-28,2026-02-11,,OPEN,E-221,7.1,
WO-00399,A-025,PREVENTIVE,MEDIUM,Preventive maintenance interval reached.,2025-12-30,2026-01-13,2026-01-15,COMPLETED,E-089,15.2,6.0
WO-00400,A-080,PREVENTIVE,MEDIUM,Abnormal vibration observed during routine monitoring.,2025-10-07,2025-10-21,2025-10-22,COMPLETED,E-103,7.5,6.4
WO-00401,A-065,PREVENTIVE,MEDIUM,Instrument reading requires calibration verification.,2026-05-02,2026-05-16,2026-05-18,COMPLETED,E-113,6.6,6.0
WO-00402,A-046,PREVENTIVE,MEDIUM,Abnormal vibration observed during routine monitoring.,2025-12-08,2025-12-22,2025-12-19,COMPLETED,E-012,14.1,12.0
WO-00403,A-076,CORRECTIVE,HIGH,Abnormal vibration observed during routine monitoring.,2026-06-18,2026-06-25,,OPEN,E-160,11.9,
WO-00404,A-056,INSPECTION,LOW,Temperature trend exceeded expected operating band.,2025-10-26,2025-11-25,,DEFERRED,E-064,10.8,
WO-00405,A-115,CALIBRATION,HIGH,Intermittent noise reported by field team.,2026-05-05,2026-05-12,,IN_PROGRESS,E-157,15.9,
WO-00406,A-113,INSPECTION,MEDIUM,Abnormal vibration observed during routine monitoring.,2026-01-31,2026-02-14,2026-02-16,COMPLETED,E-128,8.2,1.7
WO-00407,A-077,CORRECTIVE,MEDIUM,Preventive maintenance interval reached.,2026-06-27,2026-07-11,2026-07-11,COMPLETED,E-008,8.4,10.5
WO-00408,A-019,PREVENTIVE,URGENT,Intermittent noise reported by field team.,2025-11-24,2025-11-26,2025-11-26,COMPLETED,E-035,7.7,1.6
WO-00409,A-047,CALIBRATION,LOW,Preventive maintenance interval reached.,2026-06-24,2026-07-24,2026-08-02,COMPLETED,E-021,14.9,1.3
WO-00410,A-112,CALIBRATION,HIGH,Abnormal vibration observed during routine monitoring.,2025-10-13,2025-10-20,,OPEN,E-240,10.4,
WO-00411,A-071,PREVENTIVE,MEDIUM,Abnormal vibration observed during routine monitoring.,2026-04-19,2026-05-03,2026-05-05,COMPLETED,E-230,13.1,7.3
WO-00412,A-068,CORRECTIVE,MEDIUM,Temperature trend exceeded expected operating band.,2026-07-15,2026-07-29,2026-07-24,COMPLETED,E-163,12.4,14.9
WO-00413,A-104,CORRECTIVE,HIGH,Abnormal vibration observed during routine monitoring.,2025-12-03,2025-12-10,2025-12-13,COMPLETED,E-227,5.5,8.7
WO-00414,A-021,CALIBRATION,MEDIUM,Minor leakage indication requires inspection.,2026-04-06,2026-04-20,2026-04-22,COMPLETED,E-003,2.1,13.6
WO-00415,A-034,INSPECTION,MEDIUM,Minor leakage indication requires inspection.,2026-07-06,2026-07-20,2026-07-28,COMPLETED,E-034,8.9,6.9
WO-00416,A-039,CORRECTIVE,HIGH,Instrument reading requires calibration verification.,2026-02-11,2026-02-18,2026-02-27,COMPLETED,E-095,14.9,10.0
WO-00417,A-032,INSPECTION,MEDIUM,Minor leakage indication requires inspection.,2026-02-19,2026-03-05,,OPEN,E-033,14.5,
WO-00418,A-008,CALIBRATION,LOW,Instrument reading requires calibration verification.,2025-10-29,2025-11-28,2025-12-07,COMPLETED,E-197,3.8,4.4
WO-00419,A-057,INSPECTION,MEDIUM,Abnormal vibration observed during routine monitoring.,2025-12-05,2025-12-19,2025-12-25,COMPLETED,E-159,1.1,12.1
WO-00420,A-122,PREVENTIVE,MEDIUM,Instrument reading requires calibration verification.,2026-03-31,2026-04-14,,IN_PROGRESS,E-071,3.5,
WO-00421,A-072,CORRECTIVE,MEDIUM,Preventive maintenance interval reached.,2025-09-02,2025-09-16,,IN_PROGRESS,E-178,8.0,
WO-00422,A-059,INSPECTION,MEDIUM,Temperature trend exceeded expected operating band.,2025-11-26,2025-12-10,,OPEN,E-219,4.1,
WO-00423,A-067,CORRECTIVE,LOW,Preventive maintenance interval reached.,2026-07-13,2026-08-12,2026-08-07,COMPLETED,E-034,10.1,14.3
WO-00424,A-094,CALIBRATION,MEDIUM,Minor leakage indication requires inspection.,2026-06-11,2026-06-25,2026-07-04,COMPLETED,E-056,4.6,6.9
WO-00425,A-015,PREVENTIVE,MEDIUM,Instrument reading requires calibration verification.,2026-03-07,2026-03-21,2026-03-28,COMPLETED,E-165,7.3,5.8
WO-00426,A-112,CORRECTIVE,HIGH,Abnormal vibration observed during routine monitoring.,2026-06-13,2026-06-20,,IN_PROGRESS,E-094,12.9,
WO-00427,A-059,PREVENTIVE,MEDIUM,Intermittent noise reported by field team.,2025-09-28,2025-10-12,2025-10-13,COMPLETED,E-221,7.3,9.7
WO-00428,A-080,CALIBRATION,HIGH,Intermittent noise reported by field team.,2026-07-06,2026-07-13,2026-07-15,COMPLETED,E-230,8.5,2.3
WO-00429,A-042,CALIBRATION,MEDIUM,Intermittent noise reported by field team.,2026-07-14,2026-07-28,,DEFERRED,E-060,9.6,
WO-00430,A-096,PREVENTIVE,HIGH,Abnormal vibration observed during routine monitoring.,2026-04-18,2026-04-25,,OPEN,E-207,10.2,
WO-00431,A-107,CORRECTIVE,HIGH,Instrument reading requires calibration verification.,2026-03-17,2026-03-24,2026-03-25,COMPLETED,E-114,15.4,4.4
WO-00432,A-042,CALIBRATION,URGENT,Intermittent noise reported by field team.,2025-10-01,2025-10-03,2025-10-05,COMPLETED,E-033,7.9,8.4
WO-00433,A-048,PREVENTIVE,MEDIUM,Abnormal vibration observed during routine monitoring.,2026-01-10,2026-01-24,2026-01-23,COMPLETED,E-022,2.2,3.1
WO-00434,A-072,CORRECTIVE,MEDIUM,Intermittent noise reported by field team.,2025-12-12,2025-12-26,2025-12-31,COMPLETED,E-163,13.8,4.5
WO-00435,A-097,CORRECTIVE,LOW,Instrument reading requires calibration verification.,2025-09-02,2025-10-02,2025-10-03,COMPLETED,E-133,12.1,12.0
WO-00436,A-070,PREVENTIVE,HIGH,Temperature trend exceeded expected operating band.,2025-12-19,2025-12-26,,OPEN,E-022,8.8,
WO-00437,A-092,PREVENTIVE,LOW,Instrument reading requires calibration verification.,2026-01-31,2026-03-02,2026-03-03,COMPLETED,E-141,6.4,17.8
WO-00438,A-116,CORRECTIVE,MEDIUM,Abnormal vibration observed during routine monitoring.,2026-08-01,2026-08-15,,OPEN,E-035,8.8,
WO-00439,A-022,PREVENTIVE,URGENT,Intermittent noise reported by field team.,2026-08-07,2026-08-09,2026-08-07,COMPLETED,E-117,4.5,17.1
WO-00440,A-115,CALIBRATION,LOW,Preventive maintenance interval reached.,2026-04-01,2026-05-01,2026-05-04,COMPLETED,E-083,4.3,17.7
WO-00441,A-105,PREVENTIVE,MEDIUM,Abnormal vibration observed during routine monitoring.,2025-10-05,2025-10-19,2025-10-15,COMPLETED,E-030,13.2,14.8
WO-00442,A-015,PREVENTIVE,MEDIUM,Temperature trend exceeded expected operating band.,2026-06-19,2026-07-03,2026-07-08,COMPLETED,E-233,15.8,9.1
WO-00443,A-060,PREVENTIVE,MEDIUM,Abnormal vibration observed during routine monitoring.,2025-11-12,2025-11-26,,IN_PROGRESS,E-126,15.0,
WO-00444,A-023,INSPECTION,HIGH,Preventive maintenance interval reached.,2026-02-21,2026-02-28,,DEFERRED,E-187,4.0,
WO-00445,A-033,CORRECTIVE,LOW,Instrument reading requires calibration verification.,2025-10-31,2025-11-30,,OPEN,E-077,4.5,
WO-00446,A-034,CORRECTIVE,MEDIUM,Minor leakage indication requires inspection.,2026-01-04,2026-01-18,2026-01-17,COMPLETED,E-127,9.7,13.7
WO-00447,A-088,CALIBRATION,MEDIUM,Instrument reading requires calibration verification.,2026-08-05,2026-08-19,,IN_PROGRESS,E-159,6.1,
WO-00448,A-013,CALIBRATION,LOW,Preventive maintenance interval reached.,2026-04-08,2026-05-08,2026-05-12,COMPLETED,E-010,4.6,10.9
WO-00449,A-065,PREVENTIVE,MEDIUM,Preventive maintenance interval reached.,2026-05-20,2026-06-03,2026-06-04,COMPLETED,E-014,8.0,3.8
WO-00450,A-069,CALIBRATION,HIGH,Intermittent noise reported by field team.,2026-05-18,2026-05-25,2026-05-24,COMPLETED,E-013,13.0,5.5
WO-00451,A-107,INSPECTION,MEDIUM,Instrument reading requires calibration verification.,2026-07-25,2026-08-08,,IN_PROGRESS,E-108,8.4,
WO-00452,A-008,CALIBRATION,LOW,Minor leakage indication requires inspection.,2026-07-12,2026-08-11,2026-08-18,COMPLETED,E-183,11.4,7.0
WO-00453,A-108,CORRECTIVE,MEDIUM,Instrument reading requires calibration verification.,2026-03-10,2026-03-24,,OPEN,E-111,12.4,
WO-00454,A-064,CORRECTIVE,MEDIUM,Intermittent noise reported by field team.,2025-10-25,2025-11-08,2025-11-09,COMPLETED,E-113,1.1,4.6
WO-00455,A-058,INSPECTION,LOW,Instrument reading requires calibration verification.,2026-02-18,2026-03-20,,IN_PROGRESS,E-224,6.9,
WO-00456,A-090,INSPECTION,HIGH,Preventive maintenance interval reached.,2026-06-01,2026-06-08,2026-06-08,COMPLETED,E-169,14.7,8.4
WO-00457,A-108,INSPECTION,LOW,Intermittent noise reported by field team.,2026-07-25,2026-08-24,2026-09-02,COMPLETED,E-038,14.1,6.6
WO-00458,A-056,CALIBRATION,LOW,Abnormal vibration observed during routine monitoring.,2025-11-19,2025-12-19,,IN_PROGRESS,E-190,11.4,
WO-00459,A-080,PREVENTIVE,LOW,Abnormal vibration observed during routine monitoring.,2026-02-16,2026-03-18,2026-03-22,COMPLETED,E-090,11.9,8.4
WO-00460,A-017,INSPECTION,HIGH,Intermittent noise reported by field team.,2026-07-18,2026-07-25,,OPEN,E-115,10.4,
WO-00461,A-012,CORRECTIVE,MEDIUM,Abnormal vibration observed during routine monitoring.,2026-04-25,2026-05-09,,OPEN,E-062,15.0,
WO-00462,A-054,CALIBRATION,HIGH,Intermittent noise reported by field team.,2025-10-17,2025-10-24,2025-11-02,COMPLETED,E-058,14.0,4.0
WO-00463,A-043,INSPECTION,MEDIUM,Temperature trend exceeded expected operating band.,2026-04-22,2026-05-06,,IN_PROGRESS,E-141,12.6,
WO-00464,A-040,INSPECTION,HIGH,Intermittent noise reported by field team.,2026-04-30,2026-05-07,2026-05-16,COMPLETED,E-035,15.5,17.6
WO-00465,A-025,CALIBRATION,MEDIUM,Preventive maintenance interval reached.,2026-01-31,2026-02-14,,OPEN,E-025,3.6,
WO-00466,A-022,CORRECTIVE,LOW,Minor leakage indication requires inspection.,2026-06-23,2026-07-23,2026-07-22,COMPLETED,E-148,15.5,5.1
WO-00467,A-120,CALIBRATION,URGENT,Minor leakage indication requires inspection.,2026-03-10,2026-03-12,,DEFERRED,E-186,9.2,
WO-00468,A-128,CALIBRATION,LOW,Temperature trend exceeded expected operating band.,2026-08-12,2026-09-11,2026-09-07,COMPLETED,E-009,14.4,17.8
WO-00469,A-054,CALIBRATION,MEDIUM,Temperature trend exceeded expected operating band.,2026-05-23,2026-06-06,,OPEN,E-141,13.3,
WO-00470,A-021,CALIBRATION,MEDIUM,Abnormal vibration observed during routine monitoring.,2026-01-22,2026-02-05,2026-02-09,COMPLETED,E-056,7.7,15.0
WO-00471,A-126,CORRECTIVE,MEDIUM,Abnormal vibration observed during routine monitoring.,2026-02-15,2026-03-01,2026-03-01,COMPLETED,E-036,14.5,10.8
WO-00472,A-046,CALIBRATION,MEDIUM,Intermittent noise reported by field team.,2026-07-04,2026-07-18,2026-07-28,COMPLETED,E-191,5.7,6.1
WO-00473,A-012,PREVENTIVE,LOW,Preventive maintenance interval reached.,2026-01-20,2026-02-19,2026-02-17,COMPLETED,E-087,6.5,15.3
WO-00474,A-011,INSPECTION,MEDIUM,Intermittent noise reported by field team.,2026-05-06,2026-05-20,2026-05-26,COMPLETED,E-191,8.5,6.0
WO-00475,A-027,INSPECTION,MEDIUM,Minor leakage indication requires inspection.,2026-03-20,2026-04-03,,OPEN,E-112,5.5,
WO-00476,A-105,CALIBRATION,MEDIUM,Preventive maintenance interval reached.,2025-10-26,2025-11-09,,IN_PROGRESS,E-029,3.4,
WO-00477,A-113,INSPECTION,HIGH,Intermittent noise reported by field team.,2026-04-26,2026-05-03,,DEFERRED,E-114,12.5,
WO-00478,A-037,CORRECTIVE,MEDIUM,Preventive maintenance interval reached.,2025-12-26,2026-01-09,2026-01-19,COMPLETED,E-148,15.2,13.7
WO-00479,A-028,PREVENTIVE,MEDIUM,Intermittent noise reported by field team.,2025-10-07,2025-10-21,,IN_PROGRESS,E-238,15.5,
WO-00480,A-121,INSPECTION,LOW,Minor leakage indication requires inspection.,2025-10-05,2025-11-04,2025-11-11,COMPLETED,E-207,12.2,15.6
WO-00481,A-043,PREVENTIVE,LOW,Temperature trend exceeded expected operating band.,2025-09-03,2025-10-03,2025-10-11,COMPLETED,E-182,9.9,4.6
WO-00482,A-092,CALIBRATION,URGENT,Minor leakage indication requires inspection.,2025-09-03,2025-09-05,2025-09-06,COMPLETED,E-152,4.1,8.5
WO-00483,A-018,CALIBRATION,MEDIUM,Intermittent noise reported by field team.,2026-06-01,2026-06-15,2026-06-22,COMPLETED,E-231,9.5,11.7
WO-00484,A-077,CALIBRATION,MEDIUM,Temperature trend exceeded expected operating band.,2026-01-02,2026-01-16,,OPEN,E-237,11.0,
WO-00485,A-110,CALIBRATION,MEDIUM,Intermittent noise reported by field team.,2026-07-30,2026-08-13,,IN_PROGRESS,E-040,2.6,
WO-00486,A-018,INSPECTION,MEDIUM,Minor leakage indication requires inspection.,2026-08-01,2026-08-15,2026-08-21,COMPLETED,E-200,15.1,4.6
WO-00487,A-067,PREVENTIVE,MEDIUM,Minor leakage indication requires inspection.,2026-05-19,2026-06-02,2026-06-08,COMPLETED,E-011,8.3,13.5
WO-00488,A-045,PREVENTIVE,HIGH,Abnormal vibration observed during routine monitoring.,2025-10-25,2025-11-01,2025-11-10,COMPLETED,E-217,3.3,4.4
WO-00489,A-053,PREVENTIVE,HIGH,Abnormal vibration observed during routine monitoring.,2025-10-03,2025-10-10,2025-10-11,COMPLETED,E-225,9.1,10.0
WO-00490,A-117,CORRECTIVE,MEDIUM,Preventive maintenance interval reached.,2026-08-14,2026-08-28,,IN_PROGRESS,E-178,7.2,
WO-00491,A-079,CORRECTIVE,LOW,Instrument reading requires calibration verification.,2025-12-15,2026-01-14,,IN_PROGRESS,E-121,11.4,
WO-00492,A-127,PREVENTIVE,HIGH,Minor leakage indication requires inspection.,2026-08-22,2026-08-29,2026-08-27,COMPLETED,E-124,2.7,9.9
WO-00493,A-017,CORRECTIVE,MEDIUM,Instrument reading requires calibration verification.,2026-05-21,2026-06-04,2026-06-09,COMPLETED,E-027,6.5,9.6
WO-00494,A-091,CORRECTIVE,MEDIUM,Instrument reading requires calibration verification.,2025-12-24,2026-01-07,,OPEN,E-149,13.3,
WO-00495,A-022,CALIBRATION,LOW,Preventive maintenance interval reached.,2025-11-16,2025-12-16,,IN_PROGRESS,E-239,9.3,
WO-00496,A-104,INSPECTION,LOW,Minor leakage indication requires inspection.,2025-09-26,2025-10-26,2025-10-28,COMPLETED,E-103,7.1,8.3
WO-00497,A-080,PREVENTIVE,MEDIUM,Abnormal vibration observed during routine monitoring.,2026-03-25,2026-04-08,2026-04-16,COMPLETED,E-018,6.3,7.2
WO-00498,A-090,PREVENTIVE,MEDIUM,Minor leakage indication requires inspection.,2026-04-13,2026-04-27,2026-04-27,COMPLETED,E-141,4.8,13.7
WO-00499,A-047,CORRECTIVE,LOW,Minor leakage indication requires inspection.,2026-08-25,2026-09-24,2026-10-03,COMPLETED,E-116,7.9,12.3
WO-00500,A-083,INSPECTION,MEDIUM,Minor leakage indication requires inspection.,2026-02-02,2026-02-16,,OPEN,E-083,13.1,
WO-00501,A-015,CORRECTIVE,HIGH,Abnormal vibration observed during routine monitoring.,2026-03-05,2026-03-12,2026-03-19,COMPLETED,E-113,5.2,15.3
WO-00502,A-005,CORRECTIVE,LOW,Preventive maintenance interval reached.,2026-01-25,2026-02-24,,DEFERRED,E-202,11.7,
WO-00503,A-107,PREVENTIVE,MEDIUM,Preventive maintenance interval reached.,2026-02-11,2026-02-25,,IN_PROGRESS,E-007,13.8,
WO-00504,A-040,CALIBRATION,HIGH,Temperature trend exceeded expected operating band.,2026-04-03,2026-04-10,2026-04-12,COMPLETED,E-063,2.8,7.0
WO-00505,A-123,CALIBRATION,MEDIUM,Minor leakage indication requires inspection.,2026-06-13,2026-06-27,,OPEN,E-155,8.2,
WO-00506,A-011,CALIBRATION,MEDIUM,Preventive maintenance interval reached.,2025-11-28,2025-12-12,2025-12-11,COMPLETED,E-207,6.1,14.3
WO-00507,A-128,PREVENTIVE,LOW,Minor leakage indication requires inspection.,2025-09-01,2025-10-01,2025-09-26,COMPLETED,E-215,5.4,14.1
WO-00508,A-002,CORRECTIVE,MEDIUM,Minor leakage indication requires inspection.,2026-05-13,2026-05-27,2026-06-03,COMPLETED,E-089,7.3,7.5
WO-00509,A-121,PREVENTIVE,URGENT,Minor leakage indication requires inspection.,2026-06-18,2026-06-20,2026-06-27,COMPLETED,E-236,3.3,17.8
WO-00510,A-109,CALIBRATION,LOW,Temperature trend exceeded expected operating band.,2025-12-30,2026-01-29,2026-01-31,COMPLETED,E-134,4.9,2.9
WO-00511,A-004,INSPECTION,MEDIUM,Intermittent noise reported by field team.,2025-12-01,2025-12-15,,OPEN,E-132,12.6,
WO-00512,A-056,PREVENTIVE,LOW,Intermittent noise reported by field team.,2026-07-01,2026-07-31,2026-08-09,COMPLETED,E-154,5.9,6.9
WO-00513,A-081,INSPECTION,MEDIUM,Temperature trend exceeded expected operating band.,2026-08-14,2026-08-28,2026-08-29,COMPLETED,E-065,3.2,7.9
WO-00514,A-100,INSPECTION,LOW,Intermittent noise reported by field team.,2025-11-01,2025-12-01,,DEFERRED,E-110,13.9,
WO-00515,A-001,PREVENTIVE,HIGH,Temperature trend exceeded expected operating band.,2025-12-24,2025-12-31,,DEFERRED,E-068,2.4,
WO-00516,A-007,CORRECTIVE,HIGH,Minor leakage indication requires inspection.,2026-04-05,2026-04-12,2026-04-16,COMPLETED,E-063,2.5,12.5
WO-00517,A-074,CORRECTIVE,MEDIUM,Intermittent noise reported by field team.,2026-06-26,2026-07-10,2026-07-15,COMPLETED,E-140,8.8,10.5
WO-00518,A-005,INSPECTION,LOW,Intermittent noise reported by field team.,2025-09-18,2025-10-18,2025-10-18,COMPLETED,E-011,7.9,13.6
WO-00519,A-064,CORRECTIVE,HIGH,Abnormal vibration observed during routine monitoring.,2025-09-24,2025-10-01,2025-09-28,COMPLETED,E-238,13.3,12.3
WO-00520,A-077,INSPECTION,LOW,Abnormal vibration observed during routine monitoring.,2025-12-22,2026-01-21,2026-01-26,COMPLETED,E-038,3.9,3.9
WO-00521,A-087,CALIBRATION,HIGH,Abnormal vibration observed during routine monitoring.,2026-01-17,2026-01-24,2026-01-24,COMPLETED,E-229,2.7,5.2
WO-00522,A-077,CORRECTIVE,LOW,Minor leakage indication requires inspection.,2026-03-23,2026-04-22,,IN_PROGRESS,E-090,1.8,
WO-00523,A-059,PREVENTIVE,MEDIUM,Intermittent noise reported by field team.,2026-03-17,2026-03-31,2026-04-03,COMPLETED,E-003,5.1,7.6
WO-00524,A-110,PREVENTIVE,HIGH,Instrument reading requires calibration verification.,2026-07-07,2026-07-14,2026-07-09,COMPLETED,E-108,15.9,4.5
WO-00525,A-034,INSPECTION,HIGH,Abnormal vibration observed during routine monitoring.,2026-08-01,2026-08-08,2026-08-16,COMPLETED,E-142,6.5,10.2
WO-00526,A-040,PREVENTIVE,URGENT,Preventive maintenance interval reached.,2025-09-03,2025-09-05,,DEFERRED,E-038,14.2,
WO-00527,A-067,CORRECTIVE,HIGH,Instrument reading requires calibration verification.,2026-08-07,2026-08-14,2026-08-10,COMPLETED,E-111,12.7,10.6
WO-00528,A-066,PREVENTIVE,MEDIUM,Instrument reading requires calibration verification.,2025-10-23,2025-11-06,2025-11-14,COMPLETED,E-123,6.4,9.4
WO-00529,A-060,CALIBRATION,MEDIUM,Minor leakage indication requires inspection.,2025-10-21,2025-11-04,,IN_PROGRESS,E-018,15.4,
WO-00530,A-017,PREVENTIVE,MEDIUM,Instrument reading requires calibration verification.,2025-10-30,2025-11-13,2025-11-20,COMPLETED,E-029,7.3,4.5
WO-00531,A-085,CORRECTIVE,MEDIUM,Intermittent noise reported by field team.,2026-08-11,2026-08-25,,OPEN,E-197,13.4,
WO-00532,A-033,PREVENTIVE,MEDIUM,Intermittent noise reported by field team.,2025-11-02,2025-11-16,2025-11-17,COMPLETED,E-184,12.6,14.4
WO-00533,A-094,CALIBRATION,MEDIUM,Instrument reading requires calibration verification.,2025-09-24,2025-10-08,2025-10-17,COMPLETED,E-235,7.8,5.2
WO-00534,A-002,CALIBRATION,MEDIUM,Instrument reading requires calibration verification.,2026-03-27,2026-04-10,2026-04-12,COMPLETED,E-078,6.9,6.8
WO-00535,A-075,PREVENTIVE,MEDIUM,Instrument reading requires calibration verification.,2026-03-03,2026-03-17,2026-03-24,COMPLETED,E-137,10.9,10.2
WO-00536,A-032,CALIBRATION,MEDIUM,Instrument reading requires calibration verification.,2026-06-13,2026-06-27,2026-06-30,COMPLETED,E-078,15.1,6.5
WO-00537,A-044,CORRECTIVE,MEDIUM,Temperature trend exceeded expected operating band.,2026-03-13,2026-03-27,,OPEN,E-142,12.8,
WO-00538,A-045,PREVENTIVE,MEDIUM,Abnormal vibration observed during routine monitoring.,2026-07-14,2026-07-28,,OPEN,E-174,13.3,
WO-00539,A-103,CALIBRATION,HIGH,Abnormal vibration observed during routine monitoring.,2026-03-01,2026-03-08,2026-03-10,COMPLETED,E-200,3.2,8.5
WO-00540,A-069,CALIBRATION,HIGH,Minor leakage indication requires inspection.,2026-02-06,2026-02-13,2026-02-16,COMPLETED,E-155,1.3,12.2
WO-00541,A-089,PREVENTIVE,HIGH,Abnormal vibration observed during routine monitoring.,2025-11-24,2025-12-01,2025-12-01,COMPLETED,E-153,9.8,4.6
WO-00542,A-019,INSPECTION,URGENT,Abnormal vibration observed during routine monitoring.,2025-09-27,2025-09-29,2025-10-09,COMPLETED,E-212,3.1,12.2
WO-00543,A-068,PREVENTIVE,MEDIUM,Minor leakage indication requires inspection.,2026-03-17,2026-03-31,,OPEN,E-022,4.7,
WO-00544,A-090,CORRECTIVE,MEDIUM,Intermittent noise reported by field team.,2026-01-31,2026-02-14,2026-02-13,COMPLETED,E-089,6.1,9.4
WO-00545,A-116,PREVENTIVE,HIGH,Instrument reading requires calibration verification.,2025-08-30,2025-09-06,2025-09-09,COMPLETED,E-014,13.7,15.8
WO-00546,A-013,CALIBRATION,MEDIUM,Abnormal vibration observed during routine monitoring.,2025-11-10,2025-11-24,,DEFERRED,E-071,14.3,
WO-00547,A-100,INSPECTION,LOW,Intermittent noise reported by field team.,2026-06-15,2026-07-15,2026-07-19,COMPLETED,E-073,8.0,7.9
WO-00548,A-027,INSPECTION,LOW,Instrument reading requires calibration verification.,2025-12-16,2026-01-15,2026-01-13,COMPLETED,E-175,2.2,13.6
WO-00549,A-031,CALIBRATION,HIGH,Minor leakage indication requires inspection.,2025-11-01,2025-11-08,,OPEN,E-090,15.4,
WO-00550,A-038,INSPECTION,HIGH,Instrument reading requires calibration verification.,2026-03-06,2026-03-13,2026-03-09,COMPLETED,E-099,2.2,10.0
WO-00551,A-002,INSPECTION,HIGH,Temperature trend exceeded expected operating band.,2026-01-17,2026-01-24,,DEFERRED,E-194,13.4,
WO-00552,A-025,CALIBRATION,MEDIUM,Preventive maintenance interval reached.,2026-05-05,2026-05-19,,OPEN,E-137,10.4,
WO-00553,A-072,CORRECTIVE,LOW,Temperature trend exceeded expected operating band.,2025-09-03,2025-10-03,,IN_PROGRESS,E-125,14.6,
WO-00554,A-091,CORRECTIVE,MEDIUM,Intermittent noise reported by field team.,2026-02-26,2026-03-12,2026-03-16,COMPLETED,E-106,13.9,4.6
WO-00555,A-055,INSPECTION,HIGH,Abnormal vibration observed during routine monitoring.,2025-12-19,2025-12-26,2025-12-24,COMPLETED,E-182,10.2,17.8
WO-00556,A-064,INSPECTION,MEDIUM,Abnormal vibration observed during routine monitoring.,2026-05-27,2026-06-10,2026-06-13,COMPLETED,E-047,13.4,8.1
WO-00557,A-057,INSPECTION,MEDIUM,Minor leakage indication requires inspection.,2026-08-20,2026-09-03,2026-09-11,COMPLETED,E-078,1.8,5.8
WO-00558,A-128,PREVENTIVE,MEDIUM,Preventive maintenance interval reached.,2025-09-01,2025-09-15,2025-09-21,COMPLETED,E-106,9.5,3.7
WO-00559,A-104,CALIBRATION,HIGH,Preventive maintenance interval reached.,2026-04-03,2026-04-10,,OPEN,E-078,1.6,
WO-00560,A-071,CALIBRATION,MEDIUM,Temperature trend exceeded expected operating band.,2025-12-10,2025-12-24,2025-12-25,COMPLETED,E-097,4.4,12.6
WO-00561,A-090,INSPECTION,MEDIUM,Preventive maintenance interval reached.,2025-10-20,2025-11-03,2025-11-05,COMPLETED,E-003,13.5,14.5
WO-00562,A-066,INSPECTION,HIGH,Intermittent noise reported by field team.,2025-10-26,2025-11-02,,OPEN,E-048,8.2,
WO-00563,A-091,CORRECTIVE,MEDIUM,Abnormal vibration observed during routine monitoring.,2026-03-13,2026-03-27,2026-04-01,COMPLETED,E-095,4.6,1.9
WO-00564,A-040,PREVENTIVE,LOW,Preventive maintenance interval reached.,2025-10-04,2025-11-03,2025-11-09,COMPLETED,E-093,9.0,15.9
WO-00565,A-053,PREVENTIVE,HIGH,Abnormal vibration observed during routine monitoring.,2026-06-21,2026-06-28,2026-07-02,COMPLETED,E-058,4.2,1.7
WO-00566,A-055,CALIBRATION,HIGH,Preventive maintenance interval reached.,2026-06-01,2026-06-08,2026-06-15,COMPLETED,E-177,9.1,9.5
WO-00567,A-021,INSPECTION,HIGH,Instrument reading requires calibration verification.,2026-03-30,2026-04-06,,OPEN,E-125,11.3,
WO-00568,A-098,INSPECTION,MEDIUM,Instrument reading requires calibration verification.,2025-12-03,2025-12-17,2025-12-21,COMPLETED,E-031,12.7,2.8
WO-00569,A-109,PREVENTIVE,URGENT,Preventive maintenance interval reached.,2026-03-14,2026-03-16,,OPEN,E-019,15.3,
WO-00570,A-123,CORRECTIVE,MEDIUM,Instrument reading requires calibration verification.,2026-03-01,2026-03-15,2026-03-20,COMPLETED,E-177,14.5,5.7
WO-00571,A-101,CORRECTIVE,MEDIUM,Instrument reading requires calibration verification.,2025-11-01,2025-11-15,2025-11-21,COMPLETED,E-045,8.0,10.0
WO-00572,A-118,PREVENTIVE,MEDIUM,Instrument reading requires calibration verification.,2026-02-21,2026-03-07,2026-03-11,COMPLETED,E-237,7.0,4.1
WO-00573,A-082,CORRECTIVE,HIGH,Abnormal vibration observed during routine monitoring.,2026-03-15,2026-03-22,,OPEN,E-045,7.0,
WO-00574,A-108,CALIBRATION,MEDIUM,Temperature trend exceeded expected operating band.,2026-05-28,2026-06-11,2026-06-12,COMPLETED,E-209,3.3,16.8
WO-00575,A-028,CALIBRATION,MEDIUM,Abnormal vibration observed during routine monitoring.,2026-04-29,2026-05-13,2026-05-10,COMPLETED,E-226,2.4,13.4
WO-00576,A-015,CORRECTIVE,URGENT,Instrument reading requires calibration verification.,2026-04-26,2026-04-28,2026-04-25,COMPLETED,E-075,3.0,1.4
WO-00577,A-084,INSPECTION,MEDIUM,Intermittent noise reported by field team.,2026-02-07,2026-02-21,,IN_PROGRESS,E-151,7.9,
WO-00578,A-095,PREVENTIVE,URGENT,Minor leakage indication requires inspection.,2026-04-07,2026-04-09,2026-04-08,COMPLETED,E-097,5.3,5.8
WO-00579,A-026,CALIBRATION,HIGH,Temperature trend exceeded expected operating band.,2025-09-17,2025-09-24,,IN_PROGRESS,E-094,2.5,
WO-00580,A-100,INSPECTION,HIGH,Intermittent noise reported by field team.,2025-11-05,2025-11-12,,OPEN,E-046,11.7,
WO-00581,A-128,PREVENTIVE,MEDIUM,Preventive maintenance interval reached.,2026-06-19,2026-07-03,,OPEN,E-017,9.9,
WO-00582,A-038,CORRECTIVE,HIGH,Intermittent noise reported by field team.,2025-12-25,2026-01-01,2026-01-08,COMPLETED,E-104,15.1,12.0
WO-00583,A-119,PREVENTIVE,MEDIUM,Intermittent noise reported by field team.,2025-10-31,2025-11-14,2025-11-17,COMPLETED,E-084,14.3,10.1
WO-00584,A-041,INSPECTION,MEDIUM,Abnormal vibration observed during routine monitoring.,2026-07-27,2026-08-10,,OPEN,E-081,6.1,
WO-00585,A-046,PREVENTIVE,HIGH,Intermittent noise reported by field team.,2026-03-18,2026-03-25,2026-03-31,COMPLETED,E-149,10.4,6.6
WO-00586,A-119,CORRECTIVE,LOW,Minor leakage indication requires inspection.,2025-12-29,2026-01-28,,IN_PROGRESS,E-130,11.7,
WO-00587,A-014,CORRECTIVE,MEDIUM,Abnormal vibration observed during routine monitoring.,2026-06-19,2026-07-03,2026-07-06,COMPLETED,E-185,1.2,1.5
WO-00588,A-117,INSPECTION,LOW,Minor leakage indication requires inspection.,2026-03-15,2026-04-14,,IN_PROGRESS,E-168,15.1,
WO-00589,A-055,CALIBRATION,HIGH,Temperature trend exceeded expected operating band.,2025-09-30,2025-10-07,,IN_PROGRESS,E-205,2.1,
WO-00590,A-071,PREVENTIVE,LOW,Temperature trend exceeded expected operating band.,2026-03-10,2026-04-09,,IN_PROGRESS,E-159,5.7,
WO-00591,A-092,INSPECTION,MEDIUM,Intermittent noise reported by field team.,2026-06-23,2026-07-07,2026-07-10,COMPLETED,E-126,15.4,10.3
WO-00592,A-089,PREVENTIVE,MEDIUM,Instrument reading requires calibration verification.,2026-05-07,2026-05-21,2026-05-19,COMPLETED,E-218,12.0,16.7
WO-00593,A-070,CORRECTIVE,LOW,Temperature trend exceeded expected operating band.,2025-09-18,2025-10-18,2025-10-23,COMPLETED,E-189,12.0,9.6
WO-00594,A-057,PREVENTIVE,LOW,Temperature trend exceeded expected operating band.,2026-04-27,2026-05-27,,IN_PROGRESS,E-187,15.6,
WO-00595,A-048,CALIBRATION,MEDIUM,Minor leakage indication requires inspection.,2026-02-19,2026-03-05,,OPEN,E-059,2.7,
WO-00596,A-041,INSPECTION,MEDIUM,Minor leakage indication requires inspection.,2026-03-06,2026-03-20,2026-03-24,COMPLETED,E-165,2.4,8.2
WO-00597,A-051,CORRECTIVE,MEDIUM,Minor leakage indication requires inspection.,2026-08-04,2026-08-18,,OPEN,E-153,9.3,
WO-00598,A-079,INSPECTION,MEDIUM,Intermittent noise reported by field team.,2026-07-09,2026-07-23,2026-07-21,COMPLETED,E-115,4.9,17.7
WO-00599,A-104,PREVENTIVE,HIGH,Temperature trend exceeded expected operating band.,2025-10-12,2025-10-19,,OPEN,E-010,3.1,
WO-00600,A-032,PREVENTIVE,MEDIUM,Instrument reading requires calibration verification.,2026-03-18,2026-04-01,,OPEN,E-049,1.8,
WO-00601,A-016,CALIBRATION,HIGH,Minor leakage indication requires inspection.,2026-03-07,2026-03-14,2026-03-09,COMPLETED,E-029,9.3,9.9
WO-00602,A-048,PREVENTIVE,MEDIUM,Abnormal vibration observed during routine monitoring.,2025-10-10,2025-10-24,,OPEN,E-073,9.2,
WO-00603,A-111,PREVENTIVE,HIGH,Minor leakage indication requires inspection.,2026-06-06,2026-06-13,2026-06-17,COMPLETED,E-183,2.2,10.4
WO-00604,A-091,CORRECTIVE,MEDIUM,Temperature trend exceeded expected operating band.,2026-04-08,2026-04-22,,IN_PROGRESS,E-239,9.3,
WO-00605,A-016,PREVENTIVE,MEDIUM,Minor leakage indication requires inspection.,2026-07-19,2026-08-02,,IN_PROGRESS,E-174,14.8,
WO-00606,A-065,CORRECTIVE,LOW,Intermittent noise reported by field team.,2026-01-22,2026-02-21,,OPEN,E-129,5.1,
WO-00607,A-073,INSPECTION,HIGH,Instrument reading requires calibration verification.,2026-07-28,2026-08-04,,IN_PROGRESS,E-194,11.9,
WO-00608,A-001,PREVENTIVE,LOW,Temperature trend exceeded expected operating band.,2026-05-15,2026-06-14,2026-06-19,COMPLETED,E-161,7.9,8.6
WO-00609,A-005,PREVENTIVE,HIGH,Abnormal vibration observed during routine monitoring.,2025-09-30,2025-10-07,2025-10-16,COMPLETED,E-204,14.0,4.4
WO-00610,A-053,CALIBRATION,MEDIUM,Intermittent noise reported by field team.,2026-08-22,2026-09-05,,OPEN,E-019,13.1,
WO-00611,A-083,CORRECTIVE,LOW,Minor leakage indication requires inspection.,2026-03-26,2026-04-25,,DEFERRED,E-051,12.9,
WO-00612,A-119,CORRECTIVE,HIGH,Abnormal vibration observed during routine monitoring.,2026-05-18,2026-05-25,,IN_PROGRESS,E-043,13.4,
WO-00613,A-096,INSPECTION,LOW,Temperature trend exceeded expected operating band.,2026-02-02,2026-03-04,,OPEN,E-203,1.2,
WO-00614,A-024,CALIBRATION,HIGH,Minor leakage indication requires inspection.,2026-06-02,2026-06-09,,IN_PROGRESS,E-011,12.5,
WO-00615,A-013,PREVENTIVE,MEDIUM,Temperature trend exceeded expected operating band.,2025-10-16,2025-10-30,2025-10-28,COMPLETED,E-081,9.5,12.3
WO-00616,A-013,CORRECTIVE,MEDIUM,Intermittent noise reported by field team.,2026-07-04,2026-07-18,,OPEN,E-062,5.6,
WO-00617,A-044,CALIBRATION,MEDIUM,Minor leakage indication requires inspection.,2026-01-22,2026-02-05,,OPEN,E-132,7.0,
WO-00618,A-062,CORRECTIVE,HIGH,Instrument reading requires calibration verification.,2025-10-09,2025-10-16,2025-10-18,COMPLETED,E-003,1.3,16.1
WO-00619,A-089,INSPECTION,LOW,Preventive maintenance interval reached.,2025-09-16,2025-10-16,2025-10-20,COMPLETED,E-117,1.1,18.0
WO-00620,A-040,CALIBRATION,MEDIUM,Abnormal vibration observed during routine monitoring.,2026-01-02,2026-01-16,,DEFERRED,E-222,3.8,
WO-00621,A-038,PREVENTIVE,MEDIUM,Preventive maintenance interval reached.,2026-07-26,2026-08-09,,OPEN,E-139,3.5,
WO-00622,A-014,CALIBRATION,MEDIUM,Intermittent noise reported by field team.,2025-08-30,2025-09-13,2025-09-11,COMPLETED,E-072,1.9,8.8
WO-00623,A-095,INSPECTION,MEDIUM,Preventive maintenance interval reached.,2025-10-28,2025-11-11,,OPEN,E-070,12.1,
WO-00624,A-017,CORRECTIVE,LOW,Intermittent noise reported by field team.,2026-07-16,2026-08-15,2026-08-13,COMPLETED,E-194,13.3,10.1
WO-00625,A-089,CORRECTIVE,MEDIUM,Instrument reading requires calibration verification.,2026-03-24,2026-04-07,,DEFERRED,E-190,14.4,
WO-00626,A-112,INSPECTION,MEDIUM,Temperature trend exceeded expected operating band.,2026-04-16,2026-04-30,2026-04-30,COMPLETED,E-085,2.4,16.7
WO-00627,A-021,CALIBRATION,HIGH,Temperature trend exceeded expected operating band.,2026-07-24,2026-07-31,,IN_PROGRESS,E-115,9.4,
WO-00628,A-086,CORRECTIVE,MEDIUM,Abnormal vibration observed during routine monitoring.,2026-05-12,2026-05-26,2026-05-29,COMPLETED,E-014,4.4,9.2
WO-00629,A-030,CORRECTIVE,HIGH,Abnormal vibration observed during routine monitoring.,2026-02-12,2026-02-19,2026-02-26,COMPLETED,E-039,13.6,9.5
WO-00630,A-049,PREVENTIVE,MEDIUM,Temperature trend exceeded expected operating band.,2025-12-23,2026-01-06,2026-01-07,COMPLETED,E-150,1.0,6.7
WO-00631,A-013,INSPECTION,MEDIUM,Minor leakage indication requires inspection.,2025-11-17,2025-12-01,2025-11-29,COMPLETED,E-011,7.1,4.7
WO-00632,A-043,INSPECTION,MEDIUM,Abnormal vibration observed during routine monitoring.,2026-07-30,2026-08-13,2026-08-23,COMPLETED,E-230,15.3,10.8
WO-00633,A-059,CALIBRATION,MEDIUM,Intermittent noise reported by field team.,2026-07-28,2026-08-11,2026-08-13,COMPLETED,E-066,3.3,17.8
WO-00634,A-020,CALIBRATION,HIGH,Instrument reading requires calibration verification.,2025-10-17,2025-10-24,,IN_PROGRESS,E-209,15.1,
WO-00635,A-114,CORRECTIVE,MEDIUM,Intermittent noise reported by field team.,2026-05-21,2026-06-04,2026-06-10,COMPLETED,E-030,10.2,9.2
WO-00636,A-016,CORRECTIVE,HIGH,Instrument reading requires calibration verification.,2026-01-11,2026-01-18,,OPEN,E-218,4.7,
WO-00637,A-078,CORRECTIVE,MEDIUM,Temperature trend exceeded expected operating band.,2025-12-18,2026-01-01,,DEFERRED,E-099,3.2,
WO-00638,A-029,PREVENTIVE,LOW,Instrument reading requires calibration verification.,2026-02-13,2026-03-15,2026-03-15,COMPLETED,E-145,9.3,18.0
WO-00639,A-090,CORRECTIVE,LOW,Abnormal vibration observed during routine monitoring.,2026-05-19,2026-06-18,,OPEN,E-149,7.2,
WO-00640,A-057,PREVENTIVE,MEDIUM,Abnormal vibration observed during routine monitoring.,2026-07-25,2026-08-08,,IN_PROGRESS,E-118,11.7,
WO-00641,A-103,CORRECTIVE,LOW,Abnormal vibration observed during routine monitoring.,2025-09-06,2025-10-06,2025-10-09,COMPLETED,E-185,7.1,1.1
WO-00642,A-026,INSPECTION,MEDIUM,Preventive maintenance interval reached.,2025-09-04,2025-09-18,2025-09-24,COMPLETED,E-032,15.3,9.2
WO-00643,A-049,INSPECTION,LOW,Intermittent noise reported by field team.,2026-02-14,2026-03-16,,OPEN,E-112,9.9,
WO-00644,A-012,CORRECTIVE,URGENT,Abnormal vibration observed during routine monitoring.,2025-11-29,2025-12-01,,DEFERRED,E-233,13.5,
WO-00645,A-077,CALIBRATION,URGENT,Minor leakage indication requires inspection.,2026-02-18,2026-02-20,2026-02-17,COMPLETED,E-007,7.2,16.3
WO-00646,A-087,PREVENTIVE,MEDIUM,Preventive maintenance interval reached.,2026-05-03,2026-05-17,,IN_PROGRESS,E-070,10.9,
WO-00647,A-068,PREVENTIVE,MEDIUM,Temperature trend exceeded expected operating band.,2026-04-05,2026-04-19,,OPEN,E-236,9.4,
WO-00648,A-062,CORRECTIVE,MEDIUM,Instrument reading requires calibration verification.,2025-10-31,2025-11-14,,IN_PROGRESS,E-105,13.4,
WO-00649,A-104,INSPECTION,HIGH,Abnormal vibration observed during routine monitoring.,2025-12-04,2025-12-11,2025-12-14,COMPLETED,E-138,13.6,11.5
WO-00650,A-105,INSPECTION,MEDIUM,Abnormal vibration observed during routine monitoring.,2026-07-21,2026-08-04,2026-08-09,COMPLETED,E-188,9.9,13.7
WO-00651,A-029,CALIBRATION,MEDIUM,Temperature trend exceeded expected operating band.,2026-05-04,2026-05-18,,IN_PROGRESS,E-193,2.0,
WO-00652,A-090,INSPECTION,MEDIUM,Intermittent noise reported by field team.,2026-04-03,2026-04-17,2026-04-27,COMPLETED,E-071,6.8,2.0
WO-00653,A-007,INSPECTION,MEDIUM,Preventive maintenance interval reached.,2026-03-04,2026-03-18,2026-03-26,COMPLETED,E-142,15.2,17.5
WO-00654,A-103,PREVENTIVE,MEDIUM,Minor leakage indication requires inspection.,2026-03-26,2026-04-09,2026-04-07,COMPLETED,E-157,12.1,17.4
WO-00655,A-094,CORRECTIVE,MEDIUM,Instrument reading requires calibration verification.,2026-01-28,2026-02-11,2026-02-09,COMPLETED,E-014,11.7,1.3
WO-00656,A-109,PREVENTIVE,HIGH,Preventive maintenance interval reached.,2026-05-25,2026-06-01,,OPEN,E-138,13.2,
WO-00657,A-115,CALIBRATION,HIGH,Minor leakage indication requires inspection.,2025-09-08,2025-09-15,2025-09-22,COMPLETED,E-132,4.4,14.9
WO-00658,A-027,CORRECTIVE,MEDIUM,Intermittent noise reported by field team.,2026-04-03,2026-04-17,2026-04-12,COMPLETED,E-151,12.8,2.1
WO-00659,A-125,INSPECTION,MEDIUM,Abnormal vibration observed during routine monitoring.,2026-04-14,2026-04-28,2026-05-02,COMPLETED,E-236,2.7,7.5
WO-00660,A-029,CALIBRATION,HIGH,Abnormal vibration observed during routine monitoring.,2026-03-24,2026-03-31,,OPEN,E-220,14.7,
WO-00661,A-039,PREVENTIVE,MEDIUM,Minor leakage indication requires inspection.,2026-05-13,2026-05-27,2026-06-01,COMPLETED,E-204,9.9,15.9
WO-00662,A-103,INSPECTION,MEDIUM,Preventive maintenance interval reached.,2026-02-23,2026-03-09,,IN_PROGRESS,E-156,2.5,
WO-00663,A-011,CORRECTIVE,MEDIUM,Abnormal vibration observed during routine monitoring.,2025-10-31,2025-11-14,2025-11-13,COMPLETED,E-233,8.1,6.0
WO-00664,A-122,INSPECTION,MEDIUM,Minor leakage indication requires inspection.,2026-06-05,2026-06-19,,OPEN,E-048,15.0,
WO-00665,A-001,CALIBRATION,HIGH,Abnormal vibration observed during routine monitoring.,2026-03-26,2026-04-02,2026-04-11,COMPLETED,E-157,2.9,8.1
WO-00666,A-082,CALIBRATION,LOW,Abnormal vibration observed during routine monitoring.,2025-09-03,2025-10-03,,OPEN,E-240,11.5,
WO-00667,A-032,CALIBRATION,URGENT,Minor leakage indication requires inspection.,2026-04-23,2026-04-25,,DEFERRED,E-029,4.4,
WO-00668,A-098,INSPECTION,HIGH,Instrument reading requires calibration verification.,2026-01-30,2026-02-06,2026-02-15,COMPLETED,E-192,11.1,11.7
WO-00669,A-065,PREVENTIVE,URGENT,Abnormal vibration observed during routine monitoring.,2026-04-20,2026-04-22,,OPEN,E-164,10.6,
WO-00670,A-050,PREVENTIVE,MEDIUM,Minor leakage indication requires inspection.,2026-07-10,2026-07-24,,OPEN,E-088,2.4,
WO-00671,A-096,INSPECTION,MEDIUM,Intermittent noise reported by field team.,2026-06-01,2026-06-15,2026-06-11,COMPLETED,E-141,5.3,16.3
WO-00672,A-067,CORRECTIVE,MEDIUM,Preventive maintenance interval reached.,2026-08-10,2026-08-24,2026-08-28,COMPLETED,E-009,6.1,3.7
WO-00673,A-098,CALIBRATION,MEDIUM,Abnormal vibration observed during routine monitoring.,2025-12-02,2025-12-16,2025-12-23,COMPLETED,E-156,13.9,9.2
WO-00674,A-059,CALIBRATION,MEDIUM,Abnormal vibration observed during routine monitoring.,2026-05-23,2026-06-06,,DEFERRED,E-199,9.8,
WO-00675,A-016,CORRECTIVE,LOW,Instrument reading requires calibration verification.,2025-12-11,2026-01-10,,IN_PROGRESS,E-067,12.0,
WO-00676,A-114,INSPECTION,MEDIUM,Instrument reading requires calibration verification.,2025-09-19,2025-10-03,2025-09-29,COMPLETED,E-180,13.2,2.5
WO-00677,A-003,PREVENTIVE,HIGH,Instrument reading requires calibration verification.,2025-12-30,2026-01-06,2026-01-04,COMPLETED,E-122,4.2,17.9
WO-00678,A-094,CORRECTIVE,HIGH,Preventive maintenance interval reached.,2025-11-04,2025-11-11,,OPEN,E-178,4.2,
WO-00679,A-090,PREVENTIVE,MEDIUM,Instrument reading requires calibration verification.,2026-06-17,2026-07-01,2026-06-29,COMPLETED,E-207,10.9,5.5
WO-00680,A-016,CALIBRATION,URGENT,Preventive maintenance interval reached.,2026-05-23,2026-05-25,2026-05-25,COMPLETED,E-137,4.5,7.1
WO-00681,A-078,CALIBRATION,MEDIUM,Abnormal vibration observed during routine monitoring.,2025-10-26,2025-11-09,2025-11-06,COMPLETED,E-057,5.4,10.2
WO-00682,A-034,CORRECTIVE,LOW,Intermittent noise reported by field team.,2026-03-09,2026-04-08,,DEFERRED,E-026,14.5,
WO-00683,A-102,CORRECTIVE,HIGH,Instrument reading requires calibration verification.,2026-01-27,2026-02-03,2026-01-31,COMPLETED,E-065,2.9,12.9
WO-00684,A-040,PREVENTIVE,HIGH,Temperature trend exceeded expected operating band.,2026-06-06,2026-06-13,2026-06-16,COMPLETED,E-232,15.3,6.0
WO-00685,A-004,PREVENTIVE,HIGH,Temperature trend exceeded expected operating band.,2025-09-30,2025-10-07,2025-10-06,COMPLETED,E-044,3.6,1.2
WO-00686,A-065,PREVENTIVE,URGENT,Instrument reading requires calibration verification.,2026-03-29,2026-03-31,2026-03-29,COMPLETED,E-009,15.4,5.8
WO-00687,A-116,INSPECTION,HIGH,Minor leakage indication requires inspection.,2026-04-05,2026-04-12,,IN_PROGRESS,E-165,10.2,
WO-00688,A-107,CALIBRATION,URGENT,Minor leakage indication requires inspection.,2025-12-23,2025-12-25,,OPEN,E-199,14.2,
WO-00689,A-033,CALIBRATION,HIGH,Intermittent noise reported by field team.,2026-06-28,2026-07-05,2026-07-08,COMPLETED,E-232,4.0,3.4
WO-00690,A-076,INSPECTION,URGENT,Preventive maintenance interval reached.,2025-09-22,2025-09-24,2025-10-04,COMPLETED,E-133,12.0,16.3
WO-00691,A-094,CALIBRATION,MEDIUM,Instrument reading requires calibration verification.,2025-12-28,2026-01-11,2026-01-11,COMPLETED,E-204,5.8,10.8
WO-00692,A-001,CORRECTIVE,MEDIUM,Abnormal vibration observed during routine monitoring.,2026-02-02,2026-02-16,2026-02-23,COMPLETED,E-047,1.0,17.4
WO-00693,A-093,CALIBRATION,HIGH,Intermittent noise reported by field team.,2025-09-05,2025-09-12,,DEFERRED,E-200,2.1,
WO-00694,A-101,CORRECTIVE,MEDIUM,Temperature trend exceeded expected operating band.,2026-03-20,2026-04-03,2026-04-02,COMPLETED,E-101,12.2,12.6
WO-00695,A-014,CALIBRATION,MEDIUM,Preventive maintenance interval reached.,2026-05-14,2026-05-28,2026-05-26,COMPLETED,E-134,4.4,8.6
WO-00696,A-018,CALIBRATION,MEDIUM,Abnormal vibration observed during routine monitoring.,2026-01-16,2026-01-30,,IN_PROGRESS,E-060,15.7,
WO-00697,A-004,INSPECTION,MEDIUM,Minor leakage indication requires inspection.,2025-12-24,2026-01-07,2026-01-17,COMPLETED,E-136,10.7,15.7
WO-00698,A-038,CORRECTIVE,MEDIUM,Abnormal vibration observed during routine monitoring.,2025-11-01,2025-11-15,2025-11-13,COMPLETED,E-057,10.5,7.5
WO-00699,A-119,CALIBRATION,MEDIUM,Intermittent noise reported by field team.,2026-05-30,2026-06-13,,IN_PROGRESS,E-128,14.7,
WO-00700,A-020,CALIBRATION,LOW,Preventive maintenance interval reached.,2026-07-19,2026-08-18,2026-08-23,COMPLETED,E-024,1.6,14.5
WO-00701,A-089,CORRECTIVE,HIGH,Abnormal vibration observed during routine monitoring.,2025-12-25,2026-01-01,2026-01-09,COMPLETED,E-117,5.1,12.8
WO-00702,A-106,CALIBRATION,MEDIUM,Temperature trend exceeded expected operating band.,2026-05-02,2026-05-16,,OPEN,E-043,12.8,
WO-00703,A-055,INSPECTION,HIGH,Intermittent noise reported by field team.,2025-09-24,2025-10-01,,IN_PROGRESS,E-228,11.6,
WO-00704,A-054,INSPECTION,MEDIUM,Minor leakage indication requires inspection.,2025-12-28,2026-01-11,,OPEN,E-192,11.5,
WO-00705,A-111,CALIBRATION,MEDIUM,Temperature trend exceeded expected operating band.,2026-05-21,2026-06-04,2026-06-01,COMPLETED,E-015,1.8,4.6
WO-00706,A-034,PREVENTIVE,MEDIUM,Instrument reading requires calibration verification.,2025-11-29,2025-12-13,2025-12-14,COMPLETED,E-196,11.8,16.9
WO-00707,A-117,INSPECTION,URGENT,Minor leakage indication requires inspection.,2026-07-19,2026-07-21,2026-07-18,COMPLETED,E-074,4.5,17.3
WO-00708,A-014,CALIBRATION,LOW,Temperature trend exceeded expected operating band.,2026-06-18,2026-07-18,2026-07-21,COMPLETED,E-095,15.2,16.8
WO-00709,A-124,INSPECTION,HIGH,Preventive maintenance interval reached.,2025-09-09,2025-09-16,2025-09-13,COMPLETED,E-153,9.3,3.7
WO-00710,A-028,CORRECTIVE,MEDIUM,Abnormal vibration observed during routine monitoring.,2025-12-12,2025-12-26,2026-01-01,COMPLETED,E-046,5.6,17.4
WO-00711,A-025,INSPECTION,MEDIUM,Abnormal vibration observed during routine monitoring.,2026-04-26,2026-05-10,2026-05-08,COMPLETED,E-027,13.4,6.9
WO-00712,A-053,PREVENTIVE,URGENT,Preventive maintenance interval reached.,2026-07-23,2026-07-25,2026-07-21,COMPLETED,E-097,14.7,11.1
WO-00713,A-013,PREVENTIVE,LOW,Preventive maintenance interval reached.,2025-11-19,2025-12-19,,DEFERRED,E-222,4.7,
WO-00714,A-097,PREVENTIVE,LOW,Intermittent noise reported by field team.,2026-07-20,2026-08-19,,IN_PROGRESS,E-054,11.9,
WO-00715,A-086,CORRECTIVE,MEDIUM,Temperature trend exceeded expected operating band.,2025-11-08,2025-11-22,2025-11-24,COMPLETED,E-020,3.4,15.8
WO-00716,A-026,CALIBRATION,HIGH,Abnormal vibration observed during routine monitoring.,2026-08-16,2026-08-23,2026-08-24,COMPLETED,E-098,3.4,2.0
WO-00717,A-017,PREVENTIVE,HIGH,Temperature trend exceeded expected operating band.,2025-11-09,2025-11-16,2025-11-24,COMPLETED,E-083,11.3,10.3
WO-00718,A-071,PREVENTIVE,MEDIUM,Instrument reading requires calibration verification.,2026-06-02,2026-06-16,,IN_PROGRESS,E-019,5.1,
WO-00719,A-043,INSPECTION,MEDIUM,Minor leakage indication requires inspection.,2025-11-03,2025-11-17,,IN_PROGRESS,E-190,2.6,
WO-00720,A-005,CALIBRATION,HIGH,Instrument reading requires calibration verification.,2025-12-13,2025-12-20,,IN_PROGRESS,E-184,4.7,
WO-00721,A-023,CORRECTIVE,LOW,Instrument reading requires calibration verification.,2025-10-09,2025-11-08,2025-11-04,COMPLETED,E-056,14.2,3.5
WO-00722,A-007,INSPECTION,MEDIUM,Instrument reading requires calibration verification.,2025-10-04,2025-10-18,,OPEN,E-037,12.5,
WO-00723,A-056,CORRECTIVE,URGENT,Abnormal vibration observed during routine monitoring.,2026-04-05,2026-04-07,2026-04-05,COMPLETED,E-229,10.7,16.0
WO-00724,A-040,CORRECTIVE,LOW,Preventive maintenance interval reached.,2025-09-27,2025-10-27,,IN_PROGRESS,E-009,4.5,
WO-00725,A-066,CORRECTIVE,HIGH,Minor leakage indication requires inspection.,2025-09-26,2025-10-03,,OPEN,E-030,15.4,
WO-00726,A-022,PREVENTIVE,MEDIUM,Intermittent noise reported by field team.,2025-10-05,2025-10-19,,DEFERRED,E-103,14.4,
WO-00727,A-030,INSPECTION,LOW,Temperature trend exceeded expected operating band.,2026-02-22,2026-03-24,,IN_PROGRESS,E-051,8.4,
WO-00728,A-008,PREVENTIVE,HIGH,Instrument reading requires calibration verification.,2026-07-11,2026-07-18,2026-07-14,COMPLETED,E-203,14.1,2.9
WO-00729,A-058,CALIBRATION,MEDIUM,Temperature trend exceeded expected operating band.,2025-12-04,2025-12-18,2025-12-19,COMPLETED,E-223,13.5,13.6
WO-00730,A-067,CORRECTIVE,HIGH,Intermittent noise reported by field team.,2025-11-08,2025-11-15,,IN_PROGRESS,E-142,7.4,
WO-00731,A-123,CALIBRATION,MEDIUM,Temperature trend exceeded expected operating band.,2025-12-16,2025-12-30,2026-01-08,COMPLETED,E-028,7.4,10.8
WO-00732,A-041,CORRECTIVE,MEDIUM,Minor leakage indication requires inspection.,2025-12-22,2026-01-05,2026-01-12,COMPLETED,E-058,6.2,1.8
WO-00733,A-005,INSPECTION,MEDIUM,Instrument reading requires calibration verification.,2026-03-27,2026-04-10,2026-04-08,COMPLETED,E-187,11.8,6.3
WO-00734,A-051,PREVENTIVE,MEDIUM,Abnormal vibration observed during routine monitoring.,2026-03-25,2026-04-08,,IN_PROGRESS,E-098,3.2,
WO-00735,A-118,INSPECTION,LOW,Intermittent noise reported by field team.,2026-04-13,2026-05-13,2026-05-18,COMPLETED,E-161,4.0,4.3
WO-00736,A-036,CALIBRATION,HIGH,Intermittent noise reported by field team.,2025-12-04,2025-12-11,2025-12-07,COMPLETED,E-017,3.1,8.0
WO-00737,A-103,CORRECTIVE,MEDIUM,Temperature trend exceeded expected operating band.,2026-01-14,2026-01-28,2026-01-24,COMPLETED,E-175,1.9,13.3
WO-00738,A-091,PREVENTIVE,MEDIUM,Abnormal vibration observed during routine monitoring.,2026-06-24,2026-07-08,,DEFERRED,E-104,16.0,
WO-00739,A-067,PREVENTIVE,MEDIUM,Preventive maintenance interval reached.,2026-07-09,2026-07-23,2026-07-20,COMPLETED,E-079,8.0,4.9
WO-00740,A-073,PREVENTIVE,LOW,Intermittent noise reported by field team.,2026-05-26,2026-06-25,,OPEN,E-088,7.5,
WO-00741,A-005,CORRECTIVE,LOW,Minor leakage indication requires inspection.,2026-04-16,2026-05-16,,DEFERRED,E-010,6.0,
WO-00742,A-065,CALIBRATION,LOW,Intermittent noise reported by field team.,2026-01-31,2026-03-02,2026-03-02,COMPLETED,E-199,14.7,7.9
WO-00743,A-046,INSPECTION,MEDIUM,Instrument reading requires calibration verification.,2026-03-21,2026-04-04,2026-04-08,COMPLETED,E-058,8.0,15.8
WO-00744,A-017,CORRECTIVE,LOW,Instrument reading requires calibration verification.,2026-03-20,2026-04-19,2026-04-17,COMPLETED,E-109,8.7,15.4
WO-00745,A-098,INSPECTION,MEDIUM,Abnormal vibration observed during routine monitoring.,2025-11-06,2025-11-20,,DEFERRED,E-107,7.8,
WO-00746,A-106,INSPECTION,MEDIUM,Instrument reading requires calibration verification.,2025-10-02,2025-10-16,,IN_PROGRESS,E-121,11.2,
WO-00747,A-046,CALIBRATION,MEDIUM,Preventive maintenance interval reached.,2026-01-19,2026-02-02,2026-02-02,COMPLETED,E-141,14.1,10.7
WO-00748,A-042,CALIBRATION,MEDIUM,Abnormal vibration observed during routine monitoring.,2026-08-03,2026-08-17,2026-08-15,COMPLETED,E-196,10.1,2.6
WO-00749,A-076,PREVENTIVE,LOW,Intermittent noise reported by field team.,2026-03-07,2026-04-06,,IN_PROGRESS,E-227,4.4,
WO-00750,A-105,INSPECTION,MEDIUM,Intermittent noise reported by field team.,2025-11-27,2025-12-11,2025-12-13,COMPLETED,E-092,6.0,3.8
WO-00751,A-010,CORRECTIVE,HIGH,Abnormal vibration observed during routine monitoring.,2025-10-25,2025-11-01,2025-11-09,COMPLETED,E-091,10.9,8.9
WO-00752,A-051,PREVENTIVE,MEDIUM,Temperature trend exceeded expected operating band.,2026-05-22,2026-06-05,2026-06-01,COMPLETED,E-148,11.7,15.7
WO-00753,A-075,CALIBRATION,LOW,Abnormal vibration observed during routine monitoring.,2026-08-02,2026-09-01,2026-09-06,COMPLETED,E-109,11.5,15.7
WO-00754,A-081,CORRECTIVE,LOW,Preventive maintenance interval reached.,2025-09-22,2025-10-22,,OPEN,E-002,5.9,
WO-00755,A-120,CALIBRATION,MEDIUM,Minor leakage indication requires inspection.,2026-02-14,2026-02-28,2026-02-24,COMPLETED,E-115,2.4,11.7
WO-00756,A-113,PREVENTIVE,MEDIUM,Intermittent noise reported by field team.,2026-01-16,2026-01-30,,IN_PROGRESS,E-220,1.2,
WO-00757,A-038,PREVENTIVE,MEDIUM,Temperature trend exceeded expected operating band.,2026-06-29,2026-07-13,,DEFERRED,E-026,13.2,
WO-00758,A-082,CORRECTIVE,HIGH,Abnormal vibration observed during routine monitoring.,2025-09-17,2025-09-24,2025-09-20,COMPLETED,E-159,10.8,8.6
WO-00759,A-083,PREVENTIVE,MEDIUM,Temperature trend exceeded expected operating band.,2026-01-20,2026-02-03,,DEFERRED,E-022,4.6,
WO-00760,A-090,PREVENTIVE,HIGH,Temperature trend exceeded expected operating band.,2026-01-14,2026-01-21,,IN_PROGRESS,E-108,13.2,
WO-00761,A-086,INSPECTION,MEDIUM,Preventive maintenance interval reached.,2026-05-28,2026-06-11,2026-06-15,COMPLETED,E-041,3.5,11.9
WO-00762,A-089,INSPECTION,MEDIUM,Preventive maintenance interval reached.,2026-08-17,2026-08-31,,OPEN,E-237,16.0,
WO-00763,A-082,CORRECTIVE,LOW,Temperature trend exceeded expected operating band.,2026-03-09,2026-04-08,,IN_PROGRESS,E-009,1.5,
WO-00764,A-032,INSPECTION,HIGH,Temperature trend exceeded expected operating band.,2026-03-25,2026-04-01,2026-04-07,COMPLETED,E-228,5.2,15.4
WO-00765,A-079,PREVENTIVE,HIGH,Temperature trend exceeded expected operating band.,2026-04-13,2026-04-20,,OPEN,E-038,11.4,
WO-00766,A-057,CALIBRATION,MEDIUM,Instrument reading requires calibration verification.,2025-10-09,2025-10-23,2025-10-23,COMPLETED,E-114,11.0,4.5
WO-00767,A-034,INSPECTION,MEDIUM,Temperature trend exceeded expected operating band.,2026-07-10,2026-07-24,2026-08-01,COMPLETED,E-067,13.9,14.6
WO-00768,A-038,INSPECTION,HIGH,Minor leakage indication requires inspection.,2025-10-13,2025-10-20,,OPEN,E-192,7.3,
WO-00769,A-076,CORRECTIVE,HIGH,Minor leakage indication requires inspection.,2026-06-30,2026-07-07,,IN_PROGRESS,E-192,8.6,
WO-00770,A-096,PREVENTIVE,MEDIUM,Minor leakage indication requires inspection.,2025-12-23,2026-01-06,2026-01-01,COMPLETED,E-067,5.8,13.3
WO-00771,A-065,CORRECTIVE,URGENT,Abnormal vibration observed during routine monitoring.,2026-02-04,2026-02-06,2026-02-09,COMPLETED,E-059,10.5,2.5
WO-00772,A-105,INSPECTION,HIGH,Temperature trend exceeded expected operating band.,2025-12-30,2026-01-06,,DEFERRED,E-026,6.7,
WO-00773,A-075,CORRECTIVE,MEDIUM,Intermittent noise reported by field team.,2026-07-13,2026-07-27,2026-07-24,COMPLETED,E-100,14.3,2.3
WO-00774,A-090,PREVENTIVE,MEDIUM,Minor leakage indication requires inspection.,2026-03-09,2026-03-23,2026-03-28,COMPLETED,E-227,14.6,5.4
WO-00775,A-099,INSPECTION,MEDIUM,Preventive maintenance interval reached.,2026-05-09,2026-05-23,2026-05-31,COMPLETED,E-049,11.4,1.0
WO-00776,A-013,INSPECTION,HIGH,Minor leakage indication requires inspection.,2026-03-06,2026-03-13,,DEFERRED,E-193,8.9,
WO-00777,A-108,PREVENTIVE,MEDIUM,Minor leakage indication requires inspection.,2025-09-27,2025-10-11,,OPEN,E-118,5.5,
WO-00778,A-107,INSPECTION,LOW,Temperature trend exceeded expected operating band.,2025-10-30,2025-11-29,2025-12-06,COMPLETED,E-219,6.1,14.1
WO-00779,A-066,PREVENTIVE,LOW,Preventive maintenance interval reached.,2026-08-19,2026-09-18,,OPEN,E-225,3.4,
WO-00780,A-079,CALIBRATION,MEDIUM,Instrument reading requires calibration verification.,2025-09-24,2025-10-08,2025-10-06,COMPLETED,E-104,14.3,14.7
WO-00781,A-027,CALIBRATION,LOW,Instrument reading requires calibration verification.,2025-10-16,2025-11-15,2025-11-10,COMPLETED,E-207,1.9,7.2
WO-00782,A-022,INSPECTION,MEDIUM,Minor leakage indication requires inspection.,2025-10-27,2025-11-10,2025-11-13,COMPLETED,E-061,9.6,17.6
WO-00783,A-058,CORRECTIVE,LOW,Instrument reading requires calibration verification.,2025-12-11,2026-01-10,2026-01-05,COMPLETED,E-048,1.3,6.3
WO-00784,A-012,INSPECTION,MEDIUM,Abnormal vibration observed during routine monitoring.,2025-12-22,2026-01-05,2026-01-01,COMPLETED,E-070,15.9,12.9
WO-00785,A-035,CORRECTIVE,MEDIUM,Instrument reading requires calibration verification.,2025-09-25,2025-10-09,,IN_PROGRESS,E-115,15.8,
WO-00786,A-023,CORRECTIVE,MEDIUM,Abnormal vibration observed during routine monitoring.,2025-12-05,2025-12-19,2025-12-18,COMPLETED,E-057,14.1,1.3
WO-00787,A-033,CORRECTIVE,HIGH,Preventive maintenance interval reached.,2025-10-07,2025-10-14,,OPEN,E-068,7.2,
WO-00788,A-115,INSPECTION,HIGH,Intermittent noise reported by field team.,2025-10-30,2025-11-06,,IN_PROGRESS,E-196,7.7,
WO-00789,A-021,CALIBRATION,MEDIUM,Intermittent noise reported by field team.,2026-06-10,2026-06-24,,DEFERRED,E-070,2.3,
WO-00790,A-093,CALIBRATION,MEDIUM,Temperature trend exceeded expected operating band.,2025-10-03,2025-10-17,,IN_PROGRESS,E-233,13.2,
WO-00791,A-105,INSPECTION,HIGH,Intermittent noise reported by field team.,2026-04-17,2026-04-24,2026-04-25,COMPLETED,E-161,1.5,8.5
WO-00792,A-098,PREVENTIVE,MEDIUM,Preventive maintenance interval reached.,2025-09-21,2025-10-05,,IN_PROGRESS,E-173,11.5,
WO-00793,A-084,PREVENTIVE,MEDIUM,Instrument reading requires calibration verification.,2026-01-10,2026-01-24,,OPEN,E-068,9.3,
WO-00794,A-006,INSPECTION,MEDIUM,Minor leakage indication requires inspection.,2025-09-30,2025-10-14,,IN_PROGRESS,E-094,5.0,
WO-00795,A-126,CALIBRATION,MEDIUM,Intermittent noise reported by field team.,2026-08-14,2026-08-28,,IN_PROGRESS,E-180,3.0,
WO-00796,A-089,PREVENTIVE,MEDIUM,Abnormal vibration observed during routine monitoring.,2026-05-17,2026-05-31,,IN_PROGRESS,E-219,15.9,
WO-00797,A-026,INSPECTION,MEDIUM,Abnormal vibration observed during routine monitoring.,2026-01-22,2026-02-05,2026-02-07,COMPLETED,E-152,14.5,17.3
WO-00798,A-029,INSPECTION,MEDIUM,Temperature trend exceeded expected operating band.,2026-03-01,2026-03-15,2026-03-18,COMPLETED,E-066,10.5,3.4
WO-00799,A-043,CALIBRATION,MEDIUM,Preventive maintenance interval reached.,2025-11-29,2025-12-13,2025-12-12,COMPLETED,E-107,6.4,17.9
WO-00800,A-011,CORRECTIVE,MEDIUM,Intermittent noise reported by field team.,2025-12-05,2025-12-19,,DEFERRED,E-234,10.2,
WO-00801,A-086,PREVENTIVE,HIGH,Intermittent noise reported by field team.,2025-11-06,2025-11-13,2025-11-10,COMPLETED,E-090,9.3,10.3
WO-00802,A-006,INSPECTION,MEDIUM,Temperature trend exceeded expected operating band.,2026-06-19,2026-07-03,,OPEN,E-084,4.6,
WO-00803,A-008,CALIBRATION,MEDIUM,Minor leakage indication requires inspection.,2025-09-13,2025-09-27,2025-09-23,COMPLETED,E-022,11.7,11.3
WO-00804,A-019,CALIBRATION,MEDIUM,Abnormal vibration observed during routine monitoring.,2026-05-30,2026-06-13,2026-06-21,COMPLETED,E-237,5.0,15.8
WO-00805,A-122,INSPECTION,MEDIUM,Instrument reading requires calibration verification.,2026-03-13,2026-03-27,2026-04-05,COMPLETED,E-015,12.6,2.4
WO-00806,A-045,INSPECTION,MEDIUM,Abnormal vibration observed during routine monitoring.,2025-10-27,2025-11-10,2025-11-20,COMPLETED,E-118,9.3,5.7
WO-00807,A-048,PREVENTIVE,MEDIUM,Intermittent noise reported by field team.,2026-04-28,2026-05-12,2026-05-09,COMPLETED,E-149,7.2,15.3
WO-00808,A-039,INSPECTION,HIGH,Temperature trend exceeded expected operating band.,2026-08-07,2026-08-14,2026-08-23,COMPLETED,E-229,1.0,2.0
WO-00809,A-035,CORRECTIVE,MEDIUM,Temperature trend exceeded expected operating band.,2025-09-22,2025-10-06,,IN_PROGRESS,E-142,7.7,
WO-00810,A-090,INSPECTION,HIGH,Instrument reading requires calibration verification.,2026-06-09,2026-06-16,,OPEN,E-076,5.8,
WO-00811,A-072,PREVENTIVE,MEDIUM,Abnormal vibration observed during routine monitoring.,2025-12-12,2025-12-26,,IN_PROGRESS,E-231,6.6,
WO-00812,A-104,CALIBRATION,LOW,Abnormal vibration observed during routine monitoring.,2025-12-21,2026-01-20,2026-01-26,COMPLETED,E-110,11.5,7.0
WO-00813,A-097,INSPECTION,LOW,Abnormal vibration observed during routine monitoring.,2025-10-23,2025-11-22,,DEFERRED,E-080,2.7,
WO-00814,A-059,CALIBRATION,MEDIUM,Instrument reading requires calibration verification.,2026-07-29,2026-08-12,2026-08-16,COMPLETED,E-067,2.7,6.7
WO-00815,A-061,CALIBRATION,MEDIUM,Temperature trend exceeded expected operating band.,2025-12-14,2025-12-28,2025-12-26,COMPLETED,E-182,14.6,4.9
WO-00816,A-017,INSPECTION,MEDIUM,Minor leakage indication requires inspection.,2025-09-25,2025-10-09,,OPEN,E-209,12.8,
WO-00817,A-121,CALIBRATION,HIGH,Minor leakage indication requires inspection.,2026-06-17,2026-06-24,,IN_PROGRESS,E-119,5.0,
WO-00818,A-098,CALIBRATION,URGENT,Temperature trend exceeded expected operating band.,2026-01-22,2026-01-24,2026-01-30,COMPLETED,E-026,3.2,16.6
WO-00819,A-083,INSPECTION,HIGH,Intermittent noise reported by field team.,2026-05-05,2026-05-12,,OPEN,E-186,1.2,
WO-00820,A-057,PREVENTIVE,HIGH,Abnormal vibration observed during routine monitoring.,2026-07-05,2026-07-12,2026-07-18,COMPLETED,E-039,3.5,2.8
WO-00821,A-053,CORRECTIVE,MEDIUM,Instrument reading requires calibration verification.,2026-04-19,2026-05-03,,DEFERRED,E-214,13.0,
WO-00822,A-021,CALIBRATION,MEDIUM,Abnormal vibration observed during routine monitoring.,2026-06-02,2026-06-16,2026-06-13,COMPLETED,E-185,14.4,6.2
WO-00823,A-037,CORRECTIVE,LOW,Temperature trend exceeded expected operating band.,2026-07-18,2026-08-17,,IN_PROGRESS,E-074,8.2,
WO-00824,A-043,PREVENTIVE,LOW,Intermittent noise reported by field team.,2025-11-28,2025-12-28,2026-01-03,COMPLETED,E-217,11.0,12.2
WO-00825,A-094,PREVENTIVE,MEDIUM,Instrument reading requires calibration verification.,2025-09-06,2025-09-20,2025-09-28,COMPLETED,E-236,3.4,4.6
WO-00826,A-111,CALIBRATION,HIGH,Abnormal vibration observed during routine monitoring.,2026-04-20,2026-04-27,,IN_PROGRESS,E-142,8.6,
WO-00827,A-112,INSPECTION,MEDIUM,Minor leakage indication requires inspection.,2026-06-04,2026-06-18,,IN_PROGRESS,E-082,8.7,
WO-00828,A-020,INSPECTION,HIGH,Abnormal vibration observed during routine monitoring.,2025-11-02,2025-11-09,2025-11-17,COMPLETED,E-045,2.6,10.6
WO-00829,A-070,INSPECTION,HIGH,Abnormal vibration observed during routine monitoring.,2026-04-27,2026-05-04,2026-05-09,COMPLETED,E-185,10.2,7.6
WO-00830,A-017,CALIBRATION,MEDIUM,Temperature trend exceeded expected operating band.,2026-04-06,2026-04-20,,OPEN,E-172,8.9,
WO-00831,A-057,INSPECTION,MEDIUM,Preventive maintenance interval reached.,2026-04-17,2026-05-01,2026-05-05,COMPLETED,E-234,11.2,3.0
WO-00832,A-083,CALIBRATION,MEDIUM,Intermittent noise reported by field team.,2026-05-23,2026-06-06,2026-06-15,COMPLETED,E-200,8.9,3.2
WO-00833,A-033,PREVENTIVE,URGENT,Instrument reading requires calibration verification.,2025-10-04,2025-10-06,2025-10-11,COMPLETED,E-137,6.1,14.1
WO-00834,A-115,INSPECTION,HIGH,Intermittent noise reported by field team.,2026-01-06,2026-01-13,2026-01-12,COMPLETED,E-226,2.6,10.4
WO-00835,A-122,INSPECTION,MEDIUM,Intermittent noise reported by field team.,2026-04-22,2026-05-06,2026-05-05,COMPLETED,E-054,5.0,3.4
WO-00836,A-069,INSPECTION,LOW,Minor leakage indication requires inspection.,2025-10-12,2025-11-11,2025-11-11,COMPLETED,E-086,3.9,17.2
WO-00837,A-027,INSPECTION,MEDIUM,Temperature trend exceeded expected operating band.,2025-11-27,2025-12-11,2025-12-16,COMPLETED,E-041,5.1,17.6
WO-00838,A-044,CORRECTIVE,MEDIUM,Temperature trend exceeded expected operating band.,2026-08-18,2026-09-01,2026-08-31,COMPLETED,E-171,6.2,10.7
WO-00839,A-049,INSPECTION,MEDIUM,Temperature trend exceeded expected operating band.,2025-09-24,2025-10-08,2025-10-04,COMPLETED,E-099,6.9,4.2
WO-00840,A-127,CALIBRATION,URGENT,Intermittent noise reported by field team.,2026-07-05,2026-07-07,,OPEN,E-174,1.8,
WO-00841,A-125,CORRECTIVE,MEDIUM,Instrument reading requires calibration verification.,2025-11-08,2025-11-22,2025-11-24,COMPLETED,E-202,15.4,5.1
WO-00842,A-074,CORRECTIVE,HIGH,Instrument reading requires calibration verification.,2025-09-08,2025-09-15,,IN_PROGRESS,E-097,3.2,
WO-00843,A-006,CORRECTIVE,MEDIUM,Preventive maintenance interval reached.,2026-04-22,2026-05-06,,IN_PROGRESS,E-101,14.4,
WO-00844,A-097,CALIBRATION,HIGH,Preventive maintenance interval reached.,2026-04-11,2026-04-18,2026-04-20,COMPLETED,E-090,11.2,13.4
WO-00845,A-062,CALIBRATION,LOW,Instrument reading requires calibration verification.,2026-06-06,2026-07-06,,DEFERRED,E-108,14.4,
WO-00846,A-023,CORRECTIVE,LOW,Abnormal vibration observed during routine monitoring.,2026-05-02,2026-06-01,2026-06-07,COMPLETED,E-014,8.9,7.9
WO-00847,A-058,INSPECTION,HIGH,Temperature trend exceeded expected operating band.,2026-01-02,2026-01-09,,DEFERRED,E-127,2.2,
WO-00848,A-111,PREVENTIVE,MEDIUM,Instrument reading requires calibration verification.,2026-05-26,2026-06-09,2026-06-11,COMPLETED,E-094,14.1,2.4
WO-00849,A-035,PREVENTIVE,LOW,Minor leakage indication requires inspection.,2025-10-29,2025-11-28,,OPEN,E-142,7.1,
WO-00850,A-126,PREVENTIVE,MEDIUM,Preventive maintenance interval reached.,2026-01-30,2026-02-13,2026-02-23,COMPLETED,E-157,13.3,12.9
WO-00851,A-057,PREVENTIVE,LOW,Temperature trend exceeded expected operating band.,2026-08-15,2026-09-14,,OPEN,E-029,11.0,
WO-00852,A-121,CALIBRATION,MEDIUM,Temperature trend exceeded expected operating band.,2026-03-01,2026-03-15,,OPEN,E-087,6.9,
WO-00853,A-127,CORRECTIVE,LOW,Minor leakage indication requires inspection.,2026-03-17,2026-04-16,,OPEN,E-214,10.4,
WO-00854,A-030,CALIBRATION,MEDIUM,Abnormal vibration observed during routine monitoring.,2026-01-29,2026-02-12,,OPEN,E-153,9.2,
WO-00855,A-101,PREVENTIVE,MEDIUM,Minor leakage indication requires inspection.,2026-01-19,2026-02-02,2026-02-04,COMPLETED,E-051,11.4,7.0
WO-00856,A-055,CORRECTIVE,LOW,Preventive maintenance interval reached.,2026-07-08,2026-08-07,2026-08-16,COMPLETED,E-097,6.6,17.6
WO-00857,A-095,INSPECTION,MEDIUM,Abnormal vibration observed during routine monitoring.,2025-11-08,2025-11-22,2025-12-01,COMPLETED,E-006,9.6,9.0
WO-00858,A-022,CALIBRATION,LOW,Abnormal vibration observed during routine monitoring.,2026-05-27,2026-06-26,2026-07-02,COMPLETED,E-112,9.6,11.0
WO-00859,A-046,CALIBRATION,HIGH,Instrument reading requires calibration verification.,2026-08-03,2026-08-10,,DEFERRED,E-044,14.6,
WO-00860,A-096,CORRECTIVE,LOW,Intermittent noise reported by field team.,2025-12-13,2026-01-12,2026-01-18,COMPLETED,E-181,14.2,11.4
WO-00861,A-127,PREVENTIVE,MEDIUM,Instrument reading requires calibration verification.,2026-03-12,2026-03-26,2026-03-31,COMPLETED,E-165,1.7,5.3
WO-00862,A-086,CALIBRATION,HIGH,Intermittent noise reported by field team.,2026-03-18,2026-03-25,2026-04-04,COMPLETED,E-227,14.0,11.2
WO-00863,A-086,CALIBRATION,MEDIUM,Minor leakage indication requires inspection.,2026-05-16,2026-05-30,2026-05-29,COMPLETED,E-089,4.6,12.9
WO-00864,A-045,CALIBRATION,MEDIUM,Abnormal vibration observed during routine monitoring.,2026-06-18,2026-07-02,2026-07-12,COMPLETED,E-153,13.2,3.9
WO-00865,A-052,CALIBRATION,HIGH,Abnormal vibration observed during routine monitoring.,2026-07-08,2026-07-15,2026-07-11,COMPLETED,E-195,2.9,13.4
WO-00866,A-113,CORRECTIVE,HIGH,Preventive maintenance interval reached.,2026-05-26,2026-06-02,2026-05-30,COMPLETED,E-103,13.1,1.2
WO-00867,A-059,CORRECTIVE,MEDIUM,Temperature trend exceeded expected operating band.,2025-09-24,2025-10-08,2025-10-07,COMPLETED,E-160,5.5,8.1
WO-00868,A-113,PREVENTIVE,MEDIUM,Abnormal vibration observed during routine monitoring.,2026-01-08,2026-01-22,2026-01-24,COMPLETED,E-154,9.8,9.1
WO-00869,A-113,PREVENTIVE,HIGH,Temperature trend exceeded expected operating band.,2026-07-09,2026-07-16,2026-07-18,COMPLETED,E-031,3.5,17.9
WO-00870,A-120,CORRECTIVE,MEDIUM,Minor leakage indication requires inspection.,2026-07-21,2026-08-04,2026-08-13,COMPLETED,E-118,11.6,17.3
WO-00871,A-095,CALIBRATION,MEDIUM,Temperature trend exceeded expected operating band.,2025-12-31,2026-01-14,2026-01-20,COMPLETED,E-004,7.1,14.3
WO-00872,A-037,PREVENTIVE,MEDIUM,Temperature trend exceeded expected operating band.,2026-07-20,2026-08-03,,OPEN,E-215,11.7,
WO-00873,A-029,INSPECTION,MEDIUM,Temperature trend exceeded expected operating band.,2025-12-20,2026-01-03,2026-01-12,COMPLETED,E-122,13.2,4.3
WO-00874,A-115,CALIBRATION,LOW,Intermittent noise reported by field team.,2025-09-26,2025-10-26,2025-10-25,COMPLETED,E-222,7.7,4.4
WO-00875,A-121,INSPECTION,URGENT,Preventive maintenance interval reached.,2026-08-09,2026-08-11,2026-08-08,COMPLETED,E-223,5.9,7.0
WO-00876,A-128,CALIBRATION,MEDIUM,Abnormal vibration observed during routine monitoring.,2025-10-14,2025-10-28,,OPEN,E-222,10.1,
WO-00877,A-002,INSPECTION,MEDIUM,Abnormal vibration observed during routine monitoring.,2026-06-25,2026-07-09,,OPEN,E-119,4.4,
WO-00878,A-092,CORRECTIVE,URGENT,Minor leakage indication requires inspection.,2026-01-16,2026-01-18,2026-01-13,COMPLETED,E-168,4.5,5.7
WO-00879,A-059,CORRECTIVE,MEDIUM,Instrument reading requires calibration verification.,2026-07-29,2026-08-12,2026-08-22,COMPLETED,E-183,14.5,12.6
WO-00880,A-054,CALIBRATION,URGENT,Preventive maintenance interval reached.,2025-09-10,2025-09-12,,IN_PROGRESS,E-230,9.2,
WO-00881,A-044,CALIBRATION,MEDIUM,Preventive maintenance interval reached.,2025-10-09,2025-10-23,,DEFERRED,E-135,8.2,
WO-00882,A-063,PREVENTIVE,URGENT,Preventive maintenance interval reached.,2025-12-03,2025-12-05,2025-12-03,COMPLETED,E-204,2.7,6.5
WO-00883,A-086,CORRECTIVE,HIGH,Temperature trend exceeded expected operating band.,2026-01-05,2026-01-12,2026-01-07,COMPLETED,E-057,13.9,15.9
WO-00884,A-124,CORRECTIVE,HIGH,Temperature trend exceeded expected operating band.,2026-07-18,2026-07-25,2026-07-27,COMPLETED,E-130,12.2,12.6
WO-00885,A-126,PREVENTIVE,MEDIUM,Instrument reading requires calibration verification.,2026-04-13,2026-04-27,2026-05-06,COMPLETED,E-136,14.5,16.9
WO-00886,A-023,PREVENTIVE,MEDIUM,Preventive maintenance interval reached.,2025-12-14,2025-12-28,,IN_PROGRESS,E-002,4.4,
WO-00887,A-015,CALIBRATION,MEDIUM,Abnormal vibration observed during routine monitoring.,2025-11-27,2025-12-11,2025-12-20,COMPLETED,E-147,2.5,5.3
WO-00888,A-110,INSPECTION,LOW,Preventive maintenance interval reached.,2025-09-11,2025-10-11,2025-10-20,COMPLETED,E-166,7.6,9.2
WO-00889,A-064,INSPECTION,MEDIUM,Preventive maintenance interval reached.,2025-11-23,2025-12-07,2025-12-09,COMPLETED,E-054,5.9,9.9
WO-00890,A-011,CALIBRATION,MEDIUM,Minor leakage indication requires inspection.,2025-09-05,2025-09-19,2025-09-25,COMPLETED,E-214,8.4,11.7
WO-00891,A-041,CALIBRATION,LOW,Abnormal vibration observed during routine monitoring.,2026-02-13,2026-03-15,,IN_PROGRESS,E-104,15.3,
WO-00892,A-046,CORRECTIVE,MEDIUM,Abnormal vibration observed during routine monitoring.,2025-11-09,2025-11-23,2025-11-30,COMPLETED,E-129,10.8,10.9
WO-00893,A-104,INSPECTION,MEDIUM,Temperature trend exceeded expected operating band.,2026-03-07,2026-03-21,2026-03-22,COMPLETED,E-190,8.9,13.8
WO-00894,A-062,PREVENTIVE,HIGH,Minor leakage indication requires inspection.,2026-04-25,2026-05-02,2026-05-12,COMPLETED,E-234,14.9,8.5
WO-00895,A-053,CALIBRATION,MEDIUM,Preventive maintenance interval reached.,2025-10-25,2025-11-08,,IN_PROGRESS,E-110,2.0,
WO-00896,A-048,CALIBRATION,MEDIUM,Instrument reading requires calibration verification.,2026-04-08,2026-04-22,,OPEN,E-211,15.0,
WO-00897,A-009,PREVENTIVE,MEDIUM,Minor leakage indication requires inspection.,2025-08-31,2025-09-14,,IN_PROGRESS,E-096,9.4,
WO-00898,A-001,CALIBRATION,MEDIUM,Temperature trend exceeded expected operating band.,2026-02-21,2026-03-07,2026-03-09,COMPLETED,E-058,10.8,12.8
WO-00899,A-104,CORRECTIVE,HIGH,Abnormal vibration observed during routine monitoring.,2026-05-19,2026-05-26,,IN_PROGRESS,E-129,11.2,
WO-00900,A-095,PREVENTIVE,MEDIUM,Intermittent noise reported by field team.,2025-12-03,2025-12-17,,OPEN,E-107,4.6,
WO-00901,A-123,CALIBRATION,MEDIUM,Abnormal vibration observed during routine monitoring.,2026-03-29,2026-04-12,2026-04-21,COMPLETED,E-113,2.0,2.1
WO-00902,A-103,CALIBRATION,HIGH,Temperature trend exceeded expected operating band.,2026-03-20,2026-03-27,,OPEN,E-089,2.2,
WO-00903,A-085,PREVENTIVE,MEDIUM,Abnormal vibration observed during routine monitoring.,2026-08-21,2026-09-04,2026-08-31,COMPLETED,E-204,6.4,11.4
WO-00904,A-080,CORRECTIVE,HIGH,Instrument reading requires calibration verification.,2026-08-21,2026-08-28,2026-08-27,COMPLETED,E-059,9.0,16.3
WO-00905,A-075,CORRECTIVE,MEDIUM,Instrument reading requires calibration verification.,2026-06-08,2026-06-22,2026-06-26,COMPLETED,E-040,6.6,9.9
WO-00906,A-021,CALIBRATION,HIGH,Preventive maintenance interval reached.,2026-07-27,2026-08-03,2026-08-04,COMPLETED,E-023,4.2,5.9
WO-00907,A-008,CORRECTIVE,MEDIUM,Intermittent noise reported by field team.,2025-10-31,2025-11-14,2025-11-21,COMPLETED,E-214,12.6,17.8
WO-00908,A-048,CORRECTIVE,MEDIUM,Temperature trend exceeded expected operating band.,2025-11-30,2025-12-14,,IN_PROGRESS,E-049,11.0,
WO-00909,A-072,CORRECTIVE,HIGH,Intermittent noise reported by field team.,2025-08-31,2025-09-07,2025-09-09,COMPLETED,E-112,7.3,15.9
WO-00910,A-075,CALIBRATION,MEDIUM,Instrument reading requires calibration verification.,2025-10-13,2025-10-27,,OPEN,E-230,13.6,
WO-00911,A-037,CALIBRATION,LOW,Intermittent noise reported by field team.,2025-11-21,2025-12-21,,IN_PROGRESS,E-202,7.6,
WO-00912,A-090,INSPECTION,MEDIUM,Instrument reading requires calibration verification.,2026-03-24,2026-04-07,2026-04-14,COMPLETED,E-037,12.2,2.9
WO-00913,A-111,PREVENTIVE,MEDIUM,Minor leakage indication requires inspection.,2026-04-18,2026-05-02,2026-05-05,COMPLETED,E-025,5.3,14.0
WO-00914,A-052,INSPECTION,LOW,Temperature trend exceeded expected operating band.,2026-07-19,2026-08-18,2026-08-21,COMPLETED,E-064,6.0,12.5
WO-00915,A-016,INSPECTION,HIGH,Abnormal vibration observed during routine monitoring.,2026-02-21,2026-02-28,2026-02-24,COMPLETED,E-032,7.0,1.4
WO-00916,A-013,INSPECTION,MEDIUM,Intermittent noise reported by field team.,2025-09-09,2025-09-23,,IN_PROGRESS,E-014,14.7,
WO-00917,A-066,PREVENTIVE,MEDIUM,Instrument reading requires calibration verification.,2025-12-09,2025-12-23,2025-12-20,COMPLETED,E-108,2.1,9.1
WO-00918,A-021,CORRECTIVE,MEDIUM,Preventive maintenance interval reached.,2025-12-11,2025-12-25,2025-12-23,COMPLETED,E-058,9.3,3.8
WO-00919,A-043,INSPECTION,HIGH,Abnormal vibration observed during routine monitoring.,2026-08-19,2026-08-26,2026-08-26,COMPLETED,E-007,2.7,18.0
WO-00920,A-072,CORRECTIVE,LOW,Preventive maintenance interval reached.,2025-10-28,2025-11-27,2025-11-27,COMPLETED,E-023,12.9,5.5
WO-00921,A-018,INSPECTION,MEDIUM,Preventive maintenance interval reached.,2026-06-18,2026-07-02,2026-07-11,COMPLETED,E-179,2.1,3.9
WO-00922,A-110,CORRECTIVE,LOW,Instrument reading requires calibration verification.,2026-04-12,2026-05-12,,OPEN,E-235,5.8,
WO-00923,A-072,CALIBRATION,MEDIUM,Minor leakage indication requires inspection.,2026-08-04,2026-08-18,2026-08-24,COMPLETED,E-086,11.0,2.0
WO-00924,A-110,CALIBRATION,MEDIUM,Intermittent noise reported by field team.,2026-03-22,2026-04-05,2026-04-09,COMPLETED,E-008,6.2,16.9
WO-00925,A-047,PREVENTIVE,MEDIUM,Intermittent noise reported by field team.,2026-08-01,2026-08-15,,IN_PROGRESS,E-099,9.4,
WO-00926,A-089,CALIBRATION,MEDIUM,Preventive maintenance interval reached.,2026-01-11,2026-01-25,2026-01-21,COMPLETED,E-231,6.5,2.4
WO-00927,A-013,PREVENTIVE,MEDIUM,Abnormal vibration observed during routine monitoring.,2026-05-29,2026-06-12,2026-06-22,COMPLETED,E-083,13.8,15.9
WO-00928,A-088,INSPECTION,HIGH,Intermittent noise reported by field team.,2026-06-14,2026-06-21,,OPEN,E-100,6.1,
WO-00929,A-036,INSPECTION,HIGH,Temperature trend exceeded expected operating band.,2026-05-18,2026-05-25,2026-05-22,COMPLETED,E-179,13.2,5.6
WO-00930,A-035,INSPECTION,LOW,Minor leakage indication requires inspection.,2025-12-31,2026-01-30,2026-01-30,COMPLETED,E-184,10.3,17.2
WO-00931,A-092,CORRECTIVE,MEDIUM,Abnormal vibration observed during routine monitoring.,2026-02-21,2026-03-07,2026-03-10,COMPLETED,E-088,1.6,2.7
WO-00932,A-044,INSPECTION,MEDIUM,Preventive maintenance interval reached.,2026-06-19,2026-07-03,,OPEN,E-122,9.2,
WO-00933,A-093,PREVENTIVE,LOW,Abnormal vibration observed during routine monitoring.,2026-03-13,2026-04-12,,IN_PROGRESS,E-152,5.4,
WO-00934,A-073,PREVENTIVE,MEDIUM,Abnormal vibration observed during routine monitoring.,2026-08-11,2026-08-25,,IN_PROGRESS,E-011,13.1,
WO-00935,A-081,INSPECTION,URGENT,Abnormal vibration observed during routine monitoring.,2025-10-20,2025-10-22,2025-10-21,COMPLETED,E-044,10.1,7.9
WO-00936,A-072,INSPECTION,MEDIUM,Minor leakage indication requires inspection.,2026-04-03,2026-04-17,2026-04-27,COMPLETED,E-068,2.3,5.4
WO-00937,A-108,INSPECTION,MEDIUM,Preventive maintenance interval reached.,2025-09-16,2025-09-30,2025-10-09,COMPLETED,E-057,1.8,15.8
WO-00938,A-093,PREVENTIVE,MEDIUM,Intermittent noise reported by field team.,2025-09-28,2025-10-12,2025-10-19,COMPLETED,E-143,12.2,13.7
WO-00939,A-029,CALIBRATION,LOW,Instrument reading requires calibration verification.,2025-12-11,2026-01-10,,OPEN,E-123,14.2,
WO-00940,A-021,CORRECTIVE,MEDIUM,Intermittent noise reported by field team.,2026-07-03,2026-07-17,2026-07-17,COMPLETED,E-216,5.9,15.7
WO-00941,A-108,INSPECTION,MEDIUM,Instrument reading requires calibration verification.,2026-05-02,2026-05-16,2026-05-19,COMPLETED,E-099,14.8,2.8
WO-00942,A-019,INSPECTION,MEDIUM,Minor leakage indication requires inspection.,2026-04-06,2026-04-20,,OPEN,E-095,2.9,
WO-00943,A-092,PREVENTIVE,MEDIUM,Intermittent noise reported by field team.,2026-07-02,2026-07-16,2026-07-16,COMPLETED,E-113,8.5,13.0
WO-00944,A-119,CORRECTIVE,MEDIUM,Minor leakage indication requires inspection.,2026-08-11,2026-08-25,2026-08-27,COMPLETED,E-044,14.8,11.5
WO-00945,A-092,INSPECTION,MEDIUM,Temperature trend exceeded expected operating band.,2026-06-26,2026-07-10,,IN_PROGRESS,E-178,3.2,
WO-00946,A-022,INSPECTION,MEDIUM,Instrument reading requires calibration verification.,2026-08-12,2026-08-26,2026-08-29,COMPLETED,E-122,5.5,14.0
WO-00947,A-059,CORRECTIVE,MEDIUM,Temperature trend exceeded expected operating band.,2026-06-20,2026-07-04,,IN_PROGRESS,E-227,13.0,
WO-00948,A-016,CORRECTIVE,HIGH,Intermittent noise reported by field team.,2026-01-16,2026-01-23,2026-01-21,COMPLETED,E-124,9.5,15.3
WO-00949,A-074,PREVENTIVE,MEDIUM,Minor leakage indication requires inspection.,2026-04-27,2026-05-11,,DEFERRED,E-203,13.8,
WO-00950,A-099,PREVENTIVE,HIGH,Minor leakage indication requires inspection.,2025-12-13,2025-12-20,,OPEN,E-037,3.1,
WO-00951,A-113,CORRECTIVE,HIGH,Instrument reading requires calibration verification.,2025-11-22,2025-11-29,,IN_PROGRESS,E-019,8.5,
WO-00952,A-088,INSPECTION,MEDIUM,Abnormal vibration observed during routine monitoring.,2026-02-19,2026-03-05,2026-03-07,COMPLETED,E-178,3.0,11.3
WO-00953,A-126,CALIBRATION,MEDIUM,Intermittent noise reported by field team.,2025-10-08,2025-10-22,,IN_PROGRESS,E-057,3.0,
WO-00954,A-128,PREVENTIVE,MEDIUM,Minor leakage indication requires inspection.,2026-05-14,2026-05-28,,OPEN,E-007,6.7,
WO-00955,A-075,PREVENTIVE,LOW,Abnormal vibration observed during routine monitoring.,2026-07-01,2026-07-31,,OPEN,E-019,9.5,
WO-00956,A-042,PREVENTIVE,HIGH,Intermittent noise reported by field team.,2026-07-11,2026-07-18,2026-07-25,COMPLETED,E-119,11.5,2.6
WO-00957,A-001,CORRECTIVE,MEDIUM,Temperature trend exceeded expected operating band.,2025-12-02,2025-12-16,2025-12-20,COMPLETED,E-161,5.1,16.8
WO-00958,A-117,CORRECTIVE,MEDIUM,Minor leakage indication requires inspection.,2025-09-16,2025-09-30,2025-09-26,COMPLETED,E-037,5.6,9.5
WO-00959,A-008,CORRECTIVE,URGENT,Abnormal vibration observed during routine monitoring.,2025-09-08,2025-09-10,2025-09-14,COMPLETED,E-147,1.8,13.2
WO-00960,A-092,PREVENTIVE,MEDIUM,Abnormal vibration observed during routine monitoring.,2026-07-02,2026-07-16,2026-07-14,COMPLETED,E-004,12.6,4.4
WO-00961,A-067,INSPECTION,HIGH,Temperature trend exceeded expected operating band.,2026-06-20,2026-06-27,2026-06-27,COMPLETED,E-236,11.6,2.4
WO-00962,A-116,CORRECTIVE,MEDIUM,Instrument reading requires calibration verification.,2026-06-11,2026-06-25,2026-06-29,COMPLETED,E-128,9.9,3.6
WO-00963,A-090,CORRECTIVE,MEDIUM,Temperature trend exceeded expected operating band.,2025-11-21,2025-12-05,,IN_PROGRESS,E-143,6.3,
WO-00964,A-002,CALIBRATION,HIGH,Intermittent noise reported by field team.,2026-05-30,2026-06-06,,OPEN,E-201,7.2,
WO-00965,A-040,CORRECTIVE,LOW,Temperature trend exceeded expected operating band.,2026-03-29,2026-04-28,,OPEN,E-085,13.5,
WO-00966,A-090,PREVENTIVE,MEDIUM,Abnormal vibration observed during routine monitoring.,2026-06-30,2026-07-14,2026-07-11,COMPLETED,E-103,10.2,14.3
WO-00967,A-010,PREVENTIVE,HIGH,Instrument reading requires calibration verification.,2025-10-11,2025-10-18,2025-10-22,COMPLETED,E-032,6.5,11.7
WO-00968,A-067,INSPECTION,MEDIUM,Temperature trend exceeded expected operating band.,2026-05-01,2026-05-15,2026-05-14,COMPLETED,E-033,1.6,12.1
WO-00969,A-047,CALIBRATION,MEDIUM,Intermittent noise reported by field team.,2025-10-18,2025-11-01,2025-11-06,COMPLETED,E-158,9.3,14.0
WO-00970,A-125,CORRECTIVE,HIGH,Abnormal vibration observed during routine monitoring.,2026-01-01,2026-01-08,,OPEN,E-205,3.3,
WO-00971,A-081,PREVENTIVE,LOW,Abnormal vibration observed during routine monitoring.,2026-01-07,2026-02-06,2026-02-13,COMPLETED,E-133,4.0,15.9
WO-00972,A-107,CALIBRATION,HIGH,Abnormal vibration observed during routine monitoring.,2026-05-12,2026-05-19,2026-05-15,COMPLETED,E-019,3.6,4.4
WO-00973,A-077,CORRECTIVE,LOW,Abnormal vibration observed during routine monitoring.,2026-06-19,2026-07-19,2026-07-27,COMPLETED,E-172,11.3,9.6
WO-00974,A-080,PREVENTIVE,LOW,Preventive maintenance interval reached.,2025-09-10,2025-10-10,2025-10-18,COMPLETED,E-058,13.1,15.7
WO-00975,A-028,INSPECTION,HIGH,Preventive maintenance interval reached.,2026-01-18,2026-01-25,,OPEN,E-196,9.2,
WO-00976,A-011,PREVENTIVE,HIGH,Intermittent noise reported by field team.,2025-11-22,2025-11-29,2025-12-01,COMPLETED,E-182,15.9,11.3
WO-00977,A-101,INSPECTION,LOW,Preventive maintenance interval reached.,2025-11-23,2025-12-23,,OPEN,E-018,15.3,
WO-00978,A-037,INSPECTION,MEDIUM,Minor leakage indication requires inspection.,2025-11-26,2025-12-10,,IN_PROGRESS,E-005,6.3,
WO-00979,A-068,CORRECTIVE,MEDIUM,Abnormal vibration observed during routine monitoring.,2026-08-15,2026-08-29,2026-08-29,COMPLETED,E-205,4.9,6.5
WO-00980,A-046,CORRECTIVE,MEDIUM,Minor leakage indication requires inspection.,2026-05-05,2026-05-19,2026-05-28,COMPLETED,E-107,5.1,4.9
WO-00981,A-001,PREVENTIVE,HIGH,Temperature trend exceeded expected operating band.,2026-05-10,2026-05-17,,OPEN,E-101,7.4,
WO-00982,A-073,CALIBRATION,MEDIUM,Instrument reading requires calibration verification.,2026-02-25,2026-03-11,,OPEN,E-145,15.8,
WO-00983,A-120,PREVENTIVE,MEDIUM,Intermittent noise reported by field team.,2026-07-23,2026-08-06,2026-08-01,COMPLETED,E-120,12.9,16.6
WO-00984,A-089,CORRECTIVE,HIGH,Intermittent noise reported by field team.,2025-12-27,2026-01-03,2025-12-29,COMPLETED,E-052,13.8,10.3
WO-00985,A-037,PREVENTIVE,MEDIUM,Temperature trend exceeded expected operating band.,2026-01-31,2026-02-14,,IN_PROGRESS,E-070,12.2,
WO-00986,A-012,CALIBRATION,MEDIUM,Abnormal vibration observed during routine monitoring.,2026-04-09,2026-04-23,2026-04-30,COMPLETED,E-027,1.3,8.1
WO-00987,A-031,INSPECTION,URGENT,Instrument reading requires calibration verification.,2025-09-03,2025-09-05,2025-09-11,COMPLETED,E-045,14.1,13.8
WO-00988,A-027,PREVENTIVE,MEDIUM,Intermittent noise reported by field team.,2026-01-09,2026-01-23,2026-01-19,COMPLETED,E-130,10.6,3.9
WO-00989,A-078,CORRECTIVE,MEDIUM,Minor leakage indication requires inspection.,2025-09-01,2025-09-15,2025-09-25,COMPLETED,E-215,11.8,2.6
WO-00990,A-040,PREVENTIVE,HIGH,Intermittent noise reported by field team.,2026-04-06,2026-04-13,,IN_PROGRESS,E-143,2.9,
WO-00991,A-006,PREVENTIVE,MEDIUM,Intermittent noise reported by field team.,2026-07-01,2026-07-15,,DEFERRED,E-019,11.0,
WO-00992,A-091,PREVENTIVE,URGENT,Abnormal vibration observed during routine monitoring.,2026-03-07,2026-03-09,2026-03-12,COMPLETED,E-159,15.0,15.8
WO-00993,A-048,INSPECTION,LOW,Temperature trend exceeded expected operating band.,2026-01-15,2026-02-14,,IN_PROGRESS,E-170,1.8,
WO-00994,A-019,CORRECTIVE,MEDIUM,Intermittent noise reported by field team.,2025-12-05,2025-12-19,,IN_PROGRESS,E-113,15.1,
WO-00995,A-063,CORRECTIVE,LOW,Temperature trend exceeded expected operating band.,2025-11-21,2025-12-21,,IN_PROGRESS,E-135,9.9,
WO-00996,A-046,PREVENTIVE,HIGH,Abnormal vibration observed during routine monitoring.,2025-12-31,2026-01-07,2026-01-05,COMPLETED,E-175,7.6,16.8
WO-00997,A-042,PREVENTIVE,MEDIUM,Temperature trend exceeded expected operating band.,2026-05-12,2026-05-26,2026-05-26,COMPLETED,E-047,10.9,6.2
WO-00998,A-107,CALIBRATION,MEDIUM,Temperature trend exceeded expected operating band.,2026-06-26,2026-07-10,,OPEN,E-068,5.2,
WO-00999,A-106,CALIBRATION,MEDIUM,Temperature trend exceeded expected operating band.,2025-10-30,2025-11-13,2025-11-12,COMPLETED,E-130,14.4,11.8
WO-01000,A-029,CORRECTIVE,LOW,Intermittent noise reported by field team.,2026-05-19,2026-06-18,,DEFERRED,E-034,15.6,
WO-01001,A-016,CORRECTIVE,URGENT,Instrument reading requires calibration verification.,2026-04-14,2026-04-16,2026-04-19,COMPLETED,E-182,6.0,17.9
WO-01002,A-077,CALIBRATION,HIGH,Instrument reading requires calibration verification.,2026-07-10,2026-07-17,,OPEN,E-056,5.5,
WO-01003,A-120,INSPECTION,HIGH,Instrument reading requires calibration verification.,2026-06-12,2026-06-19,,IN_PROGRESS,E-131,14.7,
WO-01004,A-087,PREVENTIVE,HIGH,Abnormal vibration observed during routine monitoring.,2026-04-06,2026-04-13,2026-04-10,COMPLETED,E-072,1.6,16.4
WO-01005,A-051,PREVENTIVE,LOW,Instrument reading requires calibration verification.,2026-05-29,2026-06-28,2026-06-24,COMPLETED,E-212,2.7,3.1
WO-01006,A-119,INSPECTION,URGENT,Instrument reading requires calibration verification.,2026-01-06,2026-01-08,2026-01-14,COMPLETED,E-085,1.3,12.3
WO-01007,A-123,INSPECTION,MEDIUM,Preventive maintenance interval reached.,2026-01-06,2026-01-20,2026-01-28,COMPLETED,E-235,1.9,13.2
WO-01008,A-093,CALIBRATION,URGENT,Instrument reading requires calibration verification.,2025-10-06,2025-10-08,2025-10-07,COMPLETED,E-215,2.6,11.4
WO-01009,A-099,INSPECTION,HIGH,Instrument reading requires calibration verification.,2026-08-23,2026-08-30,2026-09-05,COMPLETED,E-105,11.3,14.4
WO-01010,A-012,PREVENTIVE,LOW,Temperature trend exceeded expected operating band.,2025-09-06,2025-10-06,,DEFERRED,E-080,8.4,
WO-01011,A-090,CALIBRATION,LOW,Intermittent noise reported by field team.,2026-08-14,2026-09-13,2026-09-11,COMPLETED,E-076,4.8,14.8
WO-01012,A-038,CORRECTIVE,MEDIUM,Preventive maintenance interval reached.,2026-03-26,2026-04-09,,IN_PROGRESS,E-055,11.9,
WO-01013,A-076,PREVENTIVE,MEDIUM,Instrument reading requires calibration verification.,2025-09-17,2025-10-01,2025-09-26,COMPLETED,E-183,15.5,12.1
WO-01014,A-127,PREVENTIVE,HIGH,Minor leakage indication requires inspection.,2026-02-19,2026-02-26,2026-03-07,COMPLETED,E-143,7.5,7.9
WO-01015,A-112,CORRECTIVE,MEDIUM,Instrument reading requires calibration verification.,2026-08-18,2026-09-01,,OPEN,E-167,2.6,
WO-01016,A-093,CALIBRATION,MEDIUM,Temperature trend exceeded expected operating band.,2026-05-04,2026-05-18,,OPEN,E-103,9.8,
WO-01017,A-111,CALIBRATION,MEDIUM,Temperature trend exceeded expected operating band.,2026-05-21,2026-06-04,2026-06-10,COMPLETED,E-057,2.2,9.4
WO-01018,A-050,CORRECTIVE,MEDIUM,Instrument reading requires calibration verification.,2026-03-02,2026-03-16,2026-03-16,COMPLETED,E-180,3.1,8.8
WO-01019,A-075,CALIBRATION,HIGH,Temperature trend exceeded expected operating band.,2025-11-16,2025-11-23,,IN_PROGRESS,E-067,8.4,
WO-01020,A-028,CALIBRATION,LOW,Preventive maintenance interval reached.,2025-11-16,2025-12-16,2025-12-15,COMPLETED,E-200,4.2,6.1
WO-01021,A-051,CORRECTIVE,LOW,Minor leakage indication requires inspection.,2026-01-13,2026-02-12,2026-02-07,COMPLETED,E-139,10.7,2.3
WO-01022,A-035,PREVENTIVE,HIGH,Preventive maintenance interval reached.,2026-05-04,2026-05-11,,IN_PROGRESS,E-200,7.8,
WO-01023,A-094,PREVENTIVE,MEDIUM,Preventive maintenance interval reached.,2026-07-09,2026-07-23,2026-07-23,COMPLETED,E-166,5.1,10.6
WO-01024,A-125,CORRECTIVE,MEDIUM,Temperature trend exceeded expected operating band.,2025-09-12,2025-09-26,,OPEN,E-130,3.1,
WO-01025,A-003,CORRECTIVE,MEDIUM,Minor leakage indication requires inspection.,2025-09-28,2025-10-12,,DEFERRED,E-084,15.6,
WO-01026,A-075,INSPECTION,MEDIUM,Abnormal vibration observed during routine monitoring.,2025-10-01,2025-10-15,2025-10-15,COMPLETED,E-004,15.0,14.0
WO-01027,A-121,INSPECTION,LOW,Preventive maintenance interval reached.,2025-09-23,2025-10-23,2025-10-21,COMPLETED,E-228,4.8,1.7
WO-01028,A-084,INSPECTION,MEDIUM,Temperature trend exceeded expected operating band.,2026-02-04,2026-02-18,2026-02-22,COMPLETED,E-087,4.4,14.0
WO-01029,A-051,CORRECTIVE,LOW,Minor leakage indication requires inspection.,2025-12-30,2026-01-29,2026-01-30,COMPLETED,E-128,13.4,1.1
WO-01030,A-093,CALIBRATION,MEDIUM,Preventive maintenance interval reached.,2025-09-16,2025-09-30,,IN_PROGRESS,E-224,1.6,
WO-01031,A-016,PREVENTIVE,LOW,Minor leakage indication requires inspection.,2026-08-23,2026-09-22,2026-10-02,COMPLETED,E-020,14.1,12.2
WO-01032,A-004,CALIBRATION,MEDIUM,Instrument reading requires calibration verification.,2026-01-23,2026-02-06,,IN_PROGRESS,E-069,7.6,
WO-01033,A-123,INSPECTION,MEDIUM,Abnormal vibration observed during routine monitoring.,2026-06-14,2026-06-28,2026-06-25,COMPLETED,E-091,11.6,11.2
WO-01034,A-034,CALIBRATION,HIGH,Instrument reading requires calibration verification.,2026-05-16,2026-05-23,2026-05-31,COMPLETED,E-152,1.2,2.9
WO-01035,A-103,PREVENTIVE,LOW,Minor leakage indication requires inspection.,2026-02-19,2026-03-21,,IN_PROGRESS,E-219,2.4,
WO-01036,A-084,CALIBRATION,LOW,Intermittent noise reported by field team.,2026-07-21,2026-08-20,,OPEN,E-031,1.6,
WO-01037,A-072,PREVENTIVE,HIGH,Temperature trend exceeded expected operating band.,2026-06-21,2026-06-28,2026-07-08,COMPLETED,E-203,7.6,8.7
WO-01038,A-068,PREVENTIVE,LOW,Abnormal vibration observed during routine monitoring.,2026-07-11,2026-08-10,,IN_PROGRESS,E-200,14.0,
WO-01039,A-039,CALIBRATION,LOW,Preventive maintenance interval reached.,2025-12-30,2026-01-29,2026-01-31,COMPLETED,E-212,13.7,15.6
WO-01040,A-036,PREVENTIVE,MEDIUM,Instrument reading requires calibration verification.,2026-06-14,2026-06-28,2026-07-07,COMPLETED,E-100,8.2,16.8
WO-01041,A-031,PREVENTIVE,MEDIUM,Intermittent noise reported by field team.,2025-12-21,2026-01-04,2026-01-12,COMPLETED,E-045,1.6,6.2
WO-01042,A-075,CORRECTIVE,LOW,Intermittent noise reported by field team.,2026-05-22,2026-06-21,,OPEN,E-089,10.1,
WO-01043,A-059,CORRECTIVE,LOW,Abnormal vibration observed during routine monitoring.,2025-10-24,2025-11-23,2025-11-18,COMPLETED,E-200,7.0,15.8
WO-01044,A-112,CORRECTIVE,MEDIUM,Temperature trend exceeded expected operating band.,2025-12-04,2025-12-18,,OPEN,E-075,2.2,
WO-01045,A-046,CALIBRATION,LOW,Minor leakage indication requires inspection.,2025-10-31,2025-11-30,2025-12-02,COMPLETED,E-132,7.2,6.0
WO-01046,A-117,CORRECTIVE,LOW,Instrument reading requires calibration verification.,2026-08-25,2026-09-24,2026-10-02,COMPLETED,E-199,10.4,3.2
WO-01047,A-076,PREVENTIVE,MEDIUM,Intermittent noise reported by field team.,2026-01-29,2026-02-12,2026-02-15,COMPLETED,E-024,13.7,12.4
WO-01048,A-021,INSPECTION,MEDIUM,Minor leakage indication requires inspection.,2026-01-26,2026-02-09,,OPEN,E-022,6.4,
WO-01049,A-094,PREVENTIVE,MEDIUM,Intermittent noise reported by field team.,2026-01-07,2026-01-21,,IN_PROGRESS,E-114,12.2,
WO-01050,A-031,INSPECTION,MEDIUM,Instrument reading requires calibration verification.,2026-05-19,2026-06-02,2026-05-28,COMPLETED,E-127,3.3,6.4
WO-01051,A-076,CORRECTIVE,MEDIUM,Temperature trend exceeded expected operating band.,2026-06-27,2026-07-11,2026-07-12,COMPLETED,E-170,5.7,8.5
WO-01052,A-127,INSPECTION,HIGH,Minor leakage indication requires inspection.,2025-12-08,2025-12-15,2025-12-21,COMPLETED,E-159,5.1,15.0
WO-01053,A-065,CALIBRATION,MEDIUM,Instrument reading requires calibration verification.,2025-10-04,2025-10-18,,IN_PROGRESS,E-084,1.5,
WO-01054,A-094,PREVENTIVE,LOW,Preventive maintenance interval reached.,2026-05-30,2026-06-29,2026-07-06,COMPLETED,E-177,8.1,1.3
WO-01055,A-030,PREVENTIVE,MEDIUM,Temperature trend exceeded expected operating band.,2026-04-29,2026-05-13,2026-05-11,COMPLETED,E-146,13.3,14.1
WO-01056,A-128,INSPECTION,MEDIUM,Temperature trend exceeded expected operating band.,2026-04-07,2026-04-21,2026-04-28,COMPLETED,E-210,9.6,11.8
WO-01057,A-077,INSPECTION,MEDIUM,Intermittent noise reported by field team.,2026-06-15,2026-06-29,2026-07-03,COMPLETED,E-176,6.0,6.5
WO-01058,A-010,INSPECTION,MEDIUM,Intermittent noise reported by field team.,2025-10-06,2025-10-20,2025-10-18,COMPLETED,E-133,12.0,5.5
WO-01059,A-015,INSPECTION,MEDIUM,Minor leakage indication requires inspection.,2026-04-17,2026-05-01,,OPEN,E-192,12.9,
WO-01060,A-124,INSPECTION,LOW,Temperature trend exceeded expected operating band.,2025-11-30,2025-12-30,,OPEN,E-049,3.5,
WO-01061,A-106,PREVENTIVE,LOW,Temperature trend exceeded expected operating band.,2026-07-20,2026-08-19,2026-08-26,COMPLETED,E-042,12.1,9.9
WO-01062,A-009,CORRECTIVE,HIGH,Preventive maintenance interval reached.,2025-10-29,2025-11-05,2025-11-14,COMPLETED,E-103,9.4,3.2
WO-01063,A-076,CALIBRATION,MEDIUM,Minor leakage indication requires inspection.,2025-09-09,2025-09-23,2025-09-21,COMPLETED,E-012,4.6,12.4
WO-01064,A-062,CALIBRATION,MEDIUM,Temperature trend exceeded expected operating band.,2026-04-06,2026-04-20,2026-04-15,COMPLETED,E-099,6.4,10.7
WO-01065,A-031,CORRECTIVE,LOW,Intermittent noise reported by field team.,2026-03-07,2026-04-06,2026-04-16,COMPLETED,E-161,2.0,13.0
WO-01066,A-111,CALIBRATION,MEDIUM,Minor leakage indication requires inspection.,2026-02-12,2026-02-26,2026-02-27,COMPLETED,E-209,5.6,3.6
WO-01067,A-037,CORRECTIVE,MEDIUM,Instrument reading requires calibration verification.,2025-10-05,2025-10-19,2025-10-18,COMPLETED,E-157,2.5,6.8
WO-01068,A-087,CALIBRATION,MEDIUM,Minor leakage indication requires inspection.,2026-01-13,2026-01-27,2026-02-01,COMPLETED,E-174,8.9,7.2
WO-01069,A-114,CORRECTIVE,LOW,Instrument reading requires calibration verification.,2026-08-09,2026-09-08,2026-09-18,COMPLETED,E-103,11.4,14.5
WO-01070,A-075,INSPECTION,MEDIUM,Preventive maintenance interval reached.,2025-11-18,2025-12-02,,OPEN,E-216,13.4,
WO-01071,A-086,CORRECTIVE,MEDIUM,Intermittent noise reported by field team.,2026-07-09,2026-07-23,,OPEN,E-151,5.3,
WO-01072,A-122,INSPECTION,MEDIUM,Minor leakage indication requires inspection.,2026-02-25,2026-03-11,,IN_PROGRESS,E-111,11.0,
WO-01073,A-030,INSPECTION,HIGH,Abnormal vibration observed during routine monitoring.,2025-12-04,2025-12-11,2025-12-06,COMPLETED,E-018,15.1,14.3
WO-01074,A-090,INSPECTION,MEDIUM,Instrument reading requires calibration verification.,2026-04-21,2026-05-05,,IN_PROGRESS,E-082,8.0,
WO-01075,A-006,CORRECTIVE,MEDIUM,Preventive maintenance interval reached.,2025-12-27,2026-01-10,,IN_PROGRESS,E-234,5.3,
WO-01076,A-021,INSPECTION,LOW,Instrument reading requires calibration verification.,2026-01-30,2026-03-01,,IN_PROGRESS,E-113,10.0,
WO-01077,A-015,CALIBRATION,LOW,Abnormal vibration observed during routine monitoring.,2025-12-28,2026-01-27,2026-02-06,COMPLETED,E-037,5.6,7.3
WO-01078,A-044,PREVENTIVE,MEDIUM,Temperature trend exceeded expected operating band.,2025-12-07,2025-12-21,,IN_PROGRESS,E-091,4.1,
WO-01079,A-100,CALIBRATION,LOW,Temperature trend exceeded expected operating band.,2025-10-28,2025-11-27,,IN_PROGRESS,E-168,6.7,
WO-01080,A-116,CALIBRATION,MEDIUM,Abnormal vibration observed during routine monitoring.,2026-01-28,2026-02-11,,DEFERRED,E-047,2.3,
WO-01081,A-003,INSPECTION,MEDIUM,Abnormal vibration observed during routine monitoring.,2025-10-05,2025-10-19,2025-10-19,COMPLETED,E-187,3.3,3.5
WO-01082,A-099,INSPECTION,MEDIUM,Intermittent noise reported by field team.,2026-05-30,2026-06-13,,OPEN,E-204,8.7,
WO-01083,A-057,INSPECTION,LOW,Instrument reading requires calibration verification.,2026-03-27,2026-04-26,,OPEN,E-133,6.8,
WO-01084,A-028,PREVENTIVE,HIGH,Minor leakage indication requires inspection.,2025-10-18,2025-10-25,2025-10-24,COMPLETED,E-109,13.0,17.1
WO-01085,A-015,INSPECTION,MEDIUM,Minor leakage indication requires inspection.,2026-02-22,2026-03-08,2026-03-04,COMPLETED,E-199,10.2,1.6
WO-01086,A-037,CORRECTIVE,MEDIUM,Temperature trend exceeded expected operating band.,2026-07-09,2026-07-23,2026-07-30,COMPLETED,E-231,7.9,16.6
WO-01087,A-017,CALIBRATION,LOW,Temperature trend exceeded expected operating band.,2026-03-23,2026-04-22,,OPEN,E-075,13.1,
WO-01088,A-105,INSPECTION,MEDIUM,Abnormal vibration observed during routine monitoring.,2025-09-15,2025-09-29,,IN_PROGRESS,E-116,4.8,
WO-01089,A-053,PREVENTIVE,URGENT,Minor leakage indication requires inspection.,2026-06-27,2026-06-29,2026-07-06,COMPLETED,E-188,13.9,9.5
WO-01090,A-104,INSPECTION,URGENT,Minor leakage indication requires inspection.,2026-06-30,2026-07-02,,OPEN,E-146,9.6,
WO-01091,A-121,CORRECTIVE,MEDIUM,Temperature trend exceeded expected operating band.,2026-04-27,2026-05-11,2026-05-16,COMPLETED,E-123,1.2,3.4
WO-01092,A-061,PREVENTIVE,MEDIUM,Instrument reading requires calibration verification.,2025-10-30,2025-11-13,,OPEN,E-198,2.4,
WO-01093,A-004,CALIBRATION,HIGH,Intermittent noise reported by field team.,2026-01-08,2026-01-15,2026-01-10,COMPLETED,E-129,8.0,5.9
WO-01094,A-008,CALIBRATION,HIGH,Intermittent noise reported by field team.,2025-11-14,2025-11-21,,OPEN,E-154,15.1,
WO-01095,A-013,PREVENTIVE,MEDIUM,Instrument reading requires calibration verification.,2026-05-19,2026-06-02,,OPEN,E-097,12.5,
WO-01096,A-090,INSPECTION,LOW,Minor leakage indication requires inspection.,2026-03-28,2026-04-27,,OPEN,E-215,3.9,
WO-01097,A-049,PREVENTIVE,LOW,Instrument reading requires calibration verification.,2026-06-06,2026-07-06,2026-07-08,COMPLETED,E-234,6.2,12.4
WO-01098,A-095,CORRECTIVE,HIGH,Minor leakage indication requires inspection.,2026-01-09,2026-01-16,2026-01-20,COMPLETED,E-118,10.3,15.1
WO-01099,A-103,INSPECTION,MEDIUM,Intermittent noise reported by field team.,2026-06-14,2026-06-28,,OPEN,E-054,1.5,
WO-01100,A-112,INSPECTION,HIGH,Instrument reading requires calibration verification.,2025-12-17,2025-12-24,,IN_PROGRESS,E-171,6.8,
WO-01101,A-083,CORRECTIVE,MEDIUM,Preventive maintenance interval reached.,2026-02-06,2026-02-20,,OPEN,E-073,14.1,
WO-01102,A-024,INSPECTION,LOW,Intermittent noise reported by field team.,2026-04-13,2026-05-13,2026-05-16,COMPLETED,E-022,2.5,4.9
WO-01103,A-090,PREVENTIVE,MEDIUM,Preventive maintenance interval reached.,2026-06-12,2026-06-26,,OPEN,E-123,11.7,
WO-01104,A-110,CORRECTIVE,MEDIUM,Temperature trend exceeded expected operating band.,2025-10-12,2025-10-26,,OPEN,E-072,14.2,
WO-01105,A-088,PREVENTIVE,MEDIUM,Minor leakage indication requires inspection.,2026-06-16,2026-06-30,,DEFERRED,E-183,2.4,
WO-01106,A-047,CORRECTIVE,MEDIUM,Temperature trend exceeded expected operating band.,2026-04-04,2026-04-18,2026-04-15,COMPLETED,E-093,6.1,9.0
WO-01107,A-047,CALIBRATION,MEDIUM,Intermittent noise reported by field team.,2025-12-19,2026-01-02,2026-01-09,COMPLETED,E-004,1.3,4.6
WO-01108,A-040,CORRECTIVE,HIGH,Temperature trend exceeded expected operating band.,2026-01-11,2026-01-18,2026-01-25,COMPLETED,E-162,14.9,3.2
WO-01109,A-043,INSPECTION,HIGH,Minor leakage indication requires inspection.,2026-05-21,2026-05-28,2026-06-07,COMPLETED,E-024,12.2,11.7
WO-01110,A-060,PREVENTIVE,MEDIUM,Temperature trend exceeded expected operating band.,2025-12-02,2025-12-16,,OPEN,E-229,10.9,
WO-01111,A-030,PREVENTIVE,MEDIUM,Temperature trend exceeded expected operating band.,2025-11-02,2025-11-16,2025-11-16,COMPLETED,E-191,15.1,9.6
WO-01112,A-116,PREVENTIVE,MEDIUM,Temperature trend exceeded expected operating band.,2025-11-07,2025-11-21,,IN_PROGRESS,E-231,5.1,
WO-01113,A-082,CALIBRATION,MEDIUM,Preventive maintenance interval reached.,2026-02-03,2026-02-17,,IN_PROGRESS,E-209,9.0,
WO-01114,A-051,CORRECTIVE,HIGH,Abnormal vibration observed during routine monitoring.,2025-10-01,2025-10-08,2025-10-16,COMPLETED,E-013,6.6,6.1
WO-01115,A-066,INSPECTION,HIGH,Preventive maintenance interval reached.,2026-04-04,2026-04-11,2026-04-18,COMPLETED,E-037,12.5,14.5
WO-01116,A-018,CALIBRATION,MEDIUM,Abnormal vibration observed during routine monitoring.,2025-09-30,2025-10-14,2025-10-20,COMPLETED,E-210,3.8,4.3
WO-01117,A-125,INSPECTION,LOW,Intermittent noise reported by field team.,2026-05-03,2026-06-02,,OPEN,E-149,7.5,
WO-01118,A-054,CORRECTIVE,MEDIUM,Abnormal vibration observed during routine monitoring.,2026-01-18,2026-02-01,2026-02-02,COMPLETED,E-041,8.2,11.5
WO-01119,A-106,CALIBRATION,LOW,Preventive maintenance interval reached.,2025-12-12,2026-01-11,,IN_PROGRESS,E-020,1.6,
WO-01120,A-120,PREVENTIVE,MEDIUM,Temperature trend exceeded expected operating band.,2026-04-26,2026-05-10,,IN_PROGRESS,E-220,5.1,
WO-01121,A-062,CORRECTIVE,MEDIUM,Temperature trend exceeded expected operating band.,2026-02-02,2026-02-16,2026-02-13,COMPLETED,E-171,7.0,10.0
WO-01122,A-114,INSPECTION,HIGH,Preventive maintenance interval reached.,2025-09-17,2025-09-24,,OPEN,E-204,2.4,
WO-01123,A-080,CALIBRATION,MEDIUM,Abnormal vibration observed during routine monitoring.,2026-05-12,2026-05-26,2026-05-28,COMPLETED,E-029,7.5,17.1
WO-01124,A-079,PREVENTIVE,HIGH,Minor leakage indication requires inspection.,2026-03-06,2026-03-13,2026-03-19,COMPLETED,E-225,10.2,13.6
WO-01125,A-040,PREVENTIVE,HIGH,Abnormal vibration observed during routine monitoring.,2026-07-27,2026-08-03,2026-08-07,COMPLETED,E-227,15.1,5.5
WO-01126,A-107,CALIBRATION,HIGH,Minor leakage indication requires inspection.,2026-06-12,2026-06-19,2026-06-20,COMPLETED,E-079,11.2,5.9
WO-01127,A-116,CORRECTIVE,MEDIUM,Instrument reading requires calibration verification.,2026-04-15,2026-04-29,2026-04-30,COMPLETED,E-119,12.8,12.2
WO-01128,A-025,CALIBRATION,HIGH,Minor leakage indication requires inspection.,2025-11-03,2025-11-10,,OPEN,E-059,8.0,
WO-01129,A-005,INSPECTION,HIGH,Minor leakage indication requires inspection.,2026-08-25,2026-09-01,2026-09-01,COMPLETED,E-126,4.5,8.0
WO-01130,A-117,INSPECTION,HIGH,Temperature trend exceeded expected operating band.,2026-04-15,2026-04-22,2026-04-17,COMPLETED,E-075,9.9,1.3
WO-01131,A-113,PREVENTIVE,HIGH,Abnormal vibration observed during routine monitoring.,2025-12-15,2025-12-22,2025-12-30,COMPLETED,E-105,8.5,10.0
WO-01132,A-041,PREVENTIVE,HIGH,Intermittent noise reported by field team.,2026-07-31,2026-08-07,2026-08-04,COMPLETED,E-112,11.9,12.2
WO-01133,A-056,CORRECTIVE,LOW,Temperature trend exceeded expected operating band.,2025-11-06,2025-12-06,2025-12-11,COMPLETED,E-117,7.6,8.0
WO-01134,A-049,INSPECTION,MEDIUM,Temperature trend exceeded expected operating band.,2026-06-28,2026-07-12,2026-07-19,COMPLETED,E-166,7.0,12.6
WO-01135,A-109,PREVENTIVE,MEDIUM,Abnormal vibration observed during routine monitoring.,2025-10-11,2025-10-25,,IN_PROGRESS,E-171,11.5,
WO-01136,A-102,CORRECTIVE,MEDIUM,Intermittent noise reported by field team.,2026-01-23,2026-02-06,,IN_PROGRESS,E-121,7.0,
WO-01137,A-027,INSPECTION,MEDIUM,Preventive maintenance interval reached.,2026-03-30,2026-04-13,,OPEN,E-004,2.8,
WO-01138,A-100,INSPECTION,MEDIUM,Temperature trend exceeded expected operating band.,2026-08-09,2026-08-23,2026-08-27,COMPLETED,E-033,7.8,13.0
WO-01139,A-059,PREVENTIVE,HIGH,Abnormal vibration observed during routine monitoring.,2025-09-29,2025-10-06,2025-10-13,COMPLETED,E-157,1.3,1.3
WO-01140,A-098,PREVENTIVE,HIGH,Instrument reading requires calibration verification.,2025-12-15,2025-12-22,2025-12-25,COMPLETED,E-195,15.7,15.3
WO-01141,A-013,CALIBRATION,MEDIUM,Minor leakage indication requires inspection.,2025-12-01,2025-12-15,,OPEN,E-184,3.1,
WO-01142,A-071,CORRECTIVE,HIGH,Intermittent noise reported by field team.,2026-07-17,2026-07-24,2026-08-02,COMPLETED,E-195,7.7,14.7
WO-01143,A-027,CORRECTIVE,MEDIUM,Minor leakage indication requires inspection.,2026-07-01,2026-07-15,2026-07-17,COMPLETED,E-133,7.4,17.0
WO-01144,A-112,CALIBRATION,MEDIUM,Intermittent noise reported by field team.,2026-01-01,2026-01-15,2026-01-17,COMPLETED,E-177,8.5,3.1
WO-01145,A-088,PREVENTIVE,HIGH,Abnormal vibration observed during routine monitoring.,2026-03-26,2026-04-02,,IN_PROGRESS,E-005,2.4,
WO-01146,A-082,INSPECTION,MEDIUM,Intermittent noise reported by field team.,2025-10-01,2025-10-15,2025-10-25,COMPLETED,E-020,12.0,12.2
WO-01147,A-003,INSPECTION,HIGH,Temperature trend exceeded expected operating band.,2026-02-13,2026-02-20,,OPEN,E-075,7.2,
WO-01148,A-092,CORRECTIVE,LOW,Minor leakage indication requires inspection.,2026-08-03,2026-09-02,,IN_PROGRESS,E-213,11.6,
WO-01149,A-055,PREVENTIVE,HIGH,Intermittent noise reported by field team.,2025-12-19,2025-12-26,,IN_PROGRESS,E-193,13.8,
WO-01150,A-081,PREVENTIVE,LOW,Minor leakage indication requires inspection.,2026-04-27,2026-05-27,2026-05-30,COMPLETED,E-161,5.9,1.6
WO-01151,A-021,INSPECTION,MEDIUM,Temperature trend exceeded expected operating band.,2025-10-20,2025-11-03,2025-11-08,COMPLETED,E-184,8.7,7.9
WO-01152,A-014,INSPECTION,URGENT,Temperature trend exceeded expected operating band.,2025-10-17,2025-10-19,2025-10-21,COMPLETED,E-237,6.5,4.8
WO-01153,A-046,INSPECTION,MEDIUM,Abnormal vibration observed during routine monitoring.,2026-06-03,2026-06-17,2026-06-22,COMPLETED,E-118,1.1,6.2
WO-01154,A-123,INSPECTION,LOW,Intermittent noise reported by field team.,2026-01-16,2026-02-15,2026-02-21,COMPLETED,E-095,15.8,7.5
WO-01155,A-017,PREVENTIVE,MEDIUM,Minor leakage indication requires inspection.,2026-02-15,2026-03-01,2026-03-09,COMPLETED,E-053,6.8,17.6
WO-01156,A-001,INSPECTION,MEDIUM,Instrument reading requires calibration verification.,2026-06-25,2026-07-09,,OPEN,E-152,13.6,
WO-01157,A-099,PREVENTIVE,MEDIUM,Instrument reading requires calibration verification.,2026-04-29,2026-05-13,2026-05-16,COMPLETED,E-142,12.0,11.2
WO-01158,A-020,CORRECTIVE,MEDIUM,Intermittent noise reported by field team.,2026-05-08,2026-05-22,2026-05-29,COMPLETED,E-018,12.1,14.0
WO-01159,A-054,CORRECTIVE,MEDIUM,Preventive maintenance interval reached.,2025-11-28,2025-12-12,,OPEN,E-106,15.8,
WO-01160,A-008,CORRECTIVE,URGENT,Minor leakage indication requires inspection.,2026-07-04,2026-07-06,2026-07-08,COMPLETED,E-150,3.3,3.9
WO-01161,A-046,INSPECTION,MEDIUM,Minor leakage indication requires inspection.,2025-11-10,2025-11-24,2025-11-30,COMPLETED,E-154,4.1,4.2
WO-01162,A-012,INSPECTION,LOW,Preventive maintenance interval reached.,2026-03-21,2026-04-20,2026-04-28,COMPLETED,E-033,1.7,15.2
WO-01163,A-082,PREVENTIVE,MEDIUM,Intermittent noise reported by field team.,2025-10-20,2025-11-03,,IN_PROGRESS,E-171,1.8,
WO-01164,A-065,PREVENTIVE,LOW,Preventive maintenance interval reached.,2026-07-04,2026-08-03,2026-08-12,COMPLETED,E-053,12.6,16.0
WO-01165,A-088,CORRECTIVE,LOW,Minor leakage indication requires inspection.,2025-10-02,2025-11-01,,OPEN,E-178,8.6,
WO-01166,A-048,CORRECTIVE,HIGH,Temperature trend exceeded expected operating band.,2026-02-05,2026-02-12,2026-02-17,COMPLETED,E-101,11.0,5.6
WO-01167,A-033,CALIBRATION,MEDIUM,Temperature trend exceeded expected operating band.,2025-09-03,2025-09-17,2025-09-20,COMPLETED,E-198,11.1,17.4
WO-01168,A-091,CORRECTIVE,MEDIUM,Intermittent noise reported by field team.,2025-11-28,2025-12-12,2025-12-22,COMPLETED,E-037,14.9,17.6
WO-01169,A-039,PREVENTIVE,MEDIUM,Preventive maintenance interval reached.,2025-10-17,2025-10-31,2025-11-04,COMPLETED,E-064,13.1,8.2
WO-01170,A-090,CORRECTIVE,MEDIUM,Abnormal vibration observed during routine monitoring.,2026-08-23,2026-09-06,2026-09-12,COMPLETED,E-046,12.7,5.1
WO-01171,A-072,INSPECTION,HIGH,Instrument reading requires calibration verification.,2026-01-09,2026-01-16,,OPEN,E-132,10.5,
WO-01172,A-074,PREVENTIVE,MEDIUM,Minor leakage indication requires inspection.,2025-10-07,2025-10-21,,OPEN,E-222,6.7,
WO-01173,A-023,CORRECTIVE,HIGH,Minor leakage indication requires inspection.,2025-11-10,2025-11-17,2025-11-12,COMPLETED,E-090,12.7,6.3
WO-01174,A-117,CALIBRATION,MEDIUM,Minor leakage indication requires inspection.,2025-12-27,2026-01-10,2026-01-17,COMPLETED,E-214,12.4,3.6
WO-01175,A-091,INSPECTION,MEDIUM,Preventive maintenance interval reached.,2026-07-20,2026-08-03,2026-08-02,COMPLETED,E-007,10.3,9.2
WO-01176,A-078,INSPECTION,LOW,Abnormal vibration observed during routine monitoring.,2026-07-28,2026-08-27,,DEFERRED,E-065,12.5,
WO-01177,A-011,CORRECTIVE,HIGH,Preventive maintenance interval reached.,2026-08-10,2026-08-17,,IN_PROGRESS,E-014,10.5,
WO-01178,A-084,CORRECTIVE,HIGH,Minor leakage indication requires inspection.,2026-08-04,2026-08-11,2026-08-11,COMPLETED,E-125,6.7,7.9
WO-01179,A-055,CORRECTIVE,MEDIUM,Temperature trend exceeded expected operating band.,2025-10-12,2025-10-26,2025-10-26,COMPLETED,E-051,2.3,17.5
WO-01180,A-045,INSPECTION,HIGH,Temperature trend exceeded expected operating band.,2025-10-03,2025-10-10,2025-10-11,COMPLETED,E-002,5.6,9.0
WO-01181,A-044,CORRECTIVE,LOW,Preventive maintenance interval reached.,2026-04-15,2026-05-15,2026-05-10,COMPLETED,E-148,2.5,12.2
WO-01182,A-100,CALIBRATION,MEDIUM,Minor leakage indication requires inspection.,2026-06-28,2026-07-12,,OPEN,E-196,3.5,
WO-01183,A-097,CORRECTIVE,MEDIUM,Preventive maintenance interval reached.,2026-06-30,2026-07-14,,IN_PROGRESS,E-039,1.8,
WO-01184,A-086,CALIBRATION,HIGH,Intermittent noise reported by field team.,2026-01-13,2026-01-20,2026-01-24,COMPLETED,E-221,7.1,6.5
WO-01185,A-039,CALIBRATION,MEDIUM,Abnormal vibration observed during routine monitoring.,2026-05-30,2026-06-13,2026-06-22,COMPLETED,E-217,1.2,14.2
WO-01186,A-035,CORRECTIVE,LOW,Instrument reading requires calibration verification.,2026-04-19,2026-05-19,2026-05-21,COMPLETED,E-049,2.7,11.0
WO-01187,A-045,CALIBRATION,HIGH,Temperature trend exceeded expected operating band.,2025-10-23,2025-10-30,2025-10-27,COMPLETED,E-150,15.3,8.5
WO-01188,A-048,CORRECTIVE,MEDIUM,Preventive maintenance interval reached.,2026-03-28,2026-04-11,,IN_PROGRESS,E-238,2.6,
WO-01189,A-106,PREVENTIVE,LOW,Preventive maintenance interval reached.,2025-10-22,2025-11-21,,DEFERRED,E-180,3.8,
WO-01190,A-097,PREVENTIVE,MEDIUM,Abnormal vibration observed during routine monitoring.,2026-05-09,2026-05-23,2026-05-20,COMPLETED,E-114,11.6,3.4
WO-01191,A-048,INSPECTION,LOW,Instrument reading requires calibration verification.,2025-12-16,2026-01-15,,DEFERRED,E-163,10.5,
WO-01192,A-023,PREVENTIVE,MEDIUM,Abnormal vibration observed during routine monitoring.,2026-04-30,2026-05-14,2026-05-16,COMPLETED,E-084,6.0,5.4
WO-01193,A-027,INSPECTION,MEDIUM,Instrument reading requires calibration verification.,2026-05-13,2026-05-27,2026-06-03,COMPLETED,E-092,6.9,15.1
WO-01194,A-087,PREVENTIVE,LOW,Preventive maintenance interval reached.,2026-02-03,2026-03-05,2026-03-07,COMPLETED,E-014,3.6,5.4
WO-01195,A-089,CORRECTIVE,MEDIUM,Temperature trend exceeded expected operating band.,2026-07-24,2026-08-07,,IN_PROGRESS,E-185,9.5,
WO-01196,A-081,CORRECTIVE,LOW,Minor leakage indication requires inspection.,2025-09-20,2025-10-20,2025-10-24,COMPLETED,E-143,9.4,14.1
WO-01197,A-098,CALIBRATION,URGENT,Abnormal vibration observed during routine monitoring.,2025-12-24,2025-12-26,2025-12-31,COMPLETED,E-088,7.1,4.0
WO-01198,A-114,INSPECTION,HIGH,Abnormal vibration observed during routine monitoring.,2026-06-21,2026-06-28,2026-07-01,COMPLETED,E-088,7.4,2.6
WO-01199,A-019,INSPECTION,MEDIUM,Instrument reading requires calibration verification.,2026-05-06,2026-05-20,,OPEN,E-104,6.2,
WO-01200,A-057,CALIBRATION,LOW,Instrument reading requires calibration verification.,2026-07-16,2026-08-15,2026-08-15,COMPLETED,E-198,6.2,13.4
WO-01201,A-121,CALIBRATION,MEDIUM,Intermittent noise reported by field team.,2026-07-19,2026-08-02,,IN_PROGRESS,E-069,7.5,
WO-01202,A-090,INSPECTION,HIGH,Temperature trend exceeded expected operating band.,2026-08-22,2026-08-29,2026-08-25,COMPLETED,E-193,3.1,12.1
WO-01203,A-095,INSPECTION,LOW,Minor leakage indication requires inspection.,2025-10-12,2025-11-11,2025-11-14,COMPLETED,E-025,13.6,2.8
WO-01204,A-084,INSPECTION,HIGH,Instrument reading requires calibration verification.,2026-06-16,2026-06-23,,OPEN,E-113,3.5,
WO-01205,A-055,CORRECTIVE,MEDIUM,Intermittent noise reported by field team.,2025-09-20,2025-10-04,2025-10-05,COMPLETED,E-223,14.8,12.9
WO-01206,A-028,CALIBRATION,LOW,Minor leakage indication requires inspection.,2026-03-19,2026-04-18,2026-04-16,COMPLETED,E-046,14.6,5.8
WO-01207,A-073,CALIBRATION,MEDIUM,Intermittent noise reported by field team.,2025-12-30,2026-01-13,2026-01-16,COMPLETED,E-080,10.4,11.9
WO-01208,A-049,CORRECTIVE,MEDIUM,Abnormal vibration observed during routine monitoring.,2026-01-21,2026-02-04,,OPEN,E-051,9.0,
WO-01209,A-045,CORRECTIVE,LOW,Minor leakage indication requires inspection.,2025-12-16,2026-01-15,2026-01-19,COMPLETED,E-162,2.4,8.1
WO-01210,A-038,PREVENTIVE,MEDIUM,Minor leakage indication requires inspection.,2026-01-16,2026-01-30,,OPEN,E-192,4.7,
WO-01211,A-084,CALIBRATION,LOW,Temperature trend exceeded expected operating band.,2025-10-28,2025-11-27,2025-12-06,COMPLETED,E-061,8.9,6.5
WO-01212,A-111,PREVENTIVE,HIGH,Abnormal vibration observed during routine monitoring.,2026-08-12,2026-08-19,2026-08-24,COMPLETED,E-088,7.9,2.2
WO-01213,A-018,PREVENTIVE,LOW,Instrument reading requires calibration verification.,2026-01-03,2026-02-02,,OPEN,E-118,5.1,
WO-01214,A-031,PREVENTIVE,HIGH,Abnormal vibration observed during routine monitoring.,2025-12-22,2025-12-29,,OPEN,E-046,11.6,
WO-01215,A-058,PREVENTIVE,MEDIUM,Minor leakage indication requires inspection.,2026-04-28,2026-05-12,,OPEN,E-190,4.3,
WO-01216,A-020,PREVENTIVE,MEDIUM,Preventive maintenance interval reached.,2026-05-17,2026-05-31,,OPEN,E-142,8.3,
WO-01217,A-078,CORRECTIVE,LOW,Temperature trend exceeded expected operating band.,2026-01-25,2026-02-24,2026-02-24,COMPLETED,E-102,4.7,2.8
WO-01218,A-087,INSPECTION,HIGH,Intermittent noise reported by field team.,2025-12-23,2025-12-30,2026-01-02,COMPLETED,E-001,5.8,13.6
WO-01219,A-067,CORRECTIVE,LOW,Temperature trend exceeded expected operating band.,2026-03-02,2026-04-01,2026-04-11,COMPLETED,E-215,10.2,4.9
WO-01220,A-084,CORRECTIVE,MEDIUM,Preventive maintenance interval reached.,2026-08-25,2026-09-08,,IN_PROGRESS,E-232,15.9,
WO-01221,A-114,INSPECTION,HIGH,Minor leakage indication requires inspection.,2026-08-16,2026-08-23,2026-09-01,COMPLETED,E-022,5.7,12.6
WO-01222,A-110,CALIBRATION,LOW,Abnormal vibration observed during routine monitoring.,2026-01-05,2026-02-04,,IN_PROGRESS,E-156,13.2,
WO-01223,A-058,PREVENTIVE,LOW,Instrument reading requires calibration verification.,2026-03-04,2026-04-03,2026-04-13,COMPLETED,E-024,13.2,5.7
WO-01224,A-093,CORRECTIVE,HIGH,Abnormal vibration observed during routine monitoring.,2025-11-11,2025-11-18,2025-11-26,COMPLETED,E-054,10.0,10.4
WO-01225,A-115,PREVENTIVE,MEDIUM,Abnormal vibration observed during routine monitoring.,2026-07-16,2026-07-30,,OPEN,E-173,14.6,
WO-01226,A-002,PREVENTIVE,MEDIUM,Intermittent noise reported by field team.,2026-01-09,2026-01-23,2026-01-18,COMPLETED,E-187,15.7,5.6
WO-01227,A-003,CALIBRATION,MEDIUM,Abnormal vibration observed during routine monitoring.,2026-01-19,2026-02-02,,OPEN,E-232,13.2,
WO-01228,A-117,CALIBRATION,MEDIUM,Abnormal vibration observed during routine monitoring.,2026-06-20,2026-07-04,,IN_PROGRESS,E-149,15.2,
WO-01229,A-111,INSPECTION,URGENT,Intermittent noise reported by field team.,2026-08-21,2026-08-23,,IN_PROGRESS,E-152,5.6,
WO-01230,A-078,INSPECTION,MEDIUM,Preventive maintenance interval reached.,2025-11-22,2025-12-06,2025-12-13,COMPLETED,E-028,8.9,15.0
WO-01231,A-082,INSPECTION,MEDIUM,Temperature trend exceeded expected operating band.,2026-04-20,2026-05-04,,IN_PROGRESS,E-043,3.3,
WO-01232,A-069,CALIBRATION,HIGH,Temperature trend exceeded expected operating band.,2026-02-03,2026-02-10,2026-02-14,COMPLETED,E-173,4.8,15.7
WO-01233,A-106,PREVENTIVE,MEDIUM,Preventive maintenance interval reached.,2026-01-01,2026-01-15,,OPEN,E-213,7.7,
WO-01234,A-037,CALIBRATION,HIGH,Abnormal vibration observed during routine monitoring.,2026-03-19,2026-03-26,2026-03-30,COMPLETED,E-136,6.9,6.4
WO-01235,A-088,CORRECTIVE,MEDIUM,Abnormal vibration observed during routine monitoring.,2025-12-27,2026-01-10,,OPEN,E-187,1.0,
WO-01236,A-071,CORRECTIVE,LOW,Minor leakage indication requires inspection.,2026-01-28,2026-02-27,2026-02-27,COMPLETED,E-171,2.7,1.6
WO-01237,A-045,CORRECTIVE,HIGH,Minor leakage indication requires inspection.,2026-08-14,2026-08-21,2026-08-28,COMPLETED,E-143,8.6,2.8
WO-01238,A-126,CALIBRATION,MEDIUM,Instrument reading requires calibration verification.,2026-06-21,2026-07-05,,IN_PROGRESS,E-218,12.9,
WO-01239,A-128,INSPECTION,HIGH,Preventive maintenance interval reached.,2026-03-08,2026-03-15,,IN_PROGRESS,E-190,2.2,
WO-01240,A-055,PREVENTIVE,MEDIUM,Minor leakage indication requires inspection.,2026-01-16,2026-01-30,2026-01-25,COMPLETED,E-128,3.6,2.0
WO-01241,A-039,CALIBRATION,HIGH,Instrument reading requires calibration verification.,2026-05-20,2026-05-27,,IN_PROGRESS,E-132,5.9,
WO-01242,A-120,CORRECTIVE,HIGH,Preventive maintenance interval reached.,2026-05-20,2026-05-27,2026-06-02,COMPLETED,E-109,14.9,14.3
WO-01243,A-100,PREVENTIVE,MEDIUM,Minor leakage indication requires inspection.,2026-06-18,2026-07-02,2026-06-29,COMPLETED,E-062,10.1,2.2
WO-01244,A-096,INSPECTION,HIGH,Minor leakage indication requires inspection.,2026-02-06,2026-02-13,,OPEN,E-056,6.2,
WO-01245,A-021,PREVENTIVE,HIGH,Minor leakage indication requires inspection.,2025-11-28,2025-12-05,2025-12-14,COMPLETED,E-161,8.3,1.1
WO-01246,A-002,CORRECTIVE,LOW,Intermittent noise reported by field team.,2026-05-21,2026-06-20,2026-06-15,COMPLETED,E-125,14.8,15.4
WO-01247,A-091,PREVENTIVE,HIGH,Minor leakage indication requires inspection.,2025-11-06,2025-11-13,2025-11-11,COMPLETED,E-236,1.2,7.5
WO-01248,A-076,CALIBRATION,LOW,Abnormal vibration observed during routine monitoring.,2026-02-23,2026-03-25,2026-04-03,COMPLETED,E-222,8.1,12.6
WO-01249,A-046,INSPECTION,LOW,Abnormal vibration observed during routine monitoring.,2026-06-04,2026-07-04,2026-07-14,COMPLETED,E-045,8.4,5.1
WO-01250,A-085,INSPECTION,HIGH,Intermittent noise reported by field team.,2026-03-31,2026-04-07,2026-04-05,COMPLETED,E-148,15.8,3.7
WO-01251,A-097,INSPECTION,URGENT,Temperature trend exceeded expected operating band.,2026-07-14,2026-07-16,,OPEN,E-096,10.5,
WO-01252,A-102,INSPECTION,MEDIUM,Minor leakage indication requires inspection.,2026-04-14,2026-04-28,2026-04-25,COMPLETED,E-198,3.1,15.7
WO-01253,A-060,CALIBRATION,MEDIUM,Intermittent noise reported by field team.,2026-08-06,2026-08-20,,OPEN,E-029,12.6,
WO-01254,A-069,INSPECTION,HIGH,Intermittent noise reported by field team.,2026-02-04,2026-02-11,2026-02-20,COMPLETED,E-201,12.7,1.0
WO-01255,A-040,CORRECTIVE,LOW,Abnormal vibration observed during routine monitoring.,2026-08-24,2026-09-23,2026-09-27,COMPLETED,E-021,3.8,11.1
WO-01256,A-051,CALIBRATION,MEDIUM,Instrument reading requires calibration verification.,2025-10-02,2025-10-16,2025-10-24,COMPLETED,E-202,13.4,15.9
WO-01257,A-125,INSPECTION,MEDIUM,Instrument reading requires calibration verification.,2026-06-21,2026-07-05,2026-07-06,COMPLETED,E-183,6.0,13.6
WO-01258,A-110,INSPECTION,LOW,Minor leakage indication requires inspection.,2026-07-25,2026-08-24,2026-08-31,COMPLETED,E-005,14.9,15.9
WO-01259,A-022,CALIBRATION,LOW,Intermittent noise reported by field team.,2026-03-20,2026-04-19,,IN_PROGRESS,E-191,4.2,
WO-01260,A-006,CALIBRATION,MEDIUM,Minor leakage indication requires inspection.,2026-05-05,2026-05-19,2026-05-17,COMPLETED,E-160,8.9,3.7
WO-01261,A-113,CALIBRATION,MEDIUM,Minor leakage indication requires inspection.,2025-10-26,2025-11-09,,IN_PROGRESS,E-056,4.7,
WO-01262,A-027,CALIBRATION,HIGH,Temperature trend exceeded expected operating band.,2026-03-26,2026-04-02,2026-03-30,COMPLETED,E-213,5.8,1.4
WO-01263,A-081,CORRECTIVE,MEDIUM,Minor leakage indication requires inspection.,2025-10-05,2025-10-19,2025-10-28,COMPLETED,E-187,1.4,1.7
WO-01264,A-038,INSPECTION,HIGH,Abnormal vibration observed during routine monitoring.,2026-02-17,2026-02-24,,IN_PROGRESS,E-058,10.5,
WO-01265,A-084,PREVENTIVE,LOW,Minor leakage indication requires inspection.,2026-06-12,2026-07-12,2026-07-22,COMPLETED,E-147,8.0,7.6
WO-01266,A-090,CALIBRATION,HIGH,Minor leakage indication requires inspection.,2025-11-07,2025-11-14,2025-11-10,COMPLETED,E-187,12.2,14.7
WO-01267,A-125,PREVENTIVE,LOW,Intermittent noise reported by field team.,2026-04-29,2026-05-29,2026-05-29,COMPLETED,E-031,10.1,3.8
WO-01268,A-081,CALIBRATION,MEDIUM,Minor leakage indication requires inspection.,2026-01-23,2026-02-06,2026-02-02,COMPLETED,E-062,8.1,11.6
WO-01269,A-083,CALIBRATION,MEDIUM,Instrument reading requires calibration verification.,2026-06-08,2026-06-22,,IN_PROGRESS,E-013,10.2,
WO-01270,A-042,CORRECTIVE,MEDIUM,Instrument reading requires calibration verification.,2026-08-25,2026-09-08,2026-09-04,COMPLETED,E-132,1.1,10.4
WO-01271,A-009,CALIBRATION,MEDIUM,Abnormal vibration observed during routine monitoring.,2026-01-27,2026-02-10,2026-02-16,COMPLETED,E-235,12.4,17.9
WO-01272,A-041,CORRECTIVE,MEDIUM,Preventive maintenance interval reached.,2026-06-12,2026-06-26,2026-06-26,COMPLETED,E-105,8.4,13.9
WO-01273,A-106,CALIBRATION,MEDIUM,Preventive maintenance interval reached.,2026-03-05,2026-03-19,,OPEN,E-143,11.6,
WO-01274,A-054,CALIBRATION,MEDIUM,Intermittent noise reported by field team.,2026-06-22,2026-07-06,2026-07-06,COMPLETED,E-047,6.0,2.3
WO-01275,A-045,CORRECTIVE,MEDIUM,Intermittent noise reported by field team.,2025-12-15,2025-12-29,,IN_PROGRESS,E-004,8.5,
WO-01276,A-043,CORRECTIVE,HIGH,Instrument reading requires calibration verification.,2025-11-27,2025-12-04,2025-12-10,COMPLETED,E-032,15.9,5.6
WO-01277,A-107,PREVENTIVE,MEDIUM,Abnormal vibration observed during routine monitoring.,2025-11-11,2025-11-25,,OPEN,E-233,13.7,
WO-01278,A-060,PREVENTIVE,HIGH,Intermittent noise reported by field team.,2026-02-13,2026-02-20,2026-02-22,COMPLETED,E-207,6.0,10.4
WO-01279,A-080,CORRECTIVE,MEDIUM,Instrument reading requires calibration verification.,2026-02-09,2026-02-23,,IN_PROGRESS,E-041,3.8,
WO-01280,A-071,CORRECTIVE,MEDIUM,Temperature trend exceeded expected operating band.,2025-10-09,2025-10-23,2025-10-24,COMPLETED,E-188,13.6,14.8
WO-01281,A-111,INSPECTION,MEDIUM,Intermittent noise reported by field team.,2026-03-03,2026-03-17,2026-03-26,COMPLETED,E-133,1.4,4.9
WO-01282,A-073,INSPECTION,MEDIUM,Preventive maintenance interval reached.,2026-07-31,2026-08-14,2026-08-19,COMPLETED,E-169,2.7,10.0
WO-01283,A-031,CORRECTIVE,MEDIUM,Preventive maintenance interval reached.,2025-11-28,2025-12-12,,IN_PROGRESS,E-240,5.9,
WO-01284,A-102,INSPECTION,HIGH,Preventive maintenance interval reached.,2026-03-26,2026-04-02,2026-03-30,COMPLETED,E-082,11.5,5.3
WO-01285,A-047,CALIBRATION,MEDIUM,Instrument reading requires calibration verification.,2026-06-09,2026-06-23,2026-06-29,COMPLETED,E-123,13.1,1.7
WO-01286,A-039,PREVENTIVE,HIGH,Intermittent noise reported by field team.,2026-04-07,2026-04-14,2026-04-21,COMPLETED,E-170,4.6,5.1
WO-01287,A-128,INSPECTION,LOW,Preventive maintenance interval reached.,2026-04-25,2026-05-25,2026-06-02,COMPLETED,E-022,5.1,9.7
WO-01288,A-113,PREVENTIVE,URGENT,Intermittent noise reported by field team.,2026-03-19,2026-03-21,,IN_PROGRESS,E-066,2.0,
WO-01289,A-068,INSPECTION,MEDIUM,Minor leakage indication requires inspection.,2025-10-18,2025-11-01,2025-10-31,COMPLETED,E-129,6.7,2.6
WO-01290,A-050,CALIBRATION,MEDIUM,Intermittent noise reported by field team.,2026-04-15,2026-04-29,,OPEN,E-193,2.0,
WO-01291,A-061,CALIBRATION,HIGH,Intermittent noise reported by field team.,2026-02-24,2026-03-03,,IN_PROGRESS,E-083,12.9,
WO-01292,A-073,CORRECTIVE,MEDIUM,Preventive maintenance interval reached.,2026-02-10,2026-02-24,,OPEN,E-030,9.3,
WO-01293,A-068,INSPECTION,URGENT,Temperature trend exceeded expected operating band.,2025-09-24,2025-09-26,2025-09-25,COMPLETED,E-098,7.6,4.0
WO-01294,A-030,PREVENTIVE,HIGH,Abnormal vibration observed during routine monitoring.,2026-01-27,2026-02-03,2026-02-05,COMPLETED,E-101,6.6,7.0
WO-01295,A-045,CORRECTIVE,MEDIUM,Minor leakage indication requires inspection.,2025-09-23,2025-10-07,2025-10-14,COMPLETED,E-233,1.4,12.1
WO-01296,A-021,CALIBRATION,MEDIUM,Minor leakage indication requires inspection.,2026-03-28,2026-04-11,,OPEN,E-090,15.4,
WO-01297,A-119,CALIBRATION,LOW,Intermittent noise reported by field team.,2026-04-10,2026-05-10,2026-05-19,COMPLETED,E-175,15.6,12.0
WO-01298,A-072,CALIBRATION,MEDIUM,Preventive maintenance interval reached.,2026-07-13,2026-07-27,2026-08-06,COMPLETED,E-238,9.3,17.3
WO-01299,A-124,CORRECTIVE,HIGH,Minor leakage indication requires inspection.,2025-12-10,2025-12-17,2025-12-20,COMPLETED,E-016,14.3,4.7
WO-01300,A-122,PREVENTIVE,MEDIUM,Instrument reading requires calibration verification.,2025-11-26,2025-12-10,,IN_PROGRESS,E-077,12.0,
WO-01301,A-100,CALIBRATION,HIGH,Preventive maintenance interval reached.,2026-03-30,2026-04-06,2026-04-07,COMPLETED,E-087,13.4,13.8
WO-01302,A-041,CALIBRATION,LOW,Abnormal vibration observed during routine monitoring.,2026-05-29,2026-06-28,2026-06-26,COMPLETED,E-190,10.4,17.9
WO-01303,A-088,CALIBRATION,LOW,Intermittent noise reported by field team.,2025-12-03,2026-01-02,,DEFERRED,E-148,5.4,
WO-01304,A-017,CALIBRATION,LOW,Abnormal vibration observed during routine monitoring.,2025-12-30,2026-01-29,,OPEN,E-160,4.4,
WO-01305,A-018,INSPECTION,MEDIUM,Temperature trend exceeded expected operating band.,2025-12-06,2025-12-20,2025-12-17,COMPLETED,E-008,15.2,13.9
WO-01306,A-010,INSPECTION,LOW,Preventive maintenance interval reached.,2026-04-21,2026-05-21,,OPEN,E-181,3.9,
WO-01307,A-065,CORRECTIVE,LOW,Intermittent noise reported by field team.,2025-12-05,2026-01-04,2026-01-08,COMPLETED,E-068,7.1,5.8
WO-01308,A-118,INSPECTION,MEDIUM,Temperature trend exceeded expected operating band.,2026-02-26,2026-03-12,,DEFERRED,E-187,8.9,
WO-01309,A-122,PREVENTIVE,MEDIUM,Instrument reading requires calibration verification.,2025-12-19,2026-01-02,,OPEN,E-214,6.1,
WO-01310,A-114,PREVENTIVE,MEDIUM,Minor leakage indication requires inspection.,2025-11-20,2025-12-04,2025-12-11,COMPLETED,E-195,5.4,4.2
WO-01311,A-020,CALIBRATION,MEDIUM,Minor leakage indication requires inspection.,2026-05-15,2026-05-29,2026-06-08,COMPLETED,E-018,7.6,7.9
WO-01312,A-071,CALIBRATION,HIGH,Abnormal vibration observed during routine monitoring.,2026-06-01,2026-06-08,2026-06-15,COMPLETED,E-115,3.8,12.8
WO-01313,A-108,CORRECTIVE,MEDIUM,Intermittent noise reported by field team.,2026-07-05,2026-07-19,2026-07-20,COMPLETED,E-056,6.7,9.3
WO-01314,A-040,PREVENTIVE,MEDIUM,Intermittent noise reported by field team.,2026-04-13,2026-04-27,,OPEN,E-239,7.8,
WO-01315,A-074,PREVENTIVE,MEDIUM,Abnormal vibration observed during routine monitoring.,2026-08-13,2026-08-27,,OPEN,E-186,6.9,
WO-01316,A-024,INSPECTION,HIGH,Intermittent noise reported by field team.,2026-08-13,2026-08-20,2026-08-25,COMPLETED,E-236,1.5,7.9
WO-01317,A-067,CALIBRATION,MEDIUM,Intermittent noise reported by field team.,2025-11-09,2025-11-23,,OPEN,E-210,4.2,
WO-01318,A-054,CORRECTIVE,LOW,Instrument reading requires calibration verification.,2025-11-14,2025-12-14,2025-12-14,COMPLETED,E-127,2.5,1.9
WO-01319,A-061,CALIBRATION,LOW,Temperature trend exceeded expected operating band.,2025-11-02,2025-12-02,,OPEN,E-063,15.8,
WO-01320,A-110,PREVENTIVE,LOW,Temperature trend exceeded expected operating band.,2026-06-13,2026-07-13,,IN_PROGRESS,E-135,7.0,
WO-01321,A-094,CORRECTIVE,MEDIUM,Instrument reading requires calibration verification.,2026-04-15,2026-04-29,,OPEN,E-079,4.4,
WO-01322,A-024,PREVENTIVE,HIGH,Minor leakage indication requires inspection.,2025-11-12,2025-11-19,,IN_PROGRESS,E-197,3.3,
WO-01323,A-022,INSPECTION,HIGH,Instrument reading requires calibration verification.,2026-02-23,2026-03-02,2026-03-03,COMPLETED,E-167,9.5,14.7
WO-01324,A-115,INSPECTION,MEDIUM,Preventive maintenance interval reached.,2026-04-13,2026-04-27,2026-04-22,COMPLETED,E-235,11.5,13.3
WO-01325,A-034,INSPECTION,MEDIUM,Minor leakage indication requires inspection.,2026-03-30,2026-04-13,2026-04-10,COMPLETED,E-163,8.4,7.1
WO-01326,A-073,PREVENTIVE,MEDIUM,Preventive maintenance interval reached.,2026-07-04,2026-07-18,2026-07-13,COMPLETED,E-176,14.0,10.9
WO-01327,A-116,CORRECTIVE,MEDIUM,Temperature trend exceeded expected operating band.,2025-08-31,2025-09-14,2025-09-22,COMPLETED,E-112,8.8,11.2
WO-01328,A-124,INSPECTION,URGENT,Preventive maintenance interval reached.,2025-09-16,2025-09-18,,OPEN,E-124,10.8,
WO-01329,A-100,CORRECTIVE,HIGH,Abnormal vibration observed during routine monitoring.,2026-06-10,2026-06-17,2026-06-27,COMPLETED,E-142,7.3,3.2
WO-01330,A-012,CALIBRATION,MEDIUM,Temperature trend exceeded expected operating band.,2026-05-17,2026-05-31,,OPEN,E-024,11.9,
WO-01331,A-074,INSPECTION,MEDIUM,Intermittent noise reported by field team.,2025-09-25,2025-10-09,2025-10-04,COMPLETED,E-088,15.3,2.2
WO-01332,A-014,INSPECTION,MEDIUM,Instrument reading requires calibration verification.,2026-03-25,2026-04-08,2026-04-08,COMPLETED,E-006,15.4,7.6
WO-01333,A-067,CALIBRATION,LOW,Abnormal vibration observed during routine monitoring.,2026-06-30,2026-07-30,2026-07-31,COMPLETED,E-209,9.0,3.7
WO-01334,A-051,PREVENTIVE,LOW,Preventive maintenance interval reached.,2026-06-10,2026-07-10,,OPEN,E-144,15.4,
WO-01335,A-032,CALIBRATION,MEDIUM,Temperature trend exceeded expected operating band.,2025-09-04,2025-09-18,2025-09-14,COMPLETED,E-086,11.1,5.1
WO-01336,A-116,CALIBRATION,MEDIUM,Instrument reading requires calibration verification.,2026-03-08,2026-03-22,,IN_PROGRESS,E-238,3.1,
WO-01337,A-045,CORRECTIVE,MEDIUM,Temperature trend exceeded expected operating band.,2026-05-08,2026-05-22,2026-05-26,COMPLETED,E-063,5.0,8.0
WO-01338,A-059,CORRECTIVE,MEDIUM,Temperature trend exceeded expected operating band.,2026-01-09,2026-01-23,2026-01-23,COMPLETED,E-092,5.3,14.5
WO-01339,A-004,CALIBRATION,MEDIUM,Minor leakage indication requires inspection.,2025-12-21,2026-01-04,2026-01-09,COMPLETED,E-101,1.2,10.5
WO-01340,A-034,CALIBRATION,MEDIUM,Intermittent noise reported by field team.,2026-08-18,2026-09-01,2026-09-11,COMPLETED,E-099,13.0,16.8
WO-01341,A-085,CORRECTIVE,MEDIUM,Intermittent noise reported by field team.,2026-08-15,2026-08-29,2026-08-27,COMPLETED,E-057,7.5,6.6
WO-01342,A-120,PREVENTIVE,MEDIUM,Abnormal vibration observed during routine monitoring.,2026-08-16,2026-08-30,,IN_PROGRESS,E-109,6.1,
WO-01343,A-013,CALIBRATION,HIGH,Instrument reading requires calibration verification.,2026-04-14,2026-04-21,2026-04-28,COMPLETED,E-022,7.4,9.6
WO-01344,A-061,PREVENTIVE,MEDIUM,Temperature trend exceeded expected operating band.,2025-12-07,2025-12-21,2025-12-26,COMPLETED,E-087,14.4,11.6
WO-01345,A-026,CORRECTIVE,MEDIUM,Minor leakage indication requires inspection.,2025-09-16,2025-09-30,2025-09-26,COMPLETED,E-054,12.7,1.4
WO-01346,A-020,PREVENTIVE,HIGH,Temperature trend exceeded expected operating band.,2025-09-27,2025-10-04,2025-10-05,COMPLETED,E-097,12.1,17.5
WO-01347,A-077,CORRECTIVE,LOW,Minor leakage indication requires inspection.,2026-03-30,2026-04-29,,IN_PROGRESS,E-087,14.4,
WO-01348,A-128,PREVENTIVE,MEDIUM,Temperature trend exceeded expected operating band.,2025-11-28,2025-12-12,2025-12-16,COMPLETED,E-239,6.3,10.8
WO-01349,A-065,CORRECTIVE,MEDIUM,Instrument reading requires calibration verification.,2026-02-17,2026-03-03,2026-03-13,COMPLETED,E-087,8.5,4.6
WO-01350,A-053,CALIBRATION,LOW,Instrument reading requires calibration verification.,2025-11-20,2025-12-20,2025-12-26,COMPLETED,E-102,6.6,12.6
WO-01351,A-082,PREVENTIVE,HIGH,Intermittent noise reported by field team.,2026-07-26,2026-08-02,,IN_PROGRESS,E-219,9.0,
WO-01352,A-091,CORRECTIVE,HIGH,Instrument reading requires calibration verification.,2026-02-17,2026-02-24,2026-02-25,COMPLETED,E-072,10.2,14.3
WO-01353,A-084,CALIBRATION,MEDIUM,Temperature trend exceeded expected operating band.,2025-11-17,2025-12-01,,IN_PROGRESS,E-132,7.2,
WO-01354,A-104,CORRECTIVE,MEDIUM,Minor leakage indication requires inspection.,2026-08-13,2026-08-27,2026-09-06,COMPLETED,E-208,12.2,11.6
WO-01355,A-071,CORRECTIVE,MEDIUM,Preventive maintenance interval reached.,2025-09-19,2025-10-03,2025-10-01,COMPLETED,E-081,7.8,9.8
WO-01356,A-007,PREVENTIVE,HIGH,Preventive maintenance interval reached.,2026-03-07,2026-03-14,2026-03-15,COMPLETED,E-178,8.3,10.5
WO-01357,A-101,PREVENTIVE,HIGH,Abnormal vibration observed during routine monitoring.,2026-02-09,2026-02-16,,OPEN,E-192,2.7,
WO-01358,A-123,CORRECTIVE,LOW,Instrument reading requires calibration verification.,2026-05-06,2026-06-05,,DEFERRED,E-136,8.9,
WO-01359,A-038,CORRECTIVE,MEDIUM,Temperature trend exceeded expected operating band.,2026-08-01,2026-08-15,2026-08-22,COMPLETED,E-109,15.1,13.5
WO-01360,A-085,PREVENTIVE,MEDIUM,Temperature trend exceeded expected operating band.,2026-01-13,2026-01-27,,DEFERRED,E-052,8.8,
WO-01361,A-060,CALIBRATION,MEDIUM,Preventive maintenance interval reached.,2026-02-02,2026-02-16,2026-02-26,COMPLETED,E-151,4.4,8.0
WO-01362,A-081,INSPECTION,MEDIUM,Preventive maintenance interval reached.,2026-03-29,2026-04-12,2026-04-17,COMPLETED,E-057,10.3,15.1
WO-01363,A-067,INSPECTION,MEDIUM,Minor leakage indication requires inspection.,2026-05-10,2026-05-24,,OPEN,E-118,11.9,
WO-01364,A-122,CORRECTIVE,MEDIUM,Temperature trend exceeded expected operating band.,2026-03-04,2026-03-18,2026-03-28,COMPLETED,E-040,11.2,9.8
WO-01365,A-018,INSPECTION,LOW,Abnormal vibration observed during routine monitoring.,2026-07-10,2026-08-09,2026-08-15,COMPLETED,E-138,15.2,14.3
WO-01366,A-091,PREVENTIVE,MEDIUM,Abnormal vibration observed during routine monitoring.,2026-03-19,2026-04-02,,OPEN,E-201,10.2,
WO-01367,A-096,INSPECTION,MEDIUM,Preventive maintenance interval reached.,2026-02-07,2026-02-21,,OPEN,E-127,14.2,
WO-01368,A-063,PREVENTIVE,MEDIUM,Abnormal vibration observed during routine monitoring.,2026-04-13,2026-04-27,2026-04-25,COMPLETED,E-220,13.9,14.2
WO-01369,A-001,INSPECTION,LOW,Preventive maintenance interval reached.,2026-07-21,2026-08-20,2026-08-28,COMPLETED,E-228,2.7,6.6
WO-01370,A-044,PREVENTIVE,LOW,Intermittent noise reported by field team.,2026-02-05,2026-03-07,2026-03-14,COMPLETED,E-153,9.0,15.5
WO-01371,A-121,PREVENTIVE,URGENT,Abnormal vibration observed during routine monitoring.,2026-03-20,2026-03-22,2026-04-01,COMPLETED,E-121,9.1,9.5
WO-01372,A-120,CALIBRATION,URGENT,Minor leakage indication requires inspection.,2026-02-18,2026-02-20,,OPEN,E-079,1.1,
WO-01373,A-051,CALIBRATION,HIGH,Intermittent noise reported by field team.,2025-11-23,2025-11-30,,IN_PROGRESS,E-232,7.9,
WO-01374,A-030,CALIBRATION,HIGH,Instrument reading requires calibration verification.,2026-07-14,2026-07-21,,IN_PROGRESS,E-177,5.2,
WO-01375,A-018,PREVENTIVE,HIGH,Intermittent noise reported by field team.,2026-04-12,2026-04-19,2026-04-26,COMPLETED,E-150,1.6,6.2
WO-01376,A-049,CORRECTIVE,HIGH,Intermittent noise reported by field team.,2025-10-23,2025-10-30,2025-10-28,COMPLETED,E-063,4.6,4.0
WO-01377,A-110,CALIBRATION,MEDIUM,Intermittent noise reported by field team.,2026-03-21,2026-04-04,2026-04-06,COMPLETED,E-035,12.6,7.3
WO-01378,A-065,INSPECTION,MEDIUM,Preventive maintenance interval reached.,2026-05-04,2026-05-18,2026-05-25,COMPLETED,E-233,15.2,4.3
WO-01379,A-098,CALIBRATION,MEDIUM,Abnormal vibration observed during routine monitoring.,2026-03-20,2026-04-03,2026-04-09,COMPLETED,E-130,15.5,5.9
WO-01380,A-082,PREVENTIVE,MEDIUM,Abnormal vibration observed during routine monitoring.,2026-06-17,2026-07-01,2026-07-05,COMPLETED,E-222,10.4,7.2
WO-01381,A-056,INSPECTION,MEDIUM,Intermittent noise reported by field team.,2026-02-07,2026-02-21,2026-02-21,COMPLETED,E-129,4.9,10.5
WO-01382,A-037,CALIBRATION,LOW,Abnormal vibration observed during routine monitoring.,2026-07-31,2026-08-30,2026-08-31,COMPLETED,E-113,12.6,9.5
WO-01383,A-055,CORRECTIVE,HIGH,Abnormal vibration observed during routine monitoring.,2026-04-30,2026-05-07,,OPEN,E-105,5.3,
WO-01384,A-007,CORRECTIVE,MEDIUM,Temperature trend exceeded expected operating band.,2025-09-29,2025-10-13,2025-10-21,COMPLETED,E-204,6.1,13.4
WO-01385,A-087,CORRECTIVE,MEDIUM,Intermittent noise reported by field team.,2026-07-10,2026-07-24,,IN_PROGRESS,E-230,14.5,
WO-01386,A-046,INSPECTION,MEDIUM,Minor leakage indication requires inspection.,2026-01-10,2026-01-24,,OPEN,E-183,7.5,
WO-01387,A-038,CALIBRATION,MEDIUM,Temperature trend exceeded expected operating band.,2026-05-08,2026-05-22,,OPEN,E-168,3.9,
WO-01388,A-026,CORRECTIVE,LOW,Temperature trend exceeded expected operating band.,2025-10-14,2025-11-13,2025-11-16,COMPLETED,E-239,15.6,14.9
WO-01389,A-017,PREVENTIVE,LOW,Preventive maintenance interval reached.,2026-04-30,2026-05-30,,OPEN,E-029,9.8,
WO-01390,A-105,PREVENTIVE,HIGH,Instrument reading requires calibration verification.,2025-12-29,2026-01-05,2025-12-31,COMPLETED,E-028,15.1,15.1
WO-01391,A-121,CALIBRATION,HIGH,Minor leakage indication requires inspection.,2026-01-28,2026-02-04,2026-02-10,COMPLETED,E-131,5.0,4.0
WO-01392,A-077,INSPECTION,MEDIUM,Abnormal vibration observed during routine monitoring.,2025-12-24,2026-01-07,2026-01-05,COMPLETED,E-149,8.1,8.1
WO-01393,A-123,CALIBRATION,LOW,Abnormal vibration observed during routine monitoring.,2026-06-11,2026-07-11,2026-07-19,COMPLETED,E-044,1.6,8.2
WO-01394,A-039,CALIBRATION,MEDIUM,Instrument reading requires calibration verification.,2026-03-20,2026-04-03,,IN_PROGRESS,E-187,11.0,
WO-01395,A-023,PREVENTIVE,MEDIUM,Abnormal vibration observed during routine monitoring.,2026-05-08,2026-05-22,2026-05-25,COMPLETED,E-093,6.5,5.9
WO-01396,A-048,PREVENTIVE,MEDIUM,Instrument reading requires calibration verification.,2025-09-10,2025-09-24,2025-09-27,COMPLETED,E-028,4.1,2.0
WO-01397,A-029,CALIBRATION,MEDIUM,Minor leakage indication requires inspection.,2026-06-23,2026-07-07,2026-07-09,COMPLETED,E-120,13.5,5.2
WO-01398,A-039,INSPECTION,HIGH,Abnormal vibration observed during routine monitoring.,2025-11-19,2025-11-26,2025-11-28,COMPLETED,E-189,14.5,5.2
WO-01399,A-087,CORRECTIVE,LOW,Instrument reading requires calibration verification.,2025-12-05,2026-01-04,2026-01-12,COMPLETED,E-161,15.1,2.8
WO-01400,A-040,CALIBRATION,MEDIUM,Instrument reading requires calibration verification.,2026-05-29,2026-06-12,2026-06-20,COMPLETED,E-057,15.2,17.4
WO-01401,A-028,INSPECTION,MEDIUM,Abnormal vibration observed during routine monitoring.,2025-12-02,2025-12-16,,IN_PROGRESS,E-129,15.7,
WO-01402,A-125,INSPECTION,HIGH,Abnormal vibration observed during routine monitoring.,2026-03-30,2026-04-06,,DEFERRED,E-076,1.1,
WO-01403,A-041,CALIBRATION,HIGH,Temperature trend exceeded expected operating band.,2025-12-01,2025-12-08,,IN_PROGRESS,E-231,15.5,
WO-01404,A-050,CORRECTIVE,MEDIUM,Preventive maintenance interval reached.,2025-10-13,2025-10-27,,IN_PROGRESS,E-220,2.8,
WO-01405,A-080,PREVENTIVE,MEDIUM,Instrument reading requires calibration verification.,2025-10-09,2025-10-23,,OPEN,E-185,11.6,
WO-01406,A-102,PREVENTIVE,LOW,Intermittent noise reported by field team.,2026-03-30,2026-04-29,2026-05-04,COMPLETED,E-088,9.3,13.3
WO-01407,A-109,INSPECTION,LOW,Abnormal vibration observed during routine monitoring.,2026-06-30,2026-07-30,2026-08-09,COMPLETED,E-124,5.9,8.7
WO-01408,A-084,INSPECTION,LOW,Minor leakage indication requires inspection.,2026-07-21,2026-08-20,2026-08-25,COMPLETED,E-231,9.5,10.4
WO-01409,A-042,CORRECTIVE,HIGH,Instrument reading requires calibration verification.,2026-05-24,2026-05-31,,OPEN,E-058,10.9,
WO-01410,A-023,PREVENTIVE,MEDIUM,Minor leakage indication requires inspection.,2026-06-18,2026-07-02,,IN_PROGRESS,E-076,13.8,
WO-01411,A-122,CALIBRATION,HIGH,Intermittent noise reported by field team.,2026-03-07,2026-03-14,2026-03-23,COMPLETED,E-161,3.7,9.5
WO-01412,A-078,CALIBRATION,HIGH,Preventive maintenance interval reached.,2026-01-07,2026-01-14,2026-01-22,COMPLETED,E-076,4.2,10.2
WO-01413,A-086,INSPECTION,MEDIUM,Minor leakage indication requires inspection.,2025-12-13,2025-12-27,,DEFERRED,E-123,2.7,
WO-01414,A-019,CORRECTIVE,MEDIUM,Preventive maintenance interval reached.,2026-02-03,2026-02-17,2026-02-18,COMPLETED,E-120,4.2,12.3
WO-01415,A-106,INSPECTION,HIGH,Temperature trend exceeded expected operating band.,2026-03-20,2026-03-27,2026-04-03,COMPLETED,E-151,5.5,10.7
WO-01416,A-042,CORRECTIVE,HIGH,Instrument reading requires calibration verification.,2026-02-19,2026-02-26,2026-02-27,COMPLETED,E-109,12.9,13.5
WO-01417,A-117,INSPECTION,HIGH,Temperature trend exceeded expected operating band.,2026-03-20,2026-03-27,,OPEN,E-088,9.2,
WO-01418,A-024,CALIBRATION,HIGH,Intermittent noise reported by field team.,2026-03-05,2026-03-12,,OPEN,E-162,13.5,
WO-01419,A-119,CALIBRATION,MEDIUM,Abnormal vibration observed during routine monitoring.,2025-11-18,2025-12-02,2025-12-10,COMPLETED,E-086,5.5,16.5
WO-01420,A-087,PREVENTIVE,HIGH,Intermittent noise reported by field team.,2025-10-04,2025-10-11,2025-10-19,COMPLETED,E-075,3.4,3.6
WO-01421,A-072,CORRECTIVE,LOW,Instrument reading requires calibration verification.,2025-10-16,2025-11-15,2025-11-19,COMPLETED,E-032,7.3,17.3
WO-01422,A-028,CALIBRATION,MEDIUM,Temperature trend exceeded expected operating band.,2026-08-11,2026-08-25,,OPEN,E-189,1.6,
WO-01423,A-001,CORRECTIVE,MEDIUM,Abnormal vibration observed during routine monitoring.,2025-12-15,2025-12-29,,OPEN,E-151,10.1,
WO-01424,A-015,INSPECTION,HIGH,Temperature trend exceeded expected operating band.,2026-05-20,2026-05-27,2026-05-31,COMPLETED,E-126,9.2,15.2
WO-01425,A-073,CALIBRATION,MEDIUM,Minor leakage indication requires inspection.,2026-03-25,2026-04-08,,OPEN,E-214,14.0,
WO-01426,A-108,CORRECTIVE,MEDIUM,Abnormal vibration observed during routine monitoring.,2026-08-08,2026-08-22,2026-08-20,COMPLETED,E-126,2.2,14.4
WO-01427,A-092,INSPECTION,MEDIUM,Instrument reading requires calibration verification.,2025-12-13,2025-12-27,2025-12-22,COMPLETED,E-030,6.8,2.4
WO-01428,A-077,CALIBRATION,URGENT,Instrument reading requires calibration verification.,2026-03-10,2026-03-12,2026-03-18,COMPLETED,E-025,7.4,4.1
WO-01429,A-014,CORRECTIVE,HIGH,Preventive maintenance interval reached.,2026-08-02,2026-08-09,2026-08-13,COMPLETED,E-127,5.2,7.6
WO-01430,A-007,CORRECTIVE,MEDIUM,Abnormal vibration observed during routine monitoring.,2025-09-02,2025-09-16,2025-09-11,COMPLETED,E-070,2.8,2.2
WO-01431,A-057,PREVENTIVE,MEDIUM,Intermittent noise reported by field team.,2026-04-29,2026-05-13,,OPEN,E-239,13.2,
WO-01432,A-117,PREVENTIVE,LOW,Preventive maintenance interval reached.,2026-07-18,2026-08-17,2026-08-26,COMPLETED,E-220,12.0,4.1
WO-01433,A-076,CALIBRATION,MEDIUM,Intermittent noise reported by field team.,2025-10-16,2025-10-30,2025-10-29,COMPLETED,E-029,15.1,15.7
WO-01434,A-027,CALIBRATION,HIGH,Abnormal vibration observed during routine monitoring.,2025-12-12,2025-12-19,,IN_PROGRESS,E-240,2.7,
WO-01435,A-088,CORRECTIVE,MEDIUM,Temperature trend exceeded expected operating band.,2026-01-11,2026-01-25,,OPEN,E-129,3.0,
WO-01436,A-051,INSPECTION,HIGH,Intermittent noise reported by field team.,2026-02-18,2026-02-25,2026-03-07,COMPLETED,E-075,15.0,16.9
WO-01437,A-015,CORRECTIVE,HIGH,Intermittent noise reported by field team.,2026-06-30,2026-07-07,,IN_PROGRESS,E-240,4.7,
WO-01438,A-104,INSPECTION,HIGH,Minor leakage indication requires inspection.,2026-06-29,2026-07-06,2026-07-12,COMPLETED,E-236,5.8,1.9
WO-01439,A-062,INSPECTION,LOW,Intermittent noise reported by field team.,2026-07-30,2026-08-29,,IN_PROGRESS,E-064,7.8,
WO-01440,A-118,PREVENTIVE,MEDIUM,Abnormal vibration observed during routine monitoring.,2026-04-18,2026-05-02,2026-05-07,COMPLETED,E-213,14.2,8.4
WO-01441,A-036,CORRECTIVE,MEDIUM,Temperature trend exceeded expected operating band.,2026-07-28,2026-08-11,,IN_PROGRESS,E-141,12.8,
WO-01442,A-013,PREVENTIVE,HIGH,Preventive maintenance interval reached.,2026-07-05,2026-07-12,2026-07-20,COMPLETED,E-217,3.7,5.3
WO-01443,A-068,CORRECTIVE,URGENT,Minor leakage indication requires inspection.,2025-09-26,2025-09-28,,IN_PROGRESS,E-067,6.6,
WO-01444,A-039,PREVENTIVE,MEDIUM,Intermittent noise reported by field team.,2026-05-02,2026-05-16,2026-05-23,COMPLETED,E-129,15.0,7.6
WO-01445,A-084,CALIBRATION,LOW,Minor leakage indication requires inspection.,2025-11-05,2025-12-05,2025-12-08,COMPLETED,E-088,2.9,15.2
WO-01446,A-124,CORRECTIVE,MEDIUM,Instrument reading requires calibration verification.,2025-10-09,2025-10-23,2025-10-25,COMPLETED,E-159,15.9,4.5
WO-01447,A-097,INSPECTION,LOW,Preventive maintenance interval reached.,2026-02-06,2026-03-08,2026-03-09,COMPLETED,E-083,7.1,14.2
WO-01448,A-109,PREVENTIVE,MEDIUM,Preventive maintenance interval reached.,2026-07-11,2026-07-25,,DEFERRED,E-035,14.9,
WO-01449,A-118,PREVENTIVE,MEDIUM,Preventive maintenance interval reached.,2025-12-31,2026-01-14,,OPEN,E-192,7.5,
WO-01450,A-082,INSPECTION,MEDIUM,Temperature trend exceeded expected operating band.,2026-08-22,2026-09-05,2026-08-31,COMPLETED,E-211,15.9,17.0
WO-01451,A-061,PREVENTIVE,MEDIUM,Minor leakage indication requires inspection.,2026-05-13,2026-05-27,2026-05-28,COMPLETED,E-064,12.1,6.0
WO-01452,A-010,CORRECTIVE,HIGH,Intermittent noise reported by field team.,2026-06-04,2026-06-11,2026-06-07,COMPLETED,E-165,4.5,9.2
WO-01453,A-123,CORRECTIVE,MEDIUM,Instrument reading requires calibration verification.,2025-12-12,2025-12-26,,OPEN,E-068,14.5,
WO-01454,A-073,CORRECTIVE,MEDIUM,Temperature trend exceeded expected operating band.,2026-06-07,2026-06-21,,DEFERRED,E-072,10.2,
WO-01455,A-124,INSPECTION,MEDIUM,Intermittent noise reported by field team.,2026-06-19,2026-07-03,,OPEN,E-235,6.7,
WO-01456,A-097,PREVENTIVE,MEDIUM,Intermittent noise reported by field team.,2026-01-29,2026-02-12,,OPEN,E-226,4.3,
WO-01457,A-066,PREVENTIVE,HIGH,Preventive maintenance interval reached.,2026-02-08,2026-02-15,2026-02-25,COMPLETED,E-216,2.5,15.9
WO-01458,A-006,PREVENTIVE,MEDIUM,Minor leakage indication requires inspection.,2025-12-18,2026-01-01,2026-01-06,COMPLETED,E-075,13.5,9.6
WO-01459,A-025,CALIBRATION,URGENT,Intermittent noise reported by field team.,2026-04-27,2026-04-29,,DEFERRED,E-049,6.9,
WO-01460,A-119,PREVENTIVE,MEDIUM,Instrument reading requires calibration verification.,2026-03-05,2026-03-19,2026-03-26,COMPLETED,E-025,6.9,1.6
WO-01461,A-080,CALIBRATION,HIGH,Instrument reading requires calibration verification.,2026-04-11,2026-04-18,2026-04-28,COMPLETED,E-093,2.5,9.8
WO-01462,A-117,CALIBRATION,HIGH,Instrument reading requires calibration verification.,2026-03-12,2026-03-19,2026-03-21,COMPLETED,E-179,2.6,3.8
WO-01463,A-076,CALIBRATION,LOW,Abnormal vibration observed during routine monitoring.,2026-04-17,2026-05-17,,OPEN,E-150,2.2,
WO-01464,A-084,PREVENTIVE,HIGH,Minor leakage indication requires inspection.,2025-10-25,2025-11-01,2025-11-09,COMPLETED,E-060,10.3,15.9
WO-01465,A-102,CORRECTIVE,MEDIUM,Abnormal vibration observed during routine monitoring.,2025-12-04,2025-12-18,2025-12-15,COMPLETED,E-082,8.8,9.3
WO-01466,A-111,CORRECTIVE,MEDIUM,Intermittent noise reported by field team.,2026-01-11,2026-01-25,2026-02-03,COMPLETED,E-053,9.8,15.4
WO-01467,A-069,PREVENTIVE,MEDIUM,Preventive maintenance interval reached.,2026-05-18,2026-06-01,2026-06-04,COMPLETED,E-190,4.5,9.0
WO-01468,A-004,PREVENTIVE,MEDIUM,Abnormal vibration observed during routine monitoring.,2026-04-03,2026-04-17,,DEFERRED,E-015,12.7,
WO-01469,A-014,INSPECTION,HIGH,Temperature trend exceeded expected operating band.,2026-06-02,2026-06-09,,OPEN,E-183,4.9,
WO-01470,A-124,CALIBRATION,LOW,Intermittent noise reported by field team.,2026-02-06,2026-03-08,,IN_PROGRESS,E-097,12.6,
WO-01471,A-007,CALIBRATION,LOW,Temperature trend exceeded expected operating band.,2026-06-17,2026-07-17,2026-07-19,COMPLETED,E-197,13.4,14.0
WO-01472,A-111,CORRECTIVE,LOW,Preventive maintenance interval reached.,2025-12-05,2026-01-04,2026-01-13,COMPLETED,E-167,5.5,2.2
WO-01473,A-113,INSPECTION,HIGH,Abnormal vibration observed during routine monitoring.,2025-11-26,2025-12-03,2025-12-01,COMPLETED,E-134,5.0,11.2
WO-01474,A-054,CALIBRATION,MEDIUM,Abnormal vibration observed during routine monitoring.,2026-03-08,2026-03-22,2026-03-21,COMPLETED,E-121,11.3,15.3
WO-01475,A-061,CORRECTIVE,LOW,Minor leakage indication requires inspection.,2026-05-13,2026-06-12,2026-06-14,COMPLETED,E-083,7.9,16.2
WO-01476,A-109,CALIBRATION,MEDIUM,Instrument reading requires calibration verification.,2026-06-18,2026-07-02,2026-07-03,COMPLETED,E-177,3.1,9.6
WO-01477,A-040,CALIBRATION,LOW,Minor leakage indication requires inspection.,2026-01-12,2026-02-11,2026-02-09,COMPLETED,E-214,13.4,4.4
WO-01478,A-004,INSPECTION,LOW,Abnormal vibration observed during routine monitoring.,2026-07-28,2026-08-27,,OPEN,E-161,3.7,
WO-01479,A-081,PREVENTIVE,HIGH,Temperature trend exceeded expected operating band.,2026-08-12,2026-08-19,2026-08-19,COMPLETED,E-083,11.8,7.7
WO-01480,A-115,CORRECTIVE,HIGH,Temperature trend exceeded expected operating band.,2026-02-28,2026-03-07,,OPEN,E-113,8.1,
WO-01481,A-008,INSPECTION,HIGH,Preventive maintenance interval reached.,2025-12-15,2025-12-22,2025-12-25,COMPLETED,E-127,6.8,6.1
WO-01482,A-024,INSPECTION,MEDIUM,Temperature trend exceeded expected operating band.,2025-12-31,2026-01-14,2026-01-19,COMPLETED,E-089,2.0,11.8
WO-01483,A-119,PREVENTIVE,MEDIUM,Minor leakage indication requires inspection.,2026-01-02,2026-01-16,2026-01-24,COMPLETED,E-038,5.3,15.0
WO-01484,A-010,CORRECTIVE,URGENT,Instrument reading requires calibration verification.,2026-07-19,2026-07-21,2026-07-29,COMPLETED,E-098,2.3,15.8
WO-01485,A-062,PREVENTIVE,MEDIUM,Preventive maintenance interval reached.,2025-09-06,2025-09-20,,IN_PROGRESS,E-208,10.0,
WO-01486,A-065,INSPECTION,MEDIUM,Minor leakage indication requires inspection.,2025-10-02,2025-10-16,2025-10-13,COMPLETED,E-131,9.6,14.2
WO-01487,A-003,CORRECTIVE,MEDIUM,Intermittent noise reported by field team.,2025-12-06,2025-12-20,2025-12-20,COMPLETED,E-194,12.5,16.8
WO-01488,A-020,CALIBRATION,HIGH,Temperature trend exceeded expected operating band.,2025-11-01,2025-11-08,2025-11-18,COMPLETED,E-038,7.8,2.7
WO-01489,A-009,PREVENTIVE,HIGH,Minor leakage indication requires inspection.,2025-12-31,2026-01-07,2026-01-11,COMPLETED,E-038,12.7,6.1
WO-01490,A-093,PREVENTIVE,MEDIUM,Minor leakage indication requires inspection.,2026-03-27,2026-04-10,,IN_PROGRESS,E-186,5.4,
WO-01491,A-018,CALIBRATION,MEDIUM,Abnormal vibration observed during routine monitoring.,2026-08-24,2026-09-07,2026-09-09,COMPLETED,E-149,7.2,6.9
WO-01492,A-123,PREVENTIVE,LOW,Temperature trend exceeded expected operating band.,2026-07-23,2026-08-22,,OPEN,E-106,2.8,
WO-01493,A-062,PREVENTIVE,LOW,Minor leakage indication requires inspection.,2026-08-04,2026-09-03,2026-09-12,COMPLETED,E-136,1.2,5.1
WO-01494,A-094,CORRECTIVE,MEDIUM,Abnormal vibration observed during routine monitoring.,2025-09-15,2025-09-29,,IN_PROGRESS,E-043,6.8,
WO-01495,A-029,PREVENTIVE,MEDIUM,Preventive maintenance interval reached.,2025-10-27,2025-11-10,2025-11-12,COMPLETED,E-094,15.7,2.1
WO-01496,A-092,CALIBRATION,MEDIUM,Abnormal vibration observed during routine monitoring.,2025-10-24,2025-11-07,2025-11-10,COMPLETED,E-001,11.0,11.0
WO-01497,A-126,CALIBRATION,MEDIUM,Temperature trend exceeded expected operating band.,2025-09-09,2025-09-23,,IN_PROGRESS,E-222,5.5,
WO-01498,A-032,CALIBRATION,HIGH,Temperature trend exceeded expected operating band.,2026-04-18,2026-04-25,2026-04-29,COMPLETED,E-211,10.4,7.9
WO-01499,A-061,INSPECTION,LOW,Preventive maintenance interval reached.,2026-01-15,2026-02-14,,DEFERRED,E-203,8.8,
WO-01500,A-004,INSPECTION,MEDIUM,Intermittent noise reported by field team.,2026-01-05,2026-01-19,2026-01-22,COMPLETED,E-106,5.7,18.0
